#
# There is insufficient memory for the Java Runtime Environment to continue.
# Native memory allocation (malloc) failed to allocate 1556976 bytes. Error detail: Chunk::new
# Possible reasons:
#   The system is out of physical RAM or swap space
#   This process is running with CompressedOops enabled, and the Java Heap may be blocking the growth of the native heap
# Possible solutions:
#   Reduce memory load on the system
#   Increase physical memory or swap space
#   Check if swap backing store is full
#   Decrease Java heap size (-Xmx/-Xms)
#   Decrease number of Java threads
#   Decrease Java thread stack sizes (-Xss)
#   Set larger code cache with -XX:ReservedCodeCacheSize=
#   JVM is running with Unscaled Compressed Oops mode in which the Java heap is
#     placed in the first 4GB address space. The Java Heap base address is the
#     maximum limit for the native heap growth. Please use -XX:HeapBaseMinAddress
#     to set the Java Heap base and to place the Java Heap above 4GB virtual address.
# This output file may be truncated or incomplete.
#
#  Out of Memory Error (arena.cpp:168), pid=40236, tid=31388
#
# JRE version: OpenJDK Runtime Environment (21.0.6) (build 21.0.6+-13368085-b895.109)
# Java VM: OpenJDK 64-Bit Server VM (21.0.6+-13368085-b895.109, mixed mode, tiered, compressed oops, compressed class ptrs, g1 gc, windows-amd64)
# No core dump will be written. Minidumps are not enabled by default on client versions of Windows
#

---------------  S U M M A R Y ------------

Command Line: --add-opens=java.base/java.lang=ALL-UNNAMED --add-opens=java.base/java.lang.invoke=ALL-UNNAMED --add-opens=java.base/java.util=ALL-UNNAMED --add-opens=java.prefs/java.util.prefs=ALL-UNNAMED --add-exports=jdk.compiler/com.sun.tools.javac.api=ALL-UNNAMED --add-exports=jdk.compiler/com.sun.tools.javac.util=ALL-UNNAMED --add-opens=java.base/java.util=ALL-UNNAMED --add-opens=java.prefs/java.util.prefs=ALL-UNNAMED --add-opens=java.base/java.nio.charset=ALL-UNNAMED --add-opens=java.base/java.net=ALL-UNNAMED --add-opens=java.base/java.util.concurrent.atomic=ALL-UNNAMED --add-opens=java.xml/javax.xml.namespace=ALL-UNNAMED -Xmx2048m -Dfile.encoding=UTF-8 -Duser.country=GB -Duser.language=en -Duser.variant -javaagent:C:\Users\natas\.gradle\wrapper\dists\gradle-8.11.1-bin\bpt9gzteqjrbo1mjrsomdt32c\gradle-8.11.1\lib\agents\gradle-instrumentation-agent-8.11.1.jar org.gradle.launcher.daemon.bootstrap.GradleDaemon 8.11.1

Host: AMD Ryzen 5 5625U with Radeon Graphics         , 12 cores, 7G,  Windows 11 , 64 bit Build 26100 (10.0.26100.4202)
Time: Fri Jul  4 20:32:18 2025 E. Africa Standard Time elapsed time: 726.736410 seconds (0d 0h 12m 6s)

---------------  T H R E A D  ---------------

Current thread (0x000001f79f86b690):  JavaThread "C2 CompilerThread0" daemon [_thread_in_native, id=31388, stack(0x000000b315400000,0x000000b315500000) (1024K)]


Current CompileTask:
C2:726736 11233   !   4       com.google.common.cache.LocalCache$Segment::lockedGetOrLoad (447 bytes)

Stack: [0x000000b315400000,0x000000b315500000]
Native frames: (J=compiled Java code, j=interpreted, Vv=VM code, C=native code)
V  [jvm.dll+0x6d0639]
V  [jvm.dll+0x85eb03]
V  [jvm.dll+0x86105e]
V  [jvm.dll+0x861743]
V  [jvm.dll+0x27e6e6]
V  [jvm.dll+0xbff6d]
V  [jvm.dll+0xc04a3]
V  [jvm.dll+0x3b6171]
V  [jvm.dll+0x3820c7]
V  [jvm.dll+0x38153a]
V  [jvm.dll+0x247c82]
V  [jvm.dll+0x247251]
V  [jvm.dll+0x1c5f04]
V  [jvm.dll+0x2569ac]
V  [jvm.dll+0x254ef6]
V  [jvm.dll+0x3f0e96]
V  [jvm.dll+0x806ed8]
V  [jvm.dll+0x6cef0d]
C  [ucrtbase.dll+0x37b0]
C  [KERNEL32.DLL+0x2e8d7]
C  [ntdll.dll+0x3c34c]


---------------  P R O C E S S  ---------------

Threads class SMR info:
_java_thread_list=0x000001f7a8ead790, length=101, elements={
0x000001f787b5e8b0, 0x000001f79f883fd0, 0x000001f79f884c20, 0x000001f79f8861e0,
0x000001f79f889820, 0x000001f79f88a270, 0x000001f79f86a910, 0x000001f79f86b690,
0x000001f79f86d800, 0x000001f79f9df520, 0x000001f79fb51fa0, 0x000001f7a4f921d0,
0x000001f79fa32450, 0x000001f7a598e4c0, 0x000001f7a5546d40, 0x000001f7a53dd810,
0x000001f7a5679680, 0x000001f7a552d990, 0x000001f7a555db10, 0x000001f7a50f13b0,
0x000001f7a50f0d20, 0x000001f7a50ef970, 0x000001f7a50f2760, 0x000001f7a50f0690,
0x000001f7a50f2df0, 0x000001f7a50f1a40, 0x000001f7a5c3f0e0, 0x000001f7a5c3f770,
0x000001f7a5c3c2f0, 0x000001f7a5c3d6a0, 0x000001f7a5c3d010, 0x000001f7a5c3fe00,
0x000001f7a5c3c980, 0x000001f7a5c40b20, 0x000001f7a5c3e3c0, 0x000001f7a5c40490,
0x000001f7a5c411b0, 0x000001f7a5c3dd30, 0x000001f7a5c3ea50, 0x000001f7a5c43280,
0x000001f7a5c42bf0, 0x000001f7a5c41840, 0x000001f7a5c43910, 0x000001f7a5c41ed0,
0x000001f7a64ad6a0, 0x000001f7a64ac980, 0x000001f7a64aa8b0, 0x000001f7a64abc60,
0x000001f7a64ac2f0, 0x000001f7a64ae3c0, 0x000001f7a64aaf40, 0x000001f7a64b0490,
0x000001f7a64ad010, 0x000001f7a64b1840, 0x000001f7a64b1ed0, 0x000001f7a64b0b20,
0x000001f7a64af770, 0x000001f7a64aea50, 0x000001f7a64af0e0, 0x000001f7a64afe00,
0x000001f7a64b11b0, 0x000001f7a50f20d0, 0x000001f7a66e3050, 0x000001f7a66e1ca0,
0x000001f7a66e5120, 0x000001f7a66e2330, 0x000001f7a66e36e0, 0x000001f7a66e4400,
0x000001f7a66e4a90, 0x000001f7a66e57b0, 0x000001f7a66e5e40, 0x000001f7a66e29c0,
0x000001f7a66e6b60, 0x000001f7a66e7f10, 0x000001f7a66e92c0, 0x000001f7a66e64d0,
0x000001f7a66e71f0, 0x000001f7a66e85a0, 0x000001f7a66e8c30, 0x000001f7a66e7880,
0x000001f7a6300ab0, 0x000001f7a62ff700, 0x000001f7a62ffd90, 0x000001f7a63017d0,
0x000001f7a6301140, 0x000001f7a6301e60, 0x000001f7a63024f0, 0x000001f7a6302b80,
0x000001f7a6303210, 0x000001f7a63038a0, 0x000001f7a6300420, 0x000001f7a6303f30,
0x000001f7a63045c0, 0x000001f7a6305970, 0x000001f7a6304c50, 0x000001f7a6306690,
0x000001f7a63052e0, 0x000001f7a6306000, 0x000001f7a7f5c060, 0x000001f7a7f5ee50,
0x000001f7a7f5e7c0
}
_to_delete_list=0x000001f7a83dd2d0, length=100, elements={
0x000001f787b5e8b0, 0x000001f79f883fd0, 0x000001f79f884c20, 0x000001f79f8861e0,
0x000001f79f889820, 0x000001f79f88a270, 0x000001f79f86a910, 0x000001f79f86b690,
0x000001f79f86d800, 0x000001f79f9df520, 0x000001f79fb51fa0, 0x000001f7a4f921d0,
0x000001f79fa32450, 0x000001f7a598e4c0, 0x000001f7a5546d40, 0x000001f7a53dd810,
0x000001f7a5679680, 0x000001f7a552d990, 0x000001f7a555db10, 0x000001f7a50f13b0,
0x000001f7a50f0d20, 0x000001f7a50ef970, 0x000001f7a50f2760, 0x000001f7a50f0690,
0x000001f7a50f2df0, 0x000001f7a50f1a40, 0x000001f7a5c3f0e0, 0x000001f7a5c3f770,
0x000001f7a5c3c2f0, 0x000001f7a5c3d6a0, 0x000001f7a5c3d010, 0x000001f7a5c3fe00,
0x000001f7a5c3c980, 0x000001f7a5c40b20, 0x000001f7a5c3e3c0, 0x000001f7a5c40490,
0x000001f7a5c411b0, 0x000001f7a5c3dd30, 0x000001f7a5c3ea50, 0x000001f7a5c43280,
0x000001f7a5c42bf0, 0x000001f7a5c41840, 0x000001f7a5c43910, 0x000001f7a5c41ed0,
0x000001f7a64ad6a0, 0x000001f7a64ac980, 0x000001f7a64aa8b0, 0x000001f7a64abc60,
0x000001f7a64ac2f0, 0x000001f7a64ae3c0, 0x000001f7a64aaf40, 0x000001f7a64b0490,
0x000001f7a64ad010, 0x000001f7a64b1840, 0x000001f7a64b1ed0, 0x000001f7a64b0b20,
0x000001f7a64af770, 0x000001f7a64aea50, 0x000001f7a64af0e0, 0x000001f7a64afe00,
0x000001f7a64b11b0, 0x000001f7a50f20d0, 0x000001f7a66e3050, 0x000001f7a66e1ca0,
0x000001f7a66e5120, 0x000001f7a66e2330, 0x000001f7a66e36e0, 0x000001f7a66e4400,
0x000001f7a66e4a90, 0x000001f7a66e57b0, 0x000001f7a66e5e40, 0x000001f7a66e29c0,
0x000001f7a66e6b60, 0x000001f7a66e7f10, 0x000001f7a66e92c0, 0x000001f7a66e64d0,
0x000001f7a66e71f0, 0x000001f7a66e85a0, 0x000001f7a66e8c30, 0x000001f7a66e7880,
0x000001f7a6300ab0, 0x000001f7a62ff700, 0x000001f7a62ffd90, 0x000001f7a63017d0,
0x000001f7a6301140, 0x000001f7a6301e60, 0x000001f7a63024f0, 0x000001f7a6302b80,
0x000001f7a6303210, 0x000001f7a63038a0, 0x000001f7a6300420, 0x000001f7a6303f30,
0x000001f7a63045c0, 0x000001f7a6305970, 0x000001f7a6304c50, 0x000001f7a6306690,
0x000001f7a63052e0, 0x000001f7a6306000, 0x000001f7a7f5c060, 0x000001f7a7f5ee50
}

Java Threads: ( => current thread )
  0x000001f787b5e8b0 JavaThread "main"                              [_thread_blocked, id=21256, stack(0x000000b314600000,0x000000b314700000) (1024K)]
  0x000001f79f883fd0 JavaThread "Reference Handler"          daemon [_thread_blocked, id=34196, stack(0x000000b314e00000,0x000000b314f00000) (1024K)]
  0x000001f79f884c20 JavaThread "Finalizer"                  daemon [_thread_blocked, id=14156, stack(0x000000b314f00000,0x000000b315000000) (1024K)]
  0x000001f79f8861e0 JavaThread "Signal Dispatcher"          daemon [_thread_blocked, id=34612, stack(0x000000b315000000,0x000000b315100000) (1024K)]
  0x000001f79f889820 JavaThread "Attach Listener"            daemon [_thread_blocked, id=36704, stack(0x000000b315100000,0x000000b315200000) (1024K)]
  0x000001f79f88a270 JavaThread "Service Thread"             daemon [_thread_blocked, id=23088, stack(0x000000b315200000,0x000000b315300000) (1024K)]
  0x000001f79f86a910 JavaThread "Monitor Deflation Thread"   daemon [_thread_blocked, id=5800, stack(0x000000b315300000,0x000000b315400000) (1024K)]
=>0x000001f79f86b690 JavaThread "C2 CompilerThread0"         daemon [_thread_in_native, id=31388, stack(0x000000b315400000,0x000000b315500000) (1024K)]
  0x000001f79f86d800 JavaThread "C1 CompilerThread0"         daemon [_thread_blocked, id=11216, stack(0x000000b315500000,0x000000b315600000) (1024K)]
  0x000001f79f9df520 JavaThread "Common-Cleaner"             daemon [_thread_blocked, id=28676, stack(0x000000b315600000,0x000000b315700000) (1024K)]
  0x000001f79fb51fa0 JavaThread "Notification Thread"        daemon [_thread_blocked, id=19272, stack(0x000000b315700000,0x000000b315800000) (1024K)]
  0x000001f7a4f921d0 JavaThread "Daemon health stats"               [_thread_blocked, id=38332, stack(0x000000b315c00000,0x000000b315d00000) (1024K)]
  0x000001f79fa32450 JavaThread "Incoming local TCP Connector on port 48209"        [_thread_in_native, id=28128, stack(0x000000b315d00000,0x000000b315e00000) (1024K)]
  0x000001f7a598e4c0 JavaThread "Daemon periodic checks"            [_thread_blocked, id=34444, stack(0x000000b315e00000,0x000000b315f00000) (1024K)]
  0x000001f7a5546d40 JavaThread "Daemon"                            [_thread_blocked, id=31912, stack(0x000000b314300000,0x000000b314400000) (1024K)]
  0x000001f7a53dd810 JavaThread "Handler for socket connection from /127.0.0.1:48209 to /127.0.0.1:48217"        [_thread_in_native, id=39044, stack(0x000000b314500000,0x000000b314600000) (1024K)]
  0x000001f7a5679680 JavaThread "Cancel handler"                    [_thread_blocked, id=37984, stack(0x000000b315f00000,0x000000b316000000) (1024K)]
  0x000001f7a552d990 JavaThread "Daemon worker"                     [_thread_blocked, id=40560, stack(0x000000b316000000,0x000000b316100000) (1024K)]
  0x000001f7a555db10 JavaThread "Asynchronous log dispatcher for DefaultDaemonConnection: socket connection from /127.0.0.1:48209 to /127.0.0.1:48217"        [_thread_blocked, id=35512, stack(0x000000b316100000,0x000000b316200000) (1024K)]
  0x000001f7a50f13b0 JavaThread "Stdin handler"                     [_thread_blocked, id=22864, stack(0x000000b316200000,0x000000b316300000) (1024K)]
  0x000001f7a50f0d20 JavaThread "Daemon client event forwarder"        [_thread_blocked, id=19212, stack(0x000000b316300000,0x000000b316400000) (1024K)]
  0x000001f7a50ef970 JavaThread "Cache worker for journal cache (C:\Users\natas\.gradle\caches\journal-1)"        [_thread_blocked, id=18620, stack(0x000000b316b00000,0x000000b316c00000) (1024K)]
  0x000001f7a50f2760 JavaThread "File lock request listener"        [_thread_in_native, id=4964, stack(0x000000b316c00000,0x000000b316d00000) (1024K)]
  0x000001f7a50f0690 JavaThread "Cache worker for file hash cache (C:\Users\natas\.gradle\caches\8.11.1\fileHashes)"        [_thread_in_Java, id=38636, stack(0x000000b316e00000,0x000000b316f00000) (1024K)]
  0x000001f7a50f2df0 JavaThread "Cache worker for file content cache (C:\Users\natas\.gradle\caches\8.11.1\fileContent)"        [_thread_blocked, id=3708, stack(0x000000b314400000,0x000000b314500000) (1024K)]
  0x000001f7a50f1a40 JavaThread "Cache worker for file hash cache (C:\Users\natas\AndroidStudioProjects\MyApplication3\.gradle\8.11.1\fileHashes)"        [_thread_blocked, id=20532, stack(0x000000b316f00000,0x000000b317000000) (1024K)]
  0x000001f7a5c3f0e0 JavaThread "Cache worker for Build Output Cleanup Cache (C:\Users\natas\AndroidStudioProjects\MyApplication3\.gradle\buildOutputCleanup)"        [_thread_blocked, id=33092, stack(0x000000b317000000,0x000000b317100000) (1024K)]
  0x000001f7a5c3f770 JavaThread "File watcher server"        daemon [_thread_in_native, id=35980, stack(0x000000b317100000,0x000000b317200000) (1024K)]
  0x000001f7a5c3c2f0 JavaThread "File watcher consumer"      daemon [_thread_blocked, id=34476, stack(0x000000b317200000,0x000000b317300000) (1024K)]
  0x000001f7a5c3d6a0 JavaThread "jar transforms"                    [_thread_blocked, id=36212, stack(0x000000b317300000,0x000000b317400000) (1024K)]
  0x000001f7a5c3d010 JavaThread "jar transforms Thread 2"           [_thread_blocked, id=19992, stack(0x000000b317400000,0x000000b317500000) (1024K)]
  0x000001f7a5c3fe00 JavaThread "jar transforms Thread 3"           [_thread_blocked, id=25420, stack(0x000000b317500000,0x000000b317600000) (1024K)]
  0x000001f7a5c3c980 JavaThread "jar transforms Thread 4"           [_thread_blocked, id=36276, stack(0x000000b317600000,0x000000b317700000) (1024K)]
  0x000001f7a5c40b20 JavaThread "jar transforms Thread 5"           [_thread_blocked, id=12080, stack(0x000000b317700000,0x000000b317800000) (1024K)]
  0x000001f7a5c3e3c0 JavaThread "jar transforms Thread 6"           [_thread_blocked, id=11652, stack(0x000000b317800000,0x000000b317900000) (1024K)]
  0x000001f7a5c40490 JavaThread "jar transforms Thread 7"           [_thread_blocked, id=30944, stack(0x000000b317900000,0x000000b317a00000) (1024K)]
  0x000001f7a5c411b0 JavaThread "jar transforms Thread 8"           [_thread_blocked, id=33436, stack(0x000000b317a00000,0x000000b317b00000) (1024K)]
  0x000001f7a5c3dd30 JavaThread "jar transforms Thread 9"           [_thread_blocked, id=16280, stack(0x000000b317b00000,0x000000b317c00000) (1024K)]
  0x000001f7a5c3ea50 JavaThread "jar transforms Thread 10"          [_thread_blocked, id=40724, stack(0x000000b317c00000,0x000000b317d00000) (1024K)]
  0x000001f7a5c43280 JavaThread "jar transforms Thread 11"          [_thread_blocked, id=13456, stack(0x000000b317d00000,0x000000b317e00000) (1024K)]
  0x000001f7a5c42bf0 JavaThread "jar transforms Thread 12"          [_thread_blocked, id=15236, stack(0x000000b317e00000,0x000000b317f00000) (1024K)]
  0x000001f7a5c41840 JavaThread "Cache worker for checksums cache (C:\Users\natas\AndroidStudioProjects\MyApplication3\.gradle\8.11.1\checksums)"        [_thread_blocked, id=2208, stack(0x000000b317f00000,0x000000b318000000) (1024K)]
  0x000001f7a5c43910 JavaThread "Cache worker for cache directory md-rule (C:\Users\natas\.gradle\caches\8.11.1\md-rule)"        [_thread_blocked, id=29520, stack(0x000000b318000000,0x000000b318100000) (1024K)]
  0x000001f7a5c41ed0 JavaThread "Cache worker for cache directory md-supplier (C:\Users\natas\.gradle\caches\8.11.1\md-supplier)"        [_thread_blocked, id=30188, stack(0x000000b318100000,0x000000b318200000) (1024K)]
  0x000001f7a64ad6a0 JavaThread "Unconstrained build operations"        [_thread_blocked, id=22784, stack(0x000000b318200000,0x000000b318300000) (1024K)]
  0x000001f7a64ac980 JavaThread "Unconstrained build operations Thread 2"        [_thread_blocked, id=39084, stack(0x000000b318300000,0x000000b318400000) (1024K)]
  0x000001f7a64aa8b0 JavaThread "Unconstrained build operations Thread 3"        [_thread_blocked, id=30528, stack(0x000000b318400000,0x000000b318500000) (1024K)]
  0x000001f7a64abc60 JavaThread "Unconstrained build operations Thread 4"        [_thread_blocked, id=17476, stack(0x000000b318500000,0x000000b318600000) (1024K)]
  0x000001f7a64ac2f0 JavaThread "Unconstrained build operations Thread 5"        [_thread_blocked, id=24644, stack(0x000000b318600000,0x000000b318700000) (1024K)]
  0x000001f7a64ae3c0 JavaThread "Unconstrained build operations Thread 6"        [_thread_blocked, id=30084, stack(0x000000b318700000,0x000000b318800000) (1024K)]
  0x000001f7a64aaf40 JavaThread "Unconstrained build operations Thread 7"        [_thread_blocked, id=15960, stack(0x000000b318800000,0x000000b318900000) (1024K)]
  0x000001f7a64b0490 JavaThread "Unconstrained build operations Thread 8"        [_thread_blocked, id=38148, stack(0x000000b318900000,0x000000b318a00000) (1024K)]
  0x000001f7a64ad010 JavaThread "Unconstrained build operations Thread 9"        [_thread_blocked, id=8336, stack(0x000000b318a00000,0x000000b318b00000) (1024K)]
  0x000001f7a64b1840 JavaThread "Unconstrained build operations Thread 10"        [_thread_blocked, id=23116, stack(0x000000b318b00000,0x000000b318c00000) (1024K)]
  0x000001f7a64b1ed0 JavaThread "Unconstrained build operations Thread 11"        [_thread_blocked, id=30352, stack(0x000000b318c00000,0x000000b318d00000) (1024K)]
  0x000001f7a64b0b20 JavaThread "Unconstrained build operations Thread 12"        [_thread_blocked, id=35340, stack(0x000000b318d00000,0x000000b318e00000) (1024K)]
  0x000001f7a64af770 JavaThread "Unconstrained build operations Thread 13"        [_thread_blocked, id=6624, stack(0x000000b318e00000,0x000000b318f00000) (1024K)]
  0x000001f7a64aea50 JavaThread "Unconstrained build operations Thread 14"        [_thread_blocked, id=19244, stack(0x000000b318f00000,0x000000b319000000) (1024K)]
  0x000001f7a64af0e0 JavaThread "Unconstrained build operations Thread 15"        [_thread_blocked, id=14368, stack(0x000000b319000000,0x000000b319100000) (1024K)]
  0x000001f7a64afe00 JavaThread "Unconstrained build operations Thread 16"        [_thread_blocked, id=30180, stack(0x000000b319100000,0x000000b319200000) (1024K)]
  0x000001f7a64b11b0 JavaThread "Unconstrained build operations Thread 17"        [_thread_blocked, id=2528, stack(0x000000b319200000,0x000000b319300000) (1024K)]
  0x000001f7a50f20d0 JavaThread "Unconstrained build operations Thread 18"        [_thread_blocked, id=13452, stack(0x000000b319300000,0x000000b319400000) (1024K)]
  0x000001f7a66e3050 JavaThread "Unconstrained build operations Thread 19"        [_thread_blocked, id=28712, stack(0x000000b319400000,0x000000b319500000) (1024K)]
  0x000001f7a66e1ca0 JavaThread "Unconstrained build operations Thread 20"        [_thread_blocked, id=30508, stack(0x000000b319500000,0x000000b319600000) (1024K)]
  0x000001f7a66e5120 JavaThread "Unconstrained build operations Thread 21"        [_thread_blocked, id=32716, stack(0x000000b319600000,0x000000b319700000) (1024K)]
  0x000001f7a66e2330 JavaThread "Unconstrained build operations Thread 22"        [_thread_blocked, id=39892, stack(0x000000b319900000,0x000000b319a00000) (1024K)]
  0x000001f7a66e36e0 JavaThread "Unconstrained build operations Thread 23"        [_thread_blocked, id=14828, stack(0x000000b319a00000,0x000000b319b00000) (1024K)]
  0x000001f7a66e4400 JavaThread "Unconstrained build operations Thread 24"        [_thread_blocked, id=33408, stack(0x000000b319b00000,0x000000b319c00000) (1024K)]
  0x000001f7a66e4a90 JavaThread "Unconstrained build operations Thread 25"        [_thread_blocked, id=5208, stack(0x000000b319c00000,0x000000b319d00000) (1024K)]
  0x000001f7a66e57b0 JavaThread "Unconstrained build operations Thread 26"        [_thread_blocked, id=27392, stack(0x000000b319d00000,0x000000b319e00000) (1024K)]
  0x000001f7a66e5e40 JavaThread "Unconstrained build operations Thread 27"        [_thread_blocked, id=40052, stack(0x000000b319e00000,0x000000b319f00000) (1024K)]
  0x000001f7a66e29c0 JavaThread "Unconstrained build operations Thread 28"        [_thread_blocked, id=33160, stack(0x000000b319f00000,0x000000b31a000000) (1024K)]
  0x000001f7a66e6b60 JavaThread "Unconstrained build operations Thread 29"        [_thread_blocked, id=30328, stack(0x000000b31a000000,0x000000b31a100000) (1024K)]
  0x000001f7a66e7f10 JavaThread "Unconstrained build operations Thread 30"        [_thread_blocked, id=33720, stack(0x000000b31a100000,0x000000b31a200000) (1024K)]
  0x000001f7a66e92c0 JavaThread "Unconstrained build operations Thread 31"        [_thread_blocked, id=34904, stack(0x000000b31a200000,0x000000b31a300000) (1024K)]
  0x000001f7a66e64d0 JavaThread "Unconstrained build operations Thread 32"        [_thread_blocked, id=16528, stack(0x000000b31a300000,0x000000b31a400000) (1024K)]
  0x000001f7a66e71f0 JavaThread "Unconstrained build operations Thread 33"        [_thread_blocked, id=19944, stack(0x000000b31a400000,0x000000b31a500000) (1024K)]
  0x000001f7a66e85a0 JavaThread "Unconstrained build operations Thread 34"        [_thread_blocked, id=35524, stack(0x000000b31a500000,0x000000b31a600000) (1024K)]
  0x000001f7a66e8c30 JavaThread "Unconstrained build operations Thread 35"        [_thread_blocked, id=22600, stack(0x000000b31a600000,0x000000b31a700000) (1024K)]
  0x000001f7a66e7880 JavaThread "Unconstrained build operations Thread 36"        [_thread_blocked, id=13096, stack(0x000000b31a700000,0x000000b31a800000) (1024K)]
  0x000001f7a6300ab0 JavaThread "Unconstrained build operations Thread 37"        [_thread_blocked, id=37604, stack(0x000000b31a800000,0x000000b31a900000) (1024K)]
  0x000001f7a62ff700 JavaThread "Unconstrained build operations Thread 38"        [_thread_blocked, id=24276, stack(0x000000b31a900000,0x000000b31aa00000) (1024K)]
  0x000001f7a62ffd90 JavaThread "Unconstrained build operations Thread 39"        [_thread_blocked, id=2056, stack(0x000000b31aa00000,0x000000b31ab00000) (1024K)]
  0x000001f7a63017d0 JavaThread "Unconstrained build operations Thread 40"        [_thread_blocked, id=32944, stack(0x000000b31ab00000,0x000000b31ac00000) (1024K)]
  0x000001f7a6301140 JavaThread "Unconstrained build operations Thread 41"        [_thread_blocked, id=4316, stack(0x000000b31ac00000,0x000000b31ad00000) (1024K)]
  0x000001f7a6301e60 JavaThread "Unconstrained build operations Thread 42"        [_thread_blocked, id=38452, stack(0x000000b31ad00000,0x000000b31ae00000) (1024K)]
  0x000001f7a63024f0 JavaThread "Unconstrained build operations Thread 43"        [_thread_blocked, id=38900, stack(0x000000b31ae00000,0x000000b31af00000) (1024K)]
  0x000001f7a6302b80 JavaThread "Unconstrained build operations Thread 44"        [_thread_blocked, id=28876, stack(0x000000b31b000000,0x000000b31b100000) (1024K)]
  0x000001f7a6303210 JavaThread "Unconstrained build operations Thread 45"        [_thread_blocked, id=39284, stack(0x000000b31b100000,0x000000b31b200000) (1024K)]
  0x000001f7a63038a0 JavaThread "Unconstrained build operations Thread 46"        [_thread_blocked, id=40068, stack(0x000000b31b200000,0x000000b31b300000) (1024K)]
  0x000001f7a6300420 JavaThread "Unconstrained build operations Thread 47"        [_thread_blocked, id=36388, stack(0x000000b31b300000,0x000000b31b400000) (1024K)]
  0x000001f7a6303f30 JavaThread "Unconstrained build operations Thread 48"        [_thread_blocked, id=40640, stack(0x000000b31b400000,0x000000b31b500000) (1024K)]
  0x000001f7a63045c0 JavaThread "Unconstrained build operations Thread 49"        [_thread_blocked, id=18488, stack(0x000000b31b500000,0x000000b31b600000) (1024K)]
  0x000001f7a6305970 JavaThread "Unconstrained build operations Thread 50"        [_thread_blocked, id=14732, stack(0x000000b31b600000,0x000000b31b700000) (1024K)]
  0x000001f7a6304c50 JavaThread "Unconstrained build operations Thread 51"        [_thread_blocked, id=38424, stack(0x000000b31b700000,0x000000b31b800000) (1024K)]
  0x000001f7a6306690 JavaThread "Unconstrained build operations Thread 52"        [_thread_blocked, id=40276, stack(0x000000b31b800000,0x000000b31b900000) (1024K)]
  0x000001f7a63052e0 JavaThread "Unconstrained build operations Thread 53"        [_thread_blocked, id=34256, stack(0x000000b31b900000,0x000000b31ba00000) (1024K)]
  0x000001f7a6306000 JavaThread "Unconstrained build operations Thread 54"        [_thread_blocked, id=29784, stack(0x000000b31ba00000,0x000000b31bb00000) (1024K)]
  0x000001f7a7f5c060 JavaThread "Memory manager"                    [_thread_blocked, id=16512, stack(0x000000b316d00000,0x000000b316e00000) (1024K)]
  0x000001f7a7f5ee50 JavaThread "build event listener"              [_thread_blocked, id=39392, stack(0x000000b31af00000,0x000000b31b000000) (1024K)]
  0x000001f7a7f5e7c0 JavaThread "File lock release action executor Thread 3"        [_thread_blocked, id=35152, stack(0x000000b319700000,0x000000b319800000) (1024K)]
Total: 101

Other Threads:
  0x000001f7856d39b0 VMThread "VM Thread"                           [id=29592, stack(0x000000b314d00000,0x000000b314e00000) (1024K)]
  0x000001f79f64c020 WatcherThread "VM Periodic Task Thread"        [id=27984, stack(0x000000b314c00000,0x000000b314d00000) (1024K)]
  0x000001f7856d4830 WorkerThread "GC Thread#0"                     [id=2668, stack(0x000000b314700000,0x000000b314800000) (1024K)]
  0x000001f7856d2ed0 WorkerThread "GC Thread#1"                     [id=33184, stack(0x000000b315800000,0x000000b315900000) (1024K)]
  0x000001f7856d3d50 WorkerThread "GC Thread#2"                     [id=2876, stack(0x000000b315900000,0x000000b315a00000) (1024K)]
  0x000001f7856d3270 WorkerThread "GC Thread#3"                     [id=35568, stack(0x000000b315a00000,0x000000b315b00000) (1024K)]
  0x000001f7a4a70980 WorkerThread "GC Thread#4"                     [id=27804, stack(0x000000b315b00000,0x000000b315c00000) (1024K)]
  0x000001f7a4a70240 WorkerThread "GC Thread#5"                     [id=14220, stack(0x000000b316400000,0x000000b316500000) (1024K)]
  0x000001f7a4a6f760 WorkerThread "GC Thread#6"                     [id=25616, stack(0x000000b316500000,0x000000b316600000) (1024K)]
  0x000001f7a4a6fb00 WorkerThread "GC Thread#7"                     [id=18684, stack(0x000000b316600000,0x000000b316700000) (1024K)]
  0x000001f7a4a70d20 WorkerThread "GC Thread#8"                     [id=24524, stack(0x000000b316700000,0x000000b316800000) (1024K)]
  0x000001f7a4a710c0 WorkerThread "GC Thread#9"                     [id=21916, stack(0x000000b316800000,0x000000b316900000) (1024K)]
  0x000001f787bc7ff0 ConcurrentGCThread "G1 Main Marker"            [id=22388, stack(0x000000b314800000,0x000000b314900000) (1024K)]
  0x000001f7856d3610 WorkerThread "G1 Conc#0"                       [id=31296, stack(0x000000b314900000,0x000000b314a00000) (1024K)]
  0x000001f7a4a71460 WorkerThread "G1 Conc#1"                       [id=29160, stack(0x000000b316900000,0x000000b316a00000) (1024K)]
  0x000001f7a4a6f020 WorkerThread "G1 Conc#2"                       [id=28736, stack(0x000000b316a00000,0x000000b316b00000) (1024K)]
  0x000001f79f51a530 ConcurrentGCThread "G1 Refine#0"               [id=7700, stack(0x000000b314a00000,0x000000b314b00000) (1024K)]
  0x000001f79f51be50 ConcurrentGCThread "G1 Service"                [id=14668, stack(0x000000b314b00000,0x000000b314c00000) (1024K)]
Total: 18

Threads with active compile tasks:
C2 CompilerThread0  727050 11233   !   4       com.google.common.cache.LocalCache$Segment::lockedGetOrLoad (447 bytes)
Total: 1

VM state: not at safepoint (normal execution)

VM Mutex/Monitor currently owned by a thread: None

Heap address: 0x0000000080000000, size: 2048 MB, Compressed Oops mode: 32-bit

CDS archive(s) not mapped
Compressed class space mapped at: 0x0000000100000000-0x0000000140000000, reserved size: 1073741824
Narrow klass base: 0x0000000000000000, Narrow klass shift: 3, Narrow klass range: 0x140000000

GC Precious Log:
 CardTable entry size: 512
 Card Set container configuration: InlinePtr #cards 5 size 8 Array Of Cards #cards 12 size 40 Howl #buckets 4 coarsen threshold 1843 Howl Bitmap #cards 512 size 80 coarsen threshold 460 Card regions per heap region 1 cards per card region 2048
 CPUs: 12 total, 12 available
 Memory: 7531M
 Large Page Support: Disabled
 NUMA Support: Disabled
 Compressed Oops: Enabled (32-bit)
 Heap Region Size: 1M
 Heap Min Capacity: 8M
 Heap Initial Capacity: 118M
 Heap Max Capacity: 2G
 Pre-touch: Disabled
 Parallel Workers: 10
 Concurrent Workers: 3
 Concurrent Refinement Workers: 10
 Periodic GC: Disabled

Heap:
 garbage-first heap   total 263168K, used 144517K [0x0000000080000000, 0x0000000100000000)
  region size 1024K, 16 young (16384K), 2 survivors (2048K)
 Metaspace       used 94274K, committed 96256K, reserved 1179648K
  class space    used 12584K, committed 13568K, reserved 1048576K

Heap Regions: E=young(eden), S=young(survivor), O=old, HS=humongous(starts), HC=humongous(continues), CS=collection set, F=free, TAMS=top-at-mark-start, PB=parsable bottom
|   0|0x0000000080000000, 0x0000000080100000, 0x0000000080100000|100%| O|  |TAMS 0x0000000080000000| PB 0x0000000080000000| Untracked 
|   1|0x0000000080100000, 0x0000000080200000, 0x0000000080200000|100%|HS|  |TAMS 0x0000000080100000| PB 0x0000000080100000| Complete 
|   2|0x0000000080200000, 0x0000000080300000, 0x0000000080300000|100%|HC|  |TAMS 0x0000000080200000| PB 0x0000000080200000| Complete 
|   3|0x0000000080300000, 0x0000000080400000, 0x0000000080400000|100%|HC|  |TAMS 0x0000000080300000| PB 0x0000000080300000| Complete 
|   4|0x0000000080400000, 0x0000000080500000, 0x0000000080500000|100%| O|  |TAMS 0x0000000080400000| PB 0x0000000080400000| Untracked 
|   5|0x0000000080500000, 0x0000000080600000, 0x0000000080600000|100%| O|  |TAMS 0x0000000080500000| PB 0x0000000080500000| Untracked 
|   6|0x0000000080600000, 0x0000000080700000, 0x0000000080700000|100%|HS|  |TAMS 0x0000000080600000| PB 0x0000000080600000| Complete 
|   7|0x0000000080700000, 0x0000000080800000, 0x0000000080800000|100%| O|  |TAMS 0x0000000080700000| PB 0x0000000080700000| Untracked 
|   8|0x0000000080800000, 0x0000000080900000, 0x0000000080900000|100%| O|  |TAMS 0x0000000080800000| PB 0x0000000080800000| Untracked 
|   9|0x0000000080900000, 0x0000000080a00000, 0x0000000080a00000|100%| O|  |TAMS 0x0000000080900000| PB 0x0000000080900000| Untracked 
|  10|0x0000000080a00000, 0x0000000080b00000, 0x0000000080b00000|100%| O|  |TAMS 0x0000000080a00000| PB 0x0000000080a00000| Untracked 
|  11|0x0000000080b00000, 0x0000000080c00000, 0x0000000080c00000|100%| O|  |TAMS 0x0000000080b00000| PB 0x0000000080b00000| Untracked 
|  12|0x0000000080c00000, 0x0000000080d00000, 0x0000000080d00000|100%| O|  |TAMS 0x0000000080c00000| PB 0x0000000080c00000| Untracked 
|  13|0x0000000080d00000, 0x0000000080e00000, 0x0000000080e00000|100%| O|  |TAMS 0x0000000080d00000| PB 0x0000000080d00000| Untracked 
|  14|0x0000000080e00000, 0x0000000080f00000, 0x0000000080f00000|100%| O|  |TAMS 0x0000000080e00000| PB 0x0000000080e00000| Untracked 
|  15|0x0000000080f00000, 0x0000000081000000, 0x0000000081000000|100%| O|  |TAMS 0x0000000080f00000| PB 0x0000000080f00000| Untracked 
|  16|0x0000000081000000, 0x0000000081100000, 0x0000000081100000|100%| O|  |TAMS 0x0000000081000000| PB 0x0000000081000000| Untracked 
|  17|0x0000000081100000, 0x0000000081200000, 0x0000000081200000|100%|HS|  |TAMS 0x0000000081100000| PB 0x0000000081100000| Complete 
|  18|0x0000000081200000, 0x0000000081300000, 0x0000000081300000|100%|HC|  |TAMS 0x0000000081200000| PB 0x0000000081200000| Complete 
|  19|0x0000000081300000, 0x0000000081400000, 0x0000000081400000|100%|HC|  |TAMS 0x0000000081300000| PB 0x0000000081300000| Complete 
|  20|0x0000000081400000, 0x0000000081500000, 0x0000000081500000|100%|HC|  |TAMS 0x0000000081400000| PB 0x0000000081400000| Complete 
|  21|0x0000000081500000, 0x0000000081600000, 0x0000000081600000|100%|HS|  |TAMS 0x0000000081500000| PB 0x0000000081500000| Complete 
|  22|0x0000000081600000, 0x0000000081700000, 0x0000000081700000|100%|HC|  |TAMS 0x0000000081600000| PB 0x0000000081600000| Complete 
|  23|0x0000000081700000, 0x0000000081800000, 0x0000000081800000|100%|HS|  |TAMS 0x0000000081700000| PB 0x0000000081700000| Complete 
|  24|0x0000000081800000, 0x0000000081900000, 0x0000000081900000|100%| O|  |TAMS 0x0000000081800000| PB 0x0000000081800000| Untracked 
|  25|0x0000000081900000, 0x0000000081a00000, 0x0000000081a00000|100%| O|  |TAMS 0x0000000081900000| PB 0x0000000081900000| Untracked 
|  26|0x0000000081a00000, 0x0000000081b00000, 0x0000000081b00000|100%| O|  |TAMS 0x0000000081a00000| PB 0x0000000081a00000| Untracked 
|  27|0x0000000081b00000, 0x0000000081c00000, 0x0000000081c00000|100%|HS|  |TAMS 0x0000000081b00000| PB 0x0000000081b00000| Complete 
|  28|0x0000000081c00000, 0x0000000081d00000, 0x0000000081d00000|100%|HC|  |TAMS 0x0000000081c00000| PB 0x0000000081c00000| Complete 
|  29|0x0000000081d00000, 0x0000000081e00000, 0x0000000081e00000|100%|HC|  |TAMS 0x0000000081d00000| PB 0x0000000081d00000| Complete 
|  30|0x0000000081e00000, 0x0000000081f00000, 0x0000000081f00000|100%|HC|  |TAMS 0x0000000081e00000| PB 0x0000000081e00000| Complete 
|  31|0x0000000081f00000, 0x0000000082000000, 0x0000000082000000|100%|HC|  |TAMS 0x0000000081f00000| PB 0x0000000081f00000| Complete 
|  32|0x0000000082000000, 0x0000000082100000, 0x0000000082100000|100%|HC|  |TAMS 0x0000000082000000| PB 0x0000000082000000| Complete 
|  33|0x0000000082100000, 0x0000000082200000, 0x0000000082200000|100%| O|  |TAMS 0x0000000082100000| PB 0x0000000082100000| Untracked 
|  34|0x0000000082200000, 0x0000000082300000, 0x0000000082300000|100%| O|  |TAMS 0x0000000082200000| PB 0x0000000082200000| Untracked 
|  35|0x0000000082300000, 0x0000000082400000, 0x0000000082400000|100%| O|  |TAMS 0x0000000082300000| PB 0x0000000082300000| Untracked 
|  36|0x0000000082400000, 0x0000000082500000, 0x0000000082500000|100%| O|  |TAMS 0x0000000082400000| PB 0x0000000082400000| Untracked 
|  37|0x0000000082500000, 0x0000000082600000, 0x0000000082600000|100%| O|  |TAMS 0x0000000082500000| PB 0x0000000082500000| Untracked 
|  38|0x0000000082600000, 0x0000000082700000, 0x0000000082700000|100%| O|  |TAMS 0x0000000082600000| PB 0x0000000082600000| Untracked 
|  39|0x0000000082700000, 0x0000000082800000, 0x0000000082800000|100%| O|  |TAMS 0x0000000082700000| PB 0x0000000082700000| Untracked 
|  40|0x0000000082800000, 0x0000000082900000, 0x0000000082900000|100%|HS|  |TAMS 0x0000000082800000| PB 0x0000000082800000| Complete 
|  41|0x0000000082900000, 0x0000000082a00000, 0x0000000082a00000|100%|HC|  |TAMS 0x0000000082900000| PB 0x0000000082900000| Complete 
|  42|0x0000000082a00000, 0x0000000082b00000, 0x0000000082b00000|100%|HS|  |TAMS 0x0000000082a00000| PB 0x0000000082a00000| Complete 
|  43|0x0000000082b00000, 0x0000000082c00000, 0x0000000082c00000|100%|HC|  |TAMS 0x0000000082b00000| PB 0x0000000082b00000| Complete 
|  44|0x0000000082c00000, 0x0000000082d00000, 0x0000000082d00000|100%|HC|  |TAMS 0x0000000082c00000| PB 0x0000000082c00000| Complete 
|  45|0x0000000082d00000, 0x0000000082e00000, 0x0000000082e00000|100%|HC|  |TAMS 0x0000000082d00000| PB 0x0000000082d00000| Complete 
|  46|0x0000000082e00000, 0x0000000082f00000, 0x0000000082f00000|100%|HC|  |TAMS 0x0000000082e00000| PB 0x0000000082e00000| Complete 
|  47|0x0000000082f00000, 0x0000000083000000, 0x0000000083000000|100%|HC|  |TAMS 0x0000000082f00000| PB 0x0000000082f00000| Complete 
|  48|0x0000000083000000, 0x0000000083100000, 0x0000000083100000|100%| O|  |TAMS 0x0000000083000000| PB 0x0000000083000000| Untracked 
|  49|0x0000000083100000, 0x0000000083200000, 0x0000000083200000|100%| O|  |TAMS 0x0000000083100000| PB 0x0000000083100000| Untracked 
|  50|0x0000000083200000, 0x0000000083300000, 0x0000000083300000|100%|HS|  |TAMS 0x0000000083200000| PB 0x0000000083200000| Complete 
|  51|0x0000000083300000, 0x0000000083400000, 0x0000000083400000|100%|HC|  |TAMS 0x0000000083300000| PB 0x0000000083300000| Complete 
|  52|0x0000000083400000, 0x0000000083500000, 0x0000000083500000|100%|HC|  |TAMS 0x0000000083400000| PB 0x0000000083400000| Complete 
|  53|0x0000000083500000, 0x0000000083600000, 0x0000000083600000|100%|HC|  |TAMS 0x0000000083500000| PB 0x0000000083500000| Complete 
|  54|0x0000000083600000, 0x0000000083700000, 0x0000000083700000|100%|HC|  |TAMS 0x0000000083600000| PB 0x0000000083600000| Complete 
|  55|0x0000000083700000, 0x0000000083800000, 0x0000000083800000|100%|HC|  |TAMS 0x0000000083700000| PB 0x0000000083700000| Complete 
|  56|0x0000000083800000, 0x0000000083900000, 0x0000000083900000|100%|HS|  |TAMS 0x0000000083800000| PB 0x0000000083800000| Complete 
|  57|0x0000000083900000, 0x0000000083a00000, 0x0000000083a00000|100%| O|  |TAMS 0x0000000083900000| PB 0x0000000083900000| Untracked 
|  58|0x0000000083a00000, 0x0000000083b00000, 0x0000000083b00000|100%| O|  |TAMS 0x0000000083a00000| PB 0x0000000083a00000| Untracked 
|  59|0x0000000083b00000, 0x0000000083c00000, 0x0000000083c00000|100%| O|  |TAMS 0x0000000083b00000| PB 0x0000000083b00000| Untracked 
|  60|0x0000000083c00000, 0x0000000083d00000, 0x0000000083d00000|100%| O|  |TAMS 0x0000000083c00000| PB 0x0000000083c00000| Untracked 
|  61|0x0000000083d00000, 0x0000000083e00000, 0x0000000083e00000|100%| O|  |TAMS 0x0000000083d00000| PB 0x0000000083d00000| Untracked 
|  62|0x0000000083e00000, 0x0000000083f00000, 0x0000000083f00000|100%| O|  |TAMS 0x0000000083e00000| PB 0x0000000083e00000| Untracked 
|  63|0x0000000083f00000, 0x0000000084000000, 0x0000000084000000|100%| O|  |TAMS 0x0000000083f00000| PB 0x0000000083f00000| Untracked 
|  64|0x0000000084000000, 0x0000000084100000, 0x0000000084100000|100%| O|  |TAMS 0x0000000084000000| PB 0x0000000084000000| Untracked 
|  65|0x0000000084100000, 0x0000000084200000, 0x0000000084200000|100%| O|  |TAMS 0x0000000084100000| PB 0x0000000084100000| Untracked 
|  66|0x0000000084200000, 0x0000000084300000, 0x0000000084300000|100%| O|  |TAMS 0x0000000084200000| PB 0x0000000084200000| Untracked 
|  67|0x0000000084300000, 0x0000000084400000, 0x0000000084400000|100%|HS|  |TAMS 0x0000000084300000| PB 0x0000000084300000| Complete 
|  68|0x0000000084400000, 0x0000000084500000, 0x0000000084500000|100%| O|  |TAMS 0x0000000084400000| PB 0x0000000084400000| Untracked 
|  69|0x0000000084500000, 0x0000000084600000, 0x0000000084600000|100%| O|  |TAMS 0x0000000084500000| PB 0x0000000084500000| Untracked 
|  70|0x0000000084600000, 0x0000000084700000, 0x0000000084700000|100%|HS|  |TAMS 0x0000000084600000| PB 0x0000000084600000| Complete 
|  71|0x0000000084700000, 0x0000000084800000, 0x0000000084800000|100%| O|  |TAMS 0x0000000084700000| PB 0x0000000084700000| Untracked 
|  72|0x0000000084800000, 0x0000000084900000, 0x0000000084900000|100%| O|  |TAMS 0x0000000084800000| PB 0x0000000084800000| Untracked 
|  73|0x0000000084900000, 0x0000000084a00000, 0x0000000084a00000|100%| O|  |TAMS 0x0000000084900000| PB 0x0000000084900000| Untracked 
|  74|0x0000000084a00000, 0x0000000084b00000, 0x0000000084b00000|100%| O|  |TAMS 0x0000000084a00000| PB 0x0000000084a00000| Untracked 
|  75|0x0000000084b00000, 0x0000000084c00000, 0x0000000084c00000|100%|HS|  |TAMS 0x0000000084b00000| PB 0x0000000084b00000| Complete 
|  76|0x0000000084c00000, 0x0000000084d00000, 0x0000000084d00000|100%|HS|  |TAMS 0x0000000084c00000| PB 0x0000000084c00000| Complete 
|  77|0x0000000084d00000, 0x0000000084e00000, 0x0000000084e00000|100%| O|  |TAMS 0x0000000084d00000| PB 0x0000000084d00000| Untracked 
|  78|0x0000000084e00000, 0x0000000084f00000, 0x0000000084f00000|100%|HS|  |TAMS 0x0000000084e00000| PB 0x0000000084e00000| Complete 
|  79|0x0000000084f00000, 0x0000000085000000, 0x0000000085000000|100%|HC|  |TAMS 0x0000000084f00000| PB 0x0000000084f00000| Complete 
|  80|0x0000000085000000, 0x0000000085100000, 0x0000000085100000|100%|HS|  |TAMS 0x0000000085000000| PB 0x0000000085000000| Complete 
|  81|0x0000000085100000, 0x0000000085200000, 0x0000000085200000|100%|HC|  |TAMS 0x0000000085100000| PB 0x0000000085100000| Complete 
|  82|0x0000000085200000, 0x0000000085300000, 0x0000000085300000|100%|HS|  |TAMS 0x0000000085200000| PB 0x0000000085200000| Complete 
|  83|0x0000000085300000, 0x0000000085400000, 0x0000000085400000|100%|HS|  |TAMS 0x0000000085300000| PB 0x0000000085300000| Complete 
|  84|0x0000000085400000, 0x0000000085500000, 0x0000000085500000|100%| O|  |TAMS 0x0000000085400000| PB 0x0000000085400000| Untracked 
|  85|0x0000000085500000, 0x0000000085600000, 0x0000000085600000|100%|HS|  |TAMS 0x0000000085500000| PB 0x0000000085500000| Complete 
|  86|0x0000000085600000, 0x0000000085700000, 0x0000000085700000|100%| O|  |TAMS 0x0000000085600000| PB 0x0000000085600000| Untracked 
|  87|0x0000000085700000, 0x0000000085800000, 0x0000000085800000|100%| O|  |TAMS 0x0000000085700000| PB 0x0000000085700000| Untracked 
|  88|0x0000000085800000, 0x0000000085900000, 0x0000000085900000|100%| O|  |TAMS 0x0000000085800000| PB 0x0000000085800000| Untracked 
|  89|0x0000000085900000, 0x0000000085a00000, 0x0000000085a00000|100%| O|  |TAMS 0x0000000085900000| PB 0x0000000085900000| Untracked 
|  90|0x0000000085a00000, 0x0000000085b00000, 0x0000000085b00000|100%|HS|  |TAMS 0x0000000085a00000| PB 0x0000000085a00000| Complete 
|  91|0x0000000085b00000, 0x0000000085c00000, 0x0000000085c00000|100%|HC|  |TAMS 0x0000000085b00000| PB 0x0000000085b00000| Complete 
|  92|0x0000000085c00000, 0x0000000085d00000, 0x0000000085d00000|100%|HC|  |TAMS 0x0000000085c00000| PB 0x0000000085c00000| Complete 
|  93|0x0000000085d00000, 0x0000000085e00000, 0x0000000085e00000|100%|HC|  |TAMS 0x0000000085d00000| PB 0x0000000085d00000| Complete 
|  94|0x0000000085e00000, 0x0000000085f00000, 0x0000000085f00000|100%| O|  |TAMS 0x0000000085e00000| PB 0x0000000085e00000| Untracked 
|  95|0x0000000085f00000, 0x0000000086000000, 0x0000000086000000|100%| O|  |TAMS 0x0000000085f00000| PB 0x0000000085f00000| Untracked 
|  96|0x0000000086000000, 0x0000000086100000, 0x0000000086100000|100%| O|  |TAMS 0x0000000086000000| PB 0x0000000086000000| Untracked 
|  97|0x0000000086100000, 0x0000000086200000, 0x0000000086200000|100%|HS|  |TAMS 0x0000000086100000| PB 0x0000000086100000| Complete 
|  98|0x0000000086200000, 0x0000000086300000, 0x0000000086300000|100%| O|  |TAMS 0x0000000086200000| PB 0x0000000086200000| Untracked 
|  99|0x0000000086300000, 0x0000000086400000, 0x0000000086400000|100%| O|  |TAMS 0x0000000086300000| PB 0x0000000086300000| Untracked 
| 100|0x0000000086400000, 0x0000000086500000, 0x0000000086500000|100%| O|  |TAMS 0x0000000086400000| PB 0x0000000086400000| Untracked 
| 101|0x0000000086500000, 0x0000000086600000, 0x0000000086600000|100%| O|  |TAMS 0x0000000086500000| PB 0x0000000086500000| Untracked 
| 102|0x0000000086600000, 0x0000000086700000, 0x0000000086700000|100%| O|  |TAMS 0x0000000086600000| PB 0x0000000086600000| Untracked 
| 103|0x0000000086700000, 0x0000000086800000, 0x0000000086800000|100%| O|  |TAMS 0x0000000086700000| PB 0x0000000086700000| Untracked 
| 104|0x0000000086800000, 0x0000000086900000, 0x0000000086900000|100%| O|  |TAMS 0x0000000086800000| PB 0x0000000086800000| Untracked 
| 105|0x0000000086900000, 0x0000000086a00000, 0x0000000086a00000|100%| O|  |TAMS 0x0000000086900000| PB 0x0000000086900000| Untracked 
| 106|0x0000000086a00000, 0x0000000086b00000, 0x0000000086b00000|100%| O|  |TAMS 0x0000000086a00000| PB 0x0000000086a00000| Untracked 
| 107|0x0000000086b00000, 0x0000000086c00000, 0x0000000086c00000|100%| O|  |TAMS 0x0000000086b00000| PB 0x0000000086b00000| Untracked 
| 108|0x0000000086c00000, 0x0000000086d00000, 0x0000000086d00000|100%| O|  |TAMS 0x0000000086c00000| PB 0x0000000086c00000| Untracked 
| 109|0x0000000086d00000, 0x0000000086e00000, 0x0000000086e00000|100%|HS|  |TAMS 0x0000000086d00000| PB 0x0000000086d00000| Complete 
| 110|0x0000000086e00000, 0x0000000086f00000, 0x0000000086f00000|100%|HC|  |TAMS 0x0000000086e00000| PB 0x0000000086e00000| Complete 
| 111|0x0000000086f00000, 0x0000000087000000, 0x0000000087000000|100%|HC|  |TAMS 0x0000000086f00000| PB 0x0000000086f00000| Complete 
| 112|0x0000000087000000, 0x0000000087100000, 0x0000000087100000|100%|HC|  |TAMS 0x0000000087000000| PB 0x0000000087000000| Complete 
| 113|0x0000000087100000, 0x0000000087200000, 0x0000000087200000|100%| O|  |TAMS 0x0000000087100000| PB 0x0000000087100000| Untracked 
| 114|0x0000000087200000, 0x0000000087300000, 0x0000000087300000|100%| O|  |TAMS 0x0000000087200000| PB 0x0000000087200000| Untracked 
| 115|0x0000000087300000, 0x0000000087400000, 0x0000000087400000|100%| O|  |TAMS 0x0000000087300000| PB 0x0000000087300000| Untracked 
| 116|0x0000000087400000, 0x0000000087500000, 0x0000000087500000|100%| O|  |TAMS 0x0000000087400000| PB 0x0000000087400000| Untracked 
| 117|0x0000000087500000, 0x0000000087600000, 0x0000000087600000|100%| O|  |TAMS 0x0000000087500000| PB 0x0000000087500000| Untracked 
| 118|0x0000000087600000, 0x0000000087700000, 0x0000000087700000|100%| O|  |TAMS 0x0000000087600000| PB 0x0000000087600000| Untracked 
| 119|0x0000000087700000, 0x0000000087721780, 0x0000000087800000| 13%| O|  |TAMS 0x0000000087700000| PB 0x0000000087700000| Untracked 
| 120|0x0000000087800000, 0x0000000087800000, 0x0000000087900000|  0%| F|  |TAMS 0x0000000087800000| PB 0x0000000087800000| Untracked 
| 121|0x0000000087900000, 0x0000000087900000, 0x0000000087a00000|  0%| F|  |TAMS 0x0000000087900000| PB 0x0000000087900000| Untracked 
| 122|0x0000000087a00000, 0x0000000087a00000, 0x0000000087b00000|  0%| F|  |TAMS 0x0000000087a00000| PB 0x0000000087a00000| Untracked 
| 123|0x0000000087b00000, 0x0000000087b00000, 0x0000000087c00000|  0%| F|  |TAMS 0x0000000087b00000| PB 0x0000000087b00000| Untracked 
| 124|0x0000000087c00000, 0x0000000087c00000, 0x0000000087d00000|  0%| F|  |TAMS 0x0000000087c00000| PB 0x0000000087c00000| Untracked 
| 125|0x0000000087d00000, 0x0000000087d00000, 0x0000000087e00000|  0%| F|  |TAMS 0x0000000087d00000| PB 0x0000000087d00000| Untracked 
| 126|0x0000000087e00000, 0x0000000087e00000, 0x0000000087f00000|  0%| F|  |TAMS 0x0000000087e00000| PB 0x0000000087e00000| Untracked 
| 127|0x0000000087f00000, 0x0000000087f00000, 0x0000000088000000|  0%| F|  |TAMS 0x0000000087f00000| PB 0x0000000087f00000| Untracked 
| 128|0x0000000088000000, 0x0000000088000000, 0x0000000088100000|  0%| F|  |TAMS 0x0000000088000000| PB 0x0000000088000000| Untracked 
| 129|0x0000000088100000, 0x0000000088100000, 0x0000000088200000|  0%| F|  |TAMS 0x0000000088100000| PB 0x0000000088100000| Untracked 
| 130|0x0000000088200000, 0x0000000088200000, 0x0000000088300000|  0%| F|  |TAMS 0x0000000088200000| PB 0x0000000088200000| Untracked 
| 131|0x0000000088300000, 0x0000000088300000, 0x0000000088400000|  0%| F|  |TAMS 0x0000000088300000| PB 0x0000000088300000| Untracked 
| 132|0x0000000088400000, 0x0000000088400000, 0x0000000088500000|  0%| F|  |TAMS 0x0000000088400000| PB 0x0000000088400000| Untracked 
| 133|0x0000000088500000, 0x0000000088500000, 0x0000000088600000|  0%| F|  |TAMS 0x0000000088500000| PB 0x0000000088500000| Untracked 
| 134|0x0000000088600000, 0x0000000088600000, 0x0000000088700000|  0%| F|  |TAMS 0x0000000088600000| PB 0x0000000088600000| Untracked 
| 135|0x0000000088700000, 0x0000000088700000, 0x0000000088800000|  0%| F|  |TAMS 0x0000000088700000| PB 0x0000000088700000| Untracked 
| 136|0x0000000088800000, 0x0000000088800000, 0x0000000088900000|  0%| F|  |TAMS 0x0000000088800000| PB 0x0000000088800000| Untracked 
| 137|0x0000000088900000, 0x0000000088900000, 0x0000000088a00000|  0%| F|  |TAMS 0x0000000088900000| PB 0x0000000088900000| Untracked 
| 138|0x0000000088a00000, 0x0000000088a00000, 0x0000000088b00000|  0%| F|  |TAMS 0x0000000088a00000| PB 0x0000000088a00000| Untracked 
| 139|0x0000000088b00000, 0x0000000088b00000, 0x0000000088c00000|  0%| F|  |TAMS 0x0000000088b00000| PB 0x0000000088b00000| Untracked 
| 140|0x0000000088c00000, 0x0000000088c00000, 0x0000000088d00000|  0%| F|  |TAMS 0x0000000088c00000| PB 0x0000000088c00000| Untracked 
| 141|0x0000000088d00000, 0x0000000088d00000, 0x0000000088e00000|  0%| F|  |TAMS 0x0000000088d00000| PB 0x0000000088d00000| Untracked 
| 142|0x0000000088e00000, 0x0000000088e00000, 0x0000000088f00000|  0%| F|  |TAMS 0x0000000088e00000| PB 0x0000000088e00000| Untracked 
| 143|0x0000000088f00000, 0x0000000088f00000, 0x0000000089000000|  0%| F|  |TAMS 0x0000000088f00000| PB 0x0000000088f00000| Untracked 
| 144|0x0000000089000000, 0x0000000089000000, 0x0000000089100000|  0%| F|  |TAMS 0x0000000089000000| PB 0x0000000089000000| Untracked 
| 145|0x0000000089100000, 0x0000000089100000, 0x0000000089200000|  0%| F|  |TAMS 0x0000000089100000| PB 0x0000000089100000| Untracked 
| 146|0x0000000089200000, 0x0000000089200000, 0x0000000089300000|  0%| F|  |TAMS 0x0000000089200000| PB 0x0000000089200000| Untracked 
| 147|0x0000000089300000, 0x0000000089300000, 0x0000000089400000|  0%| F|  |TAMS 0x0000000089300000| PB 0x0000000089300000| Untracked 
| 148|0x0000000089400000, 0x0000000089400000, 0x0000000089500000|  0%| F|  |TAMS 0x0000000089400000| PB 0x0000000089400000| Untracked 
| 149|0x0000000089500000, 0x0000000089500000, 0x0000000089600000|  0%| F|  |TAMS 0x0000000089500000| PB 0x0000000089500000| Untracked 
| 150|0x0000000089600000, 0x0000000089600000, 0x0000000089700000|  0%| F|  |TAMS 0x0000000089600000| PB 0x0000000089600000| Untracked 
| 151|0x0000000089700000, 0x0000000089700000, 0x0000000089800000|  0%| F|  |TAMS 0x0000000089700000| PB 0x0000000089700000| Untracked 
| 152|0x0000000089800000, 0x0000000089800000, 0x0000000089900000|  0%| F|  |TAMS 0x0000000089800000| PB 0x0000000089800000| Untracked 
| 153|0x0000000089900000, 0x0000000089900000, 0x0000000089a00000|  0%| F|  |TAMS 0x0000000089900000| PB 0x0000000089900000| Untracked 
| 154|0x0000000089a00000, 0x0000000089a00000, 0x0000000089b00000|  0%| F|  |TAMS 0x0000000089a00000| PB 0x0000000089a00000| Untracked 
| 155|0x0000000089b00000, 0x0000000089b00000, 0x0000000089c00000|  0%| F|  |TAMS 0x0000000089b00000| PB 0x0000000089b00000| Untracked 
| 156|0x0000000089c00000, 0x0000000089c00000, 0x0000000089d00000|  0%| F|  |TAMS 0x0000000089c00000| PB 0x0000000089c00000| Untracked 
| 157|0x0000000089d00000, 0x0000000089d00000, 0x0000000089e00000|  0%| F|  |TAMS 0x0000000089d00000| PB 0x0000000089d00000| Untracked 
| 158|0x0000000089e00000, 0x0000000089e00000, 0x0000000089f00000|  0%| F|  |TAMS 0x0000000089e00000| PB 0x0000000089e00000| Untracked 
| 159|0x0000000089f00000, 0x0000000089f00000, 0x000000008a000000|  0%| F|  |TAMS 0x0000000089f00000| PB 0x0000000089f00000| Untracked 
| 160|0x000000008a000000, 0x000000008a000000, 0x000000008a100000|  0%| F|  |TAMS 0x000000008a000000| PB 0x000000008a000000| Untracked 
| 161|0x000000008a100000, 0x000000008a100000, 0x000000008a200000|  0%| F|  |TAMS 0x000000008a100000| PB 0x000000008a100000| Untracked 
| 162|0x000000008a200000, 0x000000008a200000, 0x000000008a300000|  0%| F|  |TAMS 0x000000008a200000| PB 0x000000008a200000| Untracked 
| 163|0x000000008a300000, 0x000000008a300000, 0x000000008a400000|  0%| F|  |TAMS 0x000000008a300000| PB 0x000000008a300000| Untracked 
| 164|0x000000008a400000, 0x000000008a400000, 0x000000008a500000|  0%| F|  |TAMS 0x000000008a400000| PB 0x000000008a400000| Untracked 
| 165|0x000000008a500000, 0x000000008a500000, 0x000000008a600000|  0%| F|  |TAMS 0x000000008a500000| PB 0x000000008a500000| Untracked 
| 166|0x000000008a600000, 0x000000008a600000, 0x000000008a700000|  0%| F|  |TAMS 0x000000008a600000| PB 0x000000008a600000| Untracked 
| 167|0x000000008a700000, 0x000000008a700000, 0x000000008a800000|  0%| F|  |TAMS 0x000000008a700000| PB 0x000000008a700000| Untracked 
| 168|0x000000008a800000, 0x000000008a800000, 0x000000008a900000|  0%| F|  |TAMS 0x000000008a800000| PB 0x000000008a800000| Untracked 
| 169|0x000000008a900000, 0x000000008a900000, 0x000000008aa00000|  0%| F|  |TAMS 0x000000008a900000| PB 0x000000008a900000| Untracked 
| 170|0x000000008aa00000, 0x000000008aa00000, 0x000000008ab00000|  0%| F|  |TAMS 0x000000008aa00000| PB 0x000000008aa00000| Untracked 
| 171|0x000000008ab00000, 0x000000008ab00000, 0x000000008ac00000|  0%| F|  |TAMS 0x000000008ab00000| PB 0x000000008ab00000| Untracked 
| 172|0x000000008ac00000, 0x000000008ac00000, 0x000000008ad00000|  0%| F|  |TAMS 0x000000008ac00000| PB 0x000000008ac00000| Untracked 
| 173|0x000000008ad00000, 0x000000008ad00000, 0x000000008ae00000|  0%| F|  |TAMS 0x000000008ad00000| PB 0x000000008ad00000| Untracked 
| 174|0x000000008ae00000, 0x000000008ae00000, 0x000000008af00000|  0%| F|  |TAMS 0x000000008ae00000| PB 0x000000008ae00000| Untracked 
| 175|0x000000008af00000, 0x000000008af00000, 0x000000008b000000|  0%| F|  |TAMS 0x000000008af00000| PB 0x000000008af00000| Untracked 
| 176|0x000000008b000000, 0x000000008b000000, 0x000000008b100000|  0%| F|  |TAMS 0x000000008b000000| PB 0x000000008b000000| Untracked 
| 177|0x000000008b100000, 0x000000008b100000, 0x000000008b200000|  0%| F|  |TAMS 0x000000008b100000| PB 0x000000008b100000| Untracked 
| 178|0x000000008b200000, 0x000000008b200000, 0x000000008b300000|  0%| F|  |TAMS 0x000000008b200000| PB 0x000000008b200000| Untracked 
| 179|0x000000008b300000, 0x000000008b300000, 0x000000008b400000|  0%| F|  |TAMS 0x000000008b300000| PB 0x000000008b300000| Untracked 
| 180|0x000000008b400000, 0x000000008b400000, 0x000000008b500000|  0%| F|  |TAMS 0x000000008b400000| PB 0x000000008b400000| Untracked 
| 181|0x000000008b500000, 0x000000008b500000, 0x000000008b600000|  0%| F|  |TAMS 0x000000008b500000| PB 0x000000008b500000| Untracked 
| 182|0x000000008b600000, 0x000000008b600000, 0x000000008b700000|  0%| F|  |TAMS 0x000000008b600000| PB 0x000000008b600000| Untracked 
| 183|0x000000008b700000, 0x000000008b700000, 0x000000008b800000|  0%| F|  |TAMS 0x000000008b700000| PB 0x000000008b700000| Untracked 
| 184|0x000000008b800000, 0x000000008b800000, 0x000000008b900000|  0%| F|  |TAMS 0x000000008b800000| PB 0x000000008b800000| Untracked 
| 185|0x000000008b900000, 0x000000008b900000, 0x000000008ba00000|  0%| F|  |TAMS 0x000000008b900000| PB 0x000000008b900000| Untracked 
| 186|0x000000008ba00000, 0x000000008ba00000, 0x000000008bb00000|  0%| F|  |TAMS 0x000000008ba00000| PB 0x000000008ba00000| Untracked 
| 187|0x000000008bb00000, 0x000000008bb00000, 0x000000008bc00000|  0%| F|  |TAMS 0x000000008bb00000| PB 0x000000008bb00000| Untracked 
| 188|0x000000008bc00000, 0x000000008bc00000, 0x000000008bd00000|  0%| F|  |TAMS 0x000000008bc00000| PB 0x000000008bc00000| Untracked 
| 189|0x000000008bd00000, 0x000000008bd00000, 0x000000008be00000|  0%| F|  |TAMS 0x000000008bd00000| PB 0x000000008bd00000| Untracked 
| 190|0x000000008be00000, 0x000000008be00000, 0x000000008bf00000|  0%| F|  |TAMS 0x000000008be00000| PB 0x000000008be00000| Untracked 
| 191|0x000000008bf00000, 0x000000008bf00000, 0x000000008c000000|  0%| F|  |TAMS 0x000000008bf00000| PB 0x000000008bf00000| Untracked 
| 192|0x000000008c000000, 0x000000008c000000, 0x000000008c100000|  0%| F|  |TAMS 0x000000008c000000| PB 0x000000008c000000| Untracked 
| 193|0x000000008c100000, 0x000000008c100000, 0x000000008c200000|  0%| F|  |TAMS 0x000000008c100000| PB 0x000000008c100000| Untracked 
| 194|0x000000008c200000, 0x000000008c200000, 0x000000008c300000|  0%| F|  |TAMS 0x000000008c200000| PB 0x000000008c200000| Untracked 
| 195|0x000000008c300000, 0x000000008c300000, 0x000000008c400000|  0%| F|  |TAMS 0x000000008c300000| PB 0x000000008c300000| Untracked 
| 196|0x000000008c400000, 0x000000008c400000, 0x000000008c500000|  0%| F|  |TAMS 0x000000008c400000| PB 0x000000008c400000| Untracked 
| 197|0x000000008c500000, 0x000000008c500000, 0x000000008c600000|  0%| F|  |TAMS 0x000000008c500000| PB 0x000000008c500000| Untracked 
| 198|0x000000008c600000, 0x000000008c600000, 0x000000008c700000|  0%| F|  |TAMS 0x000000008c600000| PB 0x000000008c600000| Untracked 
| 199|0x000000008c700000, 0x000000008c700000, 0x000000008c800000|  0%| F|  |TAMS 0x000000008c700000| PB 0x000000008c700000| Untracked 
| 200|0x000000008c800000, 0x000000008c800000, 0x000000008c900000|  0%| F|  |TAMS 0x000000008c800000| PB 0x000000008c800000| Untracked 
| 201|0x000000008c900000, 0x000000008c900000, 0x000000008ca00000|  0%| F|  |TAMS 0x000000008c900000| PB 0x000000008c900000| Untracked 
| 202|0x000000008ca00000, 0x000000008ca00000, 0x000000008cb00000|  0%| F|  |TAMS 0x000000008ca00000| PB 0x000000008ca00000| Untracked 
| 203|0x000000008cb00000, 0x000000008cb00000, 0x000000008cc00000|  0%| F|  |TAMS 0x000000008cb00000| PB 0x000000008cb00000| Untracked 
| 204|0x000000008cc00000, 0x000000008cc00000, 0x000000008cd00000|  0%| F|  |TAMS 0x000000008cc00000| PB 0x000000008cc00000| Untracked 
| 205|0x000000008cd00000, 0x000000008cd00000, 0x000000008ce00000|  0%| F|  |TAMS 0x000000008cd00000| PB 0x000000008cd00000| Untracked 
| 206|0x000000008ce00000, 0x000000008ce00000, 0x000000008cf00000|  0%| F|  |TAMS 0x000000008ce00000| PB 0x000000008ce00000| Untracked 
| 207|0x000000008cf00000, 0x000000008cf00000, 0x000000008d000000|  0%| F|  |TAMS 0x000000008cf00000| PB 0x000000008cf00000| Untracked 
| 208|0x000000008d000000, 0x000000008d000000, 0x000000008d100000|  0%| F|  |TAMS 0x000000008d000000| PB 0x000000008d000000| Untracked 
| 209|0x000000008d100000, 0x000000008d100000, 0x000000008d200000|  0%| F|  |TAMS 0x000000008d100000| PB 0x000000008d100000| Untracked 
| 210|0x000000008d200000, 0x000000008d200000, 0x000000008d300000|  0%| F|  |TAMS 0x000000008d200000| PB 0x000000008d200000| Untracked 
| 211|0x000000008d300000, 0x000000008d300000, 0x000000008d400000|  0%| F|  |TAMS 0x000000008d300000| PB 0x000000008d300000| Untracked 
| 212|0x000000008d400000, 0x000000008d400000, 0x000000008d500000|  0%| F|  |TAMS 0x000000008d400000| PB 0x000000008d400000| Untracked 
| 213|0x000000008d500000, 0x000000008d500000, 0x000000008d600000|  0%| F|  |TAMS 0x000000008d500000| PB 0x000000008d500000| Untracked 
| 214|0x000000008d600000, 0x000000008d600000, 0x000000008d700000|  0%| F|  |TAMS 0x000000008d600000| PB 0x000000008d600000| Untracked 
| 215|0x000000008d700000, 0x000000008d700000, 0x000000008d800000|  0%| F|  |TAMS 0x000000008d700000| PB 0x000000008d700000| Untracked 
| 216|0x000000008d800000, 0x000000008d800000, 0x000000008d900000|  0%| F|  |TAMS 0x000000008d800000| PB 0x000000008d800000| Untracked 
| 217|0x000000008d900000, 0x000000008d900000, 0x000000008da00000|  0%| F|  |TAMS 0x000000008d900000| PB 0x000000008d900000| Untracked 
| 218|0x000000008da00000, 0x000000008da00000, 0x000000008db00000|  0%| F|  |TAMS 0x000000008da00000| PB 0x000000008da00000| Untracked 
| 219|0x000000008db00000, 0x000000008db00000, 0x000000008dc00000|  0%| F|  |TAMS 0x000000008db00000| PB 0x000000008db00000| Untracked 
| 220|0x000000008dc00000, 0x000000008dc00000, 0x000000008dd00000|  0%| F|  |TAMS 0x000000008dc00000| PB 0x000000008dc00000| Untracked 
| 221|0x000000008dd00000, 0x000000008dd00000, 0x000000008de00000|  0%| F|  |TAMS 0x000000008dd00000| PB 0x000000008dd00000| Untracked 
| 222|0x000000008de00000, 0x000000008de00000, 0x000000008df00000|  0%| F|  |TAMS 0x000000008de00000| PB 0x000000008de00000| Untracked 
| 223|0x000000008df00000, 0x000000008df00000, 0x000000008e000000|  0%| F|  |TAMS 0x000000008df00000| PB 0x000000008df00000| Untracked 
| 224|0x000000008e000000, 0x000000008e000000, 0x000000008e100000|  0%| F|  |TAMS 0x000000008e000000| PB 0x000000008e000000| Untracked 
| 225|0x000000008e100000, 0x000000008e100000, 0x000000008e200000|  0%| F|  |TAMS 0x000000008e100000| PB 0x000000008e100000| Untracked 
| 226|0x000000008e200000, 0x000000008e200000, 0x000000008e300000|  0%| F|  |TAMS 0x000000008e200000| PB 0x000000008e200000| Untracked 
| 227|0x000000008e300000, 0x000000008e300000, 0x000000008e400000|  0%| F|  |TAMS 0x000000008e300000| PB 0x000000008e300000| Untracked 
| 228|0x000000008e400000, 0x000000008e400000, 0x000000008e500000|  0%| F|  |TAMS 0x000000008e400000| PB 0x000000008e400000| Untracked 
| 229|0x000000008e500000, 0x000000008e500000, 0x000000008e600000|  0%| F|  |TAMS 0x000000008e500000| PB 0x000000008e500000| Untracked 
| 230|0x000000008e600000, 0x000000008e600000, 0x000000008e700000|  0%| F|  |TAMS 0x000000008e600000| PB 0x000000008e600000| Untracked 
| 231|0x000000008e700000, 0x000000008e700000, 0x000000008e800000|  0%| F|  |TAMS 0x000000008e700000| PB 0x000000008e700000| Untracked 
| 232|0x000000008e800000, 0x000000008e800000, 0x000000008e900000|  0%| F|  |TAMS 0x000000008e800000| PB 0x000000008e800000| Untracked 
| 233|0x000000008e900000, 0x000000008e938bb0, 0x000000008ea00000| 22%| E|  |TAMS 0x000000008e900000| PB 0x000000008e900000| Complete 
| 234|0x000000008ea00000, 0x000000008eb00000, 0x000000008eb00000|100%| E|CS|TAMS 0x000000008ea00000| PB 0x000000008ea00000| Complete 
| 235|0x000000008eb00000, 0x000000008ec00000, 0x000000008ec00000|100%| E|CS|TAMS 0x000000008eb00000| PB 0x000000008eb00000| Complete 
| 236|0x000000008ec00000, 0x000000008ed00000, 0x000000008ed00000|100%| E|CS|TAMS 0x000000008ec00000| PB 0x000000008ec00000| Complete 
| 237|0x000000008ed00000, 0x000000008ee00000, 0x000000008ee00000|100%| E|CS|TAMS 0x000000008ed00000| PB 0x000000008ed00000| Complete 
| 238|0x000000008ee00000, 0x000000008ef00000, 0x000000008ef00000|100%| S|CS|TAMS 0x000000008ee00000| PB 0x000000008ee00000| Complete 
| 239|0x000000008ef00000, 0x000000008f000000, 0x000000008f000000|100%| S|CS|TAMS 0x000000008ef00000| PB 0x000000008ef00000| Complete 
| 240|0x000000008f000000, 0x000000008f100000, 0x000000008f100000|100%| E|CS|TAMS 0x000000008f000000| PB 0x000000008f000000| Complete 
| 241|0x000000008f100000, 0x000000008f200000, 0x000000008f200000|100%| E|CS|TAMS 0x000000008f100000| PB 0x000000008f100000| Complete 
| 242|0x000000008f200000, 0x000000008f300000, 0x000000008f300000|100%| E|CS|TAMS 0x000000008f200000| PB 0x000000008f200000| Complete 
| 243|0x000000008f300000, 0x000000008f400000, 0x000000008f400000|100%| E|CS|TAMS 0x000000008f300000| PB 0x000000008f300000| Complete 
| 244|0x000000008f400000, 0x000000008f500000, 0x000000008f500000|100%| E|CS|TAMS 0x000000008f400000| PB 0x000000008f400000| Complete 
| 245|0x000000008f500000, 0x000000008f600000, 0x000000008f600000|100%| E|CS|TAMS 0x000000008f500000| PB 0x000000008f500000| Complete 
| 246|0x000000008f600000, 0x000000008f700000, 0x000000008f700000|100%| E|CS|TAMS 0x000000008f600000| PB 0x000000008f600000| Complete 
| 247|0x000000008f700000, 0x000000008f800000, 0x000000008f800000|100%| E|CS|TAMS 0x000000008f700000| PB 0x000000008f700000| Complete 
|2039|0x00000000ff700000, 0x00000000ff800000, 0x00000000ff800000|100%| E|CS|TAMS 0x00000000ff700000| PB 0x00000000ff700000| Complete 
|2040|0x00000000ff800000, 0x00000000ff900000, 0x00000000ff900000|100%| O|  |TAMS 0x00000000ff800000| PB 0x00000000ff800000| Untracked 
|2041|0x00000000ff900000, 0x00000000ffa00000, 0x00000000ffa00000|100%| E|CS|TAMS 0x00000000ff900000| PB 0x00000000ff900000| Complete 
|2042|0x00000000ffa00000, 0x00000000ffb00000, 0x00000000ffb00000|100%| O|  |TAMS 0x00000000ffa00000| PB 0x00000000ffa00000| Untracked 
|2043|0x00000000ffb00000, 0x00000000ffc00000, 0x00000000ffc00000|100%| O|  |TAMS 0x00000000ffb00000| PB 0x00000000ffb00000| Untracked 
|2044|0x00000000ffc00000, 0x00000000ffd00000, 0x00000000ffd00000|100%| O|  |TAMS 0x00000000ffc00000| PB 0x00000000ffc00000| Untracked 
|2045|0x00000000ffd00000, 0x00000000ffe00000, 0x00000000ffe00000|100%| O|  |TAMS 0x00000000ffd00000| PB 0x00000000ffd00000| Untracked 
|2046|0x00000000ffe00000, 0x00000000fff00000, 0x00000000fff00000|100%| O|  |TAMS 0x00000000ffe00000| PB 0x00000000ffe00000| Untracked 
|2047|0x00000000fff00000, 0x0000000100000000, 0x0000000100000000|100%| O|  |TAMS 0x00000000fff00000| PB 0x00000000fff00000| Untracked 

Card table byte_map: [0x000001f79a610000,0x000001f79aa10000] _byte_map_base: 0x000001f79a210000

Marking Bits: (CMBitMap*) 0x000001f787bb7710
 Bits: [0x000001f79aa10000, 0x000001f79ca10000)

Polling page: 0x000001f7859b0000

Metaspace:

Usage:
  Non-class:     79.78 MB used.
      Class:     12.29 MB used.
       Both:     92.06 MB used.

Virtual space:
  Non-class space:      128.00 MB reserved,      80.75 MB ( 63%) committed,  2 nodes.
      Class space:        1.00 GB reserved,      13.25 MB (  1%) committed,  1 nodes.
             Both:        1.12 GB reserved,      94.00 MB (  8%) committed. 

Chunk freelists:
   Non-Class:  14.94 MB
       Class:  2.56 MB
        Both:  17.50 MB

MaxMetaspaceSize: unlimited
CompressedClassSpaceSize: 1.00 GB
Initial GC threshold: 21.00 MB
Current GC threshold: 135.56 MB
CDS: off
 - commit_granule_bytes: 65536.
 - commit_granule_words: 8192.
 - virtual_space_node_default_size: 8388608.
 - enlarge_chunks_in_place: 1.
 - use_allocation_guard: 0.


Internal statistics:

num_allocs_failed_limit: 6.
num_arena_births: 3726.
num_arena_deaths: 0.
num_vsnodes_births: 3.
num_vsnodes_deaths: 0.
num_space_committed: 1504.
num_space_uncommitted: 0.
num_chunks_returned_to_freelist: 6.
num_chunks_taken_from_freelist: 7636.
num_chunk_merges: 3.
num_chunk_splits: 4955.
num_chunks_enlarged: 3133.
num_inconsistent_stats: 0.

CodeHeap 'non-profiled nmethods': size=120000Kb used=6038Kb max_used=6038Kb free=113961Kb
 bounds [0x000001f792780000, 0x000001f792d70000, 0x000001f799cb0000]
CodeHeap 'profiled nmethods': size=120000Kb used=18045Kb max_used=18045Kb free=101954Kb
 bounds [0x000001f78acb0000, 0x000001f78be50000, 0x000001f7921e0000]
CodeHeap 'non-nmethods': size=5760Kb used=2819Kb max_used=2870Kb free=2940Kb
 bounds [0x000001f7921e0000, 0x000001f7924c0000, 0x000001f792780000]
 total_blobs=10640 nmethods=9692 adapters=852
 compilation: enabled
              stopped_count=0, restarted_count=0
 full_count=0

Compilation events (20 events):
Event: 722.355 Thread 0x000001f79f86b690 11227       4       sun.nio.fs.WindowsPath$WindowsPathWithAttributes::getFileSystem (5 bytes)
Event: 722.409 Thread 0x000001f79f86b690 nmethod 11227 0x000001f792d62c90 code [0x000001f792d62e20, 0x000001f792d62eb0]
Event: 723.014 Thread 0x000001f79f86b690 11228       4       java.util.concurrent.locks.AbstractQueuedSynchronizer$Node::getAndUnsetStatus (14 bytes)
Event: 723.023 Thread 0x000001f79f86b690 nmethod 11228 0x000001f792d62f90 code [0x000001f792d63120, 0x000001f792d631f8]
Event: 723.038 Thread 0x000001f79f86b690 11229   !   4       org.gradle.cache.internal.LockOnDemandCrossProcessCacheAccess::incrementLockCount (191 bytes)
Event: 723.497 Thread 0x000001f79f86b690 nmethod 11229 0x000001f792d63290 code [0x000001f792d63500, 0x000001f792d63e38]
Event: 723.497 Thread 0x000001f79f86b690 11230   !   4       org.gradle.cache.internal.DefaultCacheCoordinator::getFileLock (97 bytes)
Event: 723.513 Thread 0x000001f79f86b690 nmethod 11230 0x000001f792d64590 code [0x000001f792d64780, 0x000001f792d64c08]
Event: 723.675 Thread 0x000001f79f86b690 11231       4       org.gradle.cache.internal.DefaultFileLockManager$DefaultFileLock::assertOpenAndIntegral (41 bytes)
Event: 723.679 Thread 0x000001f79f86b690 nmethod 11231 0x000001f792d64f90 code [0x000001f792d65120, 0x000001f792d65270]
Event: 723.728 Thread 0x000001f79f86b690 11232       4       java.math.BigInteger::longValue (32 bytes)
Event: 723.735 Thread 0x000001f79f86b690 nmethod 11232 0x000001f792d65390 code [0x000001f792d65540, 0x000001f792d657e0]
Event: 723.999 Thread 0x000001f79f86b690 11233   !   4       com.google.common.cache.LocalCache$Segment::lockedGetOrLoad (447 bytes)
Event: 725.809 Thread 0x000001f79f86d800 11236       3       org.gradle.internal.snapshot.DirectorySnapshot$$Lambda/0x0000000100677d70::apply (8 bytes)
Event: 725.816 Thread 0x000001f79f86d800 nmethod 11236 0x000001f78be4bf10 code [0x000001f78be4c0c0, 0x000001f78be4c2e0]
Event: 725.816 Thread 0x000001f79f86d800 11237       3       org.gradle.internal.snapshot.DirectorySnapshot$$Lambda/0x0000000100675000::accept (16 bytes)
Event: 725.820 Thread 0x000001f79f86d800 nmethod 11237 0x000001f78be4c410 code [0x000001f78be4c5e0, 0x000001f78be4c918]
Event: 725.820 Thread 0x000001f79f86d800 11238       3       org.gradle.internal.snapshot.DirectorySnapshot::lambda$accept$5 (10 bytes)
Event: 725.821 Thread 0x000001f79f86d800 nmethod 11238 0x000001f78be4ca10 code [0x000001f78be4cbc0, 0x000001f78be4cd80]
Event: 726.538 Thread 0x000001f79f86d800 11240       3       org.gradle.internal.snapshot.RelativePathTracker::toRelativePath (163 bytes)

GC Heap History (20 events):
Event: 576.395 GC heap before
{Heap before GC invocations=41 (full 0):
 garbage-first heap   total 263168K, used 129246K [0x0000000080000000, 0x0000000100000000)
  region size 1024K, 12 young (12288K), 1 survivors (1024K)
 Metaspace       used 86251K, committed 88192K, reserved 1179648K
  class space    used 11555K, committed 12544K, reserved 1048576K
}
Event: 576.453 GC heap after
{Heap after GC invocations=42 (full 0):
 garbage-first heap   total 263168K, used 118653K [0x0000000080000000, 0x0000000100000000)
  region size 1024K, 2 young (2048K), 2 survivors (2048K)
 Metaspace       used 86251K, committed 88192K, reserved 1179648K
  class space    used 11555K, committed 12544K, reserved 1048576K
}
Event: 596.869 GC heap before
{Heap before GC invocations=42 (full 0):
 garbage-first heap   total 263168K, used 134013K [0x0000000080000000, 0x0000000100000000)
  region size 1024K, 18 young (18432K), 2 survivors (2048K)
 Metaspace       used 87459K, committed 89408K, reserved 1179648K
  class space    used 11697K, committed 12672K, reserved 1048576K
}
Event: 597.012 GC heap after
{Heap after GC invocations=43 (full 0):
 garbage-first heap   total 263168K, used 119313K [0x0000000080000000, 0x0000000100000000)
  region size 1024K, 3 young (3072K), 3 survivors (3072K)
 Metaspace       used 87459K, committed 89408K, reserved 1179648K
  class space    used 11697K, committed 12672K, reserved 1048576K
}
Event: 644.647 GC heap before
{Heap before GC invocations=43 (full 0):
 garbage-first heap   total 263168K, used 138769K [0x0000000080000000, 0x0000000100000000)
  region size 1024K, 22 young (22528K), 3 survivors (3072K)
 Metaspace       used 89776K, committed 91776K, reserved 1179648K
  class space    used 12010K, committed 12992K, reserved 1048576K
}
Event: 645.524 GC heap after
{Heap after GC invocations=44 (full 0):
 garbage-first heap   total 263168K, used 120293K [0x0000000080000000, 0x0000000100000000)
  region size 1024K, 3 young (3072K), 3 survivors (3072K)
 Metaspace       used 89776K, committed 91776K, reserved 1179648K
  class space    used 12010K, committed 12992K, reserved 1048576K
}
Event: 662.753 GC heap before
{Heap before GC invocations=44 (full 0):
 garbage-first heap   total 263168K, used 133605K [0x0000000080000000, 0x0000000100000000)
  region size 1024K, 12 young (12288K), 3 survivors (3072K)
 Metaspace       used 90524K, committed 92544K, reserved 1179648K
  class space    used 12109K, committed 13120K, reserved 1048576K
}
Event: 662.860 GC heap after
{Heap after GC invocations=45 (full 0):
 garbage-first heap   total 263168K, used 125531K [0x0000000080000000, 0x0000000100000000)
  region size 1024K, 2 young (2048K), 2 survivors (2048K)
 Metaspace       used 90524K, committed 92544K, reserved 1179648K
  class space    used 12109K, committed 13120K, reserved 1048576K
}
Event: 674.000 GC heap before
{Heap before GC invocations=45 (full 0):
 garbage-first heap   total 263168K, used 134747K [0x0000000080000000, 0x0000000100000000)
  region size 1024K, 12 young (12288K), 2 survivors (2048K)
 Metaspace       used 91564K, committed 93632K, reserved 1179648K
  class space    used 12226K, committed 13248K, reserved 1048576K
}
Event: 674.199 GC heap after
{Heap after GC invocations=46 (full 0):
 garbage-first heap   total 263168K, used 125894K [0x0000000080000000, 0x0000000100000000)
  region size 1024K, 2 young (2048K), 2 survivors (2048K)
 Metaspace       used 91564K, committed 93632K, reserved 1179648K
  class space    used 12226K, committed 13248K, reserved 1048576K
}
Event: 684.538 GC heap before
{Heap before GC invocations=46 (full 0):
 garbage-first heap   total 263168K, used 136134K [0x0000000080000000, 0x0000000100000000)
  region size 1024K, 12 young (12288K), 2 survivors (2048K)
 Metaspace       used 92391K, committed 94400K, reserved 1179648K
  class space    used 12335K, committed 13312K, reserved 1048576K
}
Event: 684.837 GC heap after
{Heap after GC invocations=47 (full 0):
 garbage-first heap   total 263168K, used 126950K [0x0000000080000000, 0x0000000100000000)
  region size 1024K, 2 young (2048K), 2 survivors (2048K)
 Metaspace       used 92391K, committed 94400K, reserved 1179648K
  class space    used 12335K, committed 13312K, reserved 1048576K
}
Event: 691.760 GC heap before
{Heap before GC invocations=47 (full 0):
 garbage-first heap   total 263168K, used 137190K [0x0000000080000000, 0x0000000100000000)
  region size 1024K, 12 young (12288K), 2 survivors (2048K)
 Metaspace       used 93116K, committed 95168K, reserved 1179648K
  class space    used 12428K, committed 13440K, reserved 1048576K
}
Event: 692.344 GC heap after
{Heap after GC invocations=48 (full 0):
 garbage-first heap   total 263168K, used 127178K [0x0000000080000000, 0x0000000100000000)
  region size 1024K, 2 young (2048K), 2 survivors (2048K)
 Metaspace       used 93116K, committed 95168K, reserved 1179648K
  class space    used 12428K, committed 13440K, reserved 1048576K
}
Event: 707.122 GC heap before
{Heap before GC invocations=48 (full 0):
 garbage-first heap   total 263168K, used 137418K [0x0000000080000000, 0x0000000100000000)
  region size 1024K, 12 young (12288K), 2 survivors (2048K)
 Metaspace       used 93715K, committed 95744K, reserved 1179648K
  class space    used 12510K, committed 13504K, reserved 1048576K
}
Event: 707.179 GC heap after
{Heap after GC invocations=49 (full 0):
 garbage-first heap   total 263168K, used 127675K [0x0000000080000000, 0x0000000100000000)
  region size 1024K, 1 young (1024K), 1 survivors (1024K)
 Metaspace       used 93715K, committed 95744K, reserved 1179648K
  class space    used 12510K, committed 13504K, reserved 1048576K
}
Event: 719.268 GC heap before
{Heap before GC invocations=49 (full 0):
 garbage-first heap   total 263168K, used 138939K [0x0000000080000000, 0x0000000100000000)
  region size 1024K, 12 young (12288K), 1 survivors (1024K)
 Metaspace       used 94273K, committed 96256K, reserved 1179648K
  class space    used 12584K, committed 13568K, reserved 1048576K
}
Event: 719.377 GC heap after
{Heap after GC invocations=50 (full 0):
 garbage-first heap   total 263168K, used 128964K [0x0000000080000000, 0x0000000100000000)
  region size 1024K, 2 young (2048K), 2 survivors (2048K)
 Metaspace       used 94273K, committed 96256K, reserved 1179648K
  class space    used 12584K, committed 13568K, reserved 1048576K
}
Event: 721.379 GC heap before
{Heap before GC invocations=50 (full 0):
 garbage-first heap   total 263168K, used 139204K [0x0000000080000000, 0x0000000100000000)
  region size 1024K, 12 young (12288K), 2 survivors (2048K)
 Metaspace       used 94273K, committed 96256K, reserved 1179648K
  class space    used 12584K, committed 13568K, reserved 1048576K
}
Event: 721.414 GC heap after
{Heap after GC invocations=51 (full 0):
 garbage-first heap   total 263168K, used 131205K [0x0000000080000000, 0x0000000100000000)
  region size 1024K, 2 young (2048K), 2 survivors (2048K)
 Metaspace       used 94273K, committed 96256K, reserved 1179648K
  class space    used 12584K, committed 13568K, reserved 1048576K
}

Dll operation events (3 events):
Event: 0.099 Loaded shared library C:\Program Files\Android\Android Studio1\jbr\bin\java.dll
Event: 0.281 Loaded shared library C:\Program Files\Android\Android Studio1\jbr\bin\zip.dll
Event: 6.472 Loaded shared library C:\Program Files\Android\Android Studio1\jbr\bin\verify.dll

Deoptimization events (20 events):
Event: 690.740 Thread 0x000001f7a552d990 DEOPT PACKING pc=0x000001f78b82f963 sp=0x000000b3160f5390
Event: 690.741 Thread 0x000001f7a552d990 DEOPT UNPACKING pc=0x000001f792234e42 sp=0x000000b3160f4940 mode 0
Event: 699.834 Thread 0x000001f7a552d990 DEOPT PACKING pc=0x000001f78b77276d sp=0x000000b3160f58c0
Event: 699.834 Thread 0x000001f7a552d990 DEOPT UNPACKING pc=0x000001f792234e42 sp=0x000000b3160f4e10 mode 0
Event: 717.531 Thread 0x000001f7a552d990 Uncommon trap: trap_request=0xffffff45 fr.pc=0x000001f792d0de00 relative=0x0000000000001520
Event: 717.532 Thread 0x000001f7a552d990 Uncommon trap: reason=unstable_if action=reinterpret pc=0x000001f792d0de00 method=java.util.ComparableTimSort.sort([Ljava/lang/Object;II[Ljava/lang/Object;II)V @ 105 c2
Event: 717.532 Thread 0x000001f7a552d990 DEOPT PACKING pc=0x000001f792d0de00 sp=0x000000b3160f7790
Event: 717.532 Thread 0x000001f7a552d990 DEOPT UNPACKING pc=0x000001f7922346a2 sp=0x000000b3160f7730 mode 2
Event: 719.509 Thread 0x000001f7a552d990 Uncommon trap: trap_request=0xffffff45 fr.pc=0x000001f792aa0b28 relative=0x00000000000011c8
Event: 719.509 Thread 0x000001f7a552d990 Uncommon trap: reason=unstable_if action=reinterpret pc=0x000001f792aa0b28 method=com.google.common.collect.MapMakerInternalMap$Segment.getEntry(Ljava/lang/Object;I)Lcom/google/common/collect/MapMakerInternalMap$InternalEntry; @ 40 c2
Event: 719.509 Thread 0x000001f7a552d990 DEOPT PACKING pc=0x000001f792aa0b28 sp=0x000000b3160f62a0
Event: 719.509 Thread 0x000001f7a552d990 DEOPT UNPACKING pc=0x000001f7922346a2 sp=0x000000b3160f61a8 mode 2
Event: 719.541 Thread 0x000001f7a552d990 Uncommon trap: trap_request=0xffffff45 fr.pc=0x000001f792bbfa6c relative=0x00000000000003ec
Event: 719.541 Thread 0x000001f7a552d990 Uncommon trap: reason=unstable_if action=reinterpret pc=0x000001f792bbfa6c method=com.google.common.collect.MapMakerInternalMap$Segment.getEntry(Ljava/lang/Object;I)Lcom/google/common/collect/MapMakerInternalMap$InternalEntry; @ 40 c2
Event: 719.541 Thread 0x000001f7a552d990 DEOPT PACKING pc=0x000001f792bbfa6c sp=0x000000b3160f61d0
Event: 719.541 Thread 0x000001f7a552d990 DEOPT UNPACKING pc=0x000001f7922346a2 sp=0x000000b3160f6188 mode 2
Event: 724.184 Thread 0x000001f7a552d990 Uncommon trap: trap_request=0xffffffd6 fr.pc=0x000001f792d45a84 relative=0x0000000000001824
Event: 725.086 Thread 0x000001f7a552d990 Uncommon trap: reason=array_check action=maybe_recompile pc=0x000001f792d45a84 method=java.util.TimSort.reverseRange([Ljava/lang/Object;II)V @ 20 c2
Event: 725.102 Thread 0x000001f7a552d990 DEOPT PACKING pc=0x000001f792d45a84 sp=0x000000b3160f78f0
Event: 725.104 Thread 0x000001f7a552d990 DEOPT UNPACKING pc=0x000001f7922346a2 sp=0x000000b3160f7788 mode 2

Classes loaded (20 events):
Event: 654.070 Loading class java/time/Clock
Event: 654.088 Loading class java/time/InstantSource
Event: 654.090 Loading class java/time/InstantSource done
Event: 654.090 Loading class java/time/Clock done
Event: 654.090 Loading class java/time/Clock$SystemClock
Event: 654.093 Loading class java/time/Clock$SystemClock done
Event: 654.133 Loading class java/time/format/DateTimePrintContext
Event: 654.147 Loading class java/time/format/DateTimePrintContext done
Event: 654.148 Loading class java/time/temporal/WeekFields
Event: 654.159 Loading class java/time/temporal/WeekFields done
Event: 654.161 Loading class java/time/temporal/WeekFields$ComputedDayOfField
Event: 654.184 Loading class java/time/temporal/WeekFields$ComputedDayOfField done
Event: 654.214 Loading class java/time/LocalDate$1
Event: 654.220 Loading class java/time/LocalDate$1 done
Event: 654.232 Loading class java/time/format/DateTimeFormatterBuilder$2
Event: 654.235 Loading class java/time/format/DateTimeFormatterBuilder$2 done
Event: 654.239 Loading class java/time/LocalTime$1
Event: 654.244 Loading class java/time/LocalTime$1 done
Event: 675.762 Loading class java/lang/Override
Event: 675.784 Loading class java/lang/Override done

Classes unloaded (0 events):
No events

Classes redefined (0 events):
No events

Internal exceptions (20 events):
Event: 615.748 Thread 0x000001f7a552d990 Exception <a 'java/lang/NoSuchMethodError'{0x000000008f2c7410}: static Lorg/jetbrains/kotlin/gradle/plugin/internal/DefaultConfigurationCacheStartParameterAccessorVariantFactory;.<clinit>()V> (0x000000008f2c7410) 
thrown [s\src\hotspot\share\prims\jni.cpp, line 1139]
Event: 615.768 Thread 0x000001f7a552d990 Exception <a 'java/lang/NoSuchMethodError'{0x000000008f2e87a0}: static Lorg/jetbrains/kotlin/gradle/plugin/internal/MavenPluginConfigurator$DefaultMavenPluginConfiguratorVariantFactory;.<clinit>()V> (0x000000008f2e87a0) 
thrown [s\src\hotspot\share\prims\jni.cpp, line 1139]
Event: 615.775 Thread 0x000001f7a552d990 Exception <a 'java/lang/NoSuchMethodError'{0x000000008f107e08}: static Lorg/jetbrains/kotlin/gradle/targets/js/nodejs/DefaultUnameExecutorVariantFactory;.<clinit>()V> (0x000000008f107e08) 
thrown [s\src\hotspot\share\prims\jni.cpp, line 1139]
Event: 615.783 Thread 0x000001f7a552d990 Exception <a 'java/lang/NoSuchMethodError'{0x000000008f127c88}: static Lorg/jetbrains/kotlin/gradle/plugin/internal/DefaultBasePluginConfigurationVariantFactory;.<clinit>()V> (0x000000008f127c88) 
thrown [s\src\hotspot\share\prims\jni.cpp, line 1139]
Event: 619.209 Thread 0x000001f7a552d990 Exception <a 'java/lang/IncompatibleClassChangeError'{0x000000008f1d9910}: Found class java.lang.Object, but interface was expected> (0x000000008f1d9910) 
thrown [s\src\hotspot\share\interpreter\linkResolver.cpp, line 851]
Event: 653.096 Thread 0x000001f7a552d990 Implicit null exception at 0x000001f7928bcb86 to 0x000001f7928bcc0c
Event: 653.132 Thread 0x000001f7a552d990 Implicit null exception at 0x000001f792c602fa to 0x000001f792c62ccc
Event: 706.495 Thread 0x000001f7a552d990 Exception <a 'java/lang/ClassNotFoundException'{0x000000008f02ee68}: org/jetbrains/kotlin/gradle/targets/js/npm/DefaultNpmDependencyExtensionBeanInfo> (0x000000008f02ee68) 
thrown [s\src\hotspot\share\classfile\systemDictionary.cpp, line 312]
Event: 706.507 Thread 0x000001f7a552d990 Exception <a 'java/lang/ClassNotFoundException'{0x000000008f03ffe8}: org/jetbrains/kotlin/gradle/targets/js/npm/DefaultNpmDependencyExtensionCustomizer> (0x000000008f03ffe8) 
thrown [s\src\hotspot\share\classfile\systemDictionary.cpp, line 312]
Event: 707.053 Thread 0x000001f7a552d990 Exception <a 'java/lang/ClassNotFoundException'{0x000000008f0d8360}: org/jetbrains/kotlin/gradle/targets/js/npm/NpmDependencyExtensionKt$defaultNpmDependencyDelegate$1BeanInfo> (0x000000008f0d8360) 
thrown [s\src\hotspot\share\classfile\systemDictionary.cpp, line 312]
Event: 707.095 Thread 0x000001f7a552d990 Exception <a 'java/lang/ClassNotFoundException'{0x000000008f0e9000}: org/jetbrains/kotlin/gradle/targets/js/npm/NpmDependencyExtensionDelegateBeanInfo> (0x000000008f0e9000) 
thrown [s\src\hotspot\share\classfile\systemDictionary.cpp, line 312]
Event: 707.098 Thread 0x000001f7a552d990 Exception <a 'java/lang/ClassNotFoundException'{0x000000008f0f9740}: org/jetbrains/kotlin/gradle/targets/js/npm/NpmDependencyExtensionDelegateCustomizer> (0x000000008f0f9740) 
thrown [s\src\hotspot\share\classfile\systemDictionary.cpp, line 312]
Event: 707.185 Thread 0x000001f7a552d990 Exception <a 'java/lang/ClassNotFoundException'{0x00000000ff92cf60}: org/jetbrains/kotlin/gradle/targets/js/npm/NpmDependencyExtensionKt$defaultNpmDependencyDelegate$1Customizer> (0x00000000ff92cf60) 
thrown [s\src\hotspot\share\classfile\systemDictionary.cpp, line 312]
Event: 707.791 Thread 0x000001f7a552d990 Exception <a 'java/lang/ClassNotFoundException'{0x00000000ff975c28}: org/jetbrains/kotlin/gradle/targets/js/npm/DefaultDevNpmDependencyExtensionBeanInfo> (0x00000000ff975c28) 
thrown [s\src\hotspot\share\classfile\systemDictionary.cpp, line 312]
Event: 707.798 Thread 0x000001f7a552d990 Exception <a 'java/lang/ClassNotFoundException'{0x00000000ff9860d0}: org/jetbrains/kotlin/gradle/targets/js/npm/DefaultDevNpmDependencyExtensionCustomizer> (0x00000000ff9860d0) 
thrown [s\src\hotspot\share\classfile\systemDictionary.cpp, line 312]
Event: 707.997 Thread 0x000001f7a552d990 Exception <a 'java/lang/ClassNotFoundException'{0x00000000ff9d3360}: org/jetbrains/kotlin/gradle/targets/js/npm/DefaultPeerNpmDependencyExtensionBeanInfo> (0x00000000ff9d3360) 
thrown [s\src\hotspot\share\classfile\systemDictionary.cpp, line 312]
Event: 708.001 Thread 0x000001f7a552d990 Exception <a 'java/lang/ClassNotFoundException'{0x00000000ff9e3b18}: org/jetbrains/kotlin/gradle/targets/js/npm/DefaultPeerNpmDependencyExtensionCustomizer> (0x00000000ff9e3b18) 
thrown [s\src\hotspot\share\classfile\systemDictionary.cpp, line 312]
Event: 708.055 Thread 0x000001f7a552d990 Exception <a 'java/lang/ClassNotFoundException'{0x00000000ff739fd8}: org/jetbrains/kotlin/gradle/targets/js/npm/DefaultPeerNpmDependencyExtension$delegate$1BeanInfo> (0x00000000ff739fd8) 
thrown [s\src\hotspot\share\classfile\systemDictionary.cpp, line 312]
Event: 708.084 Thread 0x000001f7a552d990 Exception <a 'java/lang/ClassNotFoundException'{0x00000000ff74a998}: org/jetbrains/kotlin/gradle/targets/js/npm/DefaultPeerNpmDependencyExtension$delegate$1Customizer> (0x00000000ff74a998) 
thrown [s\src\hotspot\share\classfile\systemDictionary.cpp, line 312]
Event: 709.618 Thread 0x000001f7a552d990 Exception <a 'java/lang/NoSuchMethodError'{0x000000008f709758}: static Lorg/jetbrains/kotlin/gradle/plugin/internal/DefaultIdeaSyncDetector$createIdeaPropertiesEvaluator$1;.<clinit>()V> (0x000000008f709758) 
thrown [s\src\hotspot\share\prims\jni.cpp, line 1139]

ZGC Phase Switch (0 events):
No events

VM Operations (20 events):
Event: 714.353 Executing VM operation: Cleanup
Event: 714.354 Executing VM operation: Cleanup done
Event: 716.376 Executing VM operation: Cleanup
Event: 716.384 Executing VM operation: Cleanup done
Event: 717.394 Executing VM operation: Cleanup
Event: 717.395 Executing VM operation: Cleanup done
Event: 718.405 Executing VM operation: Cleanup
Event: 718.452 Executing VM operation: Cleanup done
Event: 719.259 Executing VM operation: G1CollectForAllocation (G1 Evacuation Pause)
Event: 719.377 Executing VM operation: G1CollectForAllocation (G1 Evacuation Pause) done
Event: 721.379 Executing VM operation: G1CollectForAllocation (G1 Evacuation Pause)
Event: 721.415 Executing VM operation: G1CollectForAllocation (G1 Evacuation Pause) done
Event: 721.801 Executing VM operation: HandshakeAllThreads (HandshakeForDeflation)
Event: 721.802 Executing VM operation: HandshakeAllThreads (HandshakeForDeflation) done
Event: 721.802 Executing VM operation: RendezvousGCThreads
Event: 721.802 Executing VM operation: RendezvousGCThreads done
Event: 724.833 Executing VM operation: Cleanup
Event: 725.101 Executing VM operation: Cleanup done
Event: 726.106 Executing VM operation: Cleanup
Event: 726.115 Executing VM operation: Cleanup done

Memory protections (0 events):
No events

Nmethod flushes (20 events):
Event: 536.824 Thread 0x000001f7856d39b0 flushing  nmethod 0x000001f78b544410
Event: 536.824 Thread 0x000001f7856d39b0 flushing  nmethod 0x000001f78b6d8510
Event: 536.824 Thread 0x000001f7856d39b0 flushing  nmethod 0x000001f78b717c10
Event: 536.824 Thread 0x000001f7856d39b0 flushing  nmethod 0x000001f78b912890
Event: 536.825 Thread 0x000001f7856d39b0 flushing  nmethod 0x000001f78bab3c90
Event: 536.825 Thread 0x000001f7856d39b0 flushing  nmethod 0x000001f78ade8610
Event: 536.825 Thread 0x000001f7856d39b0 flushing  nmethod 0x000001f78af15d10
Event: 536.825 Thread 0x000001f7856d39b0 flushing  nmethod 0x000001f78af16410
Event: 536.825 Thread 0x000001f7856d39b0 flushing  nmethod 0x000001f78afbb610
Event: 536.825 Thread 0x000001f7856d39b0 flushing  nmethod 0x000001f78b14fa10
Event: 536.825 Thread 0x000001f7856d39b0 flushing  nmethod 0x000001f78b253690
Event: 536.825 Thread 0x000001f7856d39b0 flushing  nmethod 0x000001f78b2b5e10
Event: 536.825 Thread 0x000001f7856d39b0 flushing  nmethod 0x000001f78b37a510
Event: 536.825 Thread 0x000001f7856d39b0 flushing  nmethod 0x000001f78b3b0490
Event: 536.825 Thread 0x000001f7856d39b0 flushing  nmethod 0x000001f78b511b90
Event: 536.825 Thread 0x000001f7856d39b0 flushing  nmethod 0x000001f78b519810
Event: 536.825 Thread 0x000001f7856d39b0 flushing  nmethod 0x000001f78b634d90
Event: 536.825 Thread 0x000001f7856d39b0 flushing  nmethod 0x000001f78b91f610
Event: 536.825 Thread 0x000001f7856d39b0 flushing  nmethod 0x000001f78ba2ca10
Event: 536.825 Thread 0x000001f7856d39b0 flushing  nmethod 0x000001f78ba2dd90

Events (20 events):
Event: 326.937 Thread 0x000001f7a552d990 Thread added: 0x000001f7a6301140
Event: 326.941 Thread 0x000001f7a552d990 Thread added: 0x000001f7a6301e60
Event: 326.979 Thread 0x000001f7a552d990 Thread added: 0x000001f7a63024f0
Event: 332.589 Thread 0x000001f7a50f2760 Thread added: 0x000001f7a62ff070
Event: 332.727 Thread 0x000001f7a552d990 Thread added: 0x000001f7a6302b80
Event: 332.728 Thread 0x000001f7a552d990 Thread added: 0x000001f7a6303210
Event: 332.729 Thread 0x000001f7a552d990 Thread added: 0x000001f7a63038a0
Event: 332.730 Thread 0x000001f7a552d990 Thread added: 0x000001f7a6300420
Event: 332.731 Thread 0x000001f7a552d990 Thread added: 0x000001f7a6303f30
Event: 332.731 Thread 0x000001f7a552d990 Thread added: 0x000001f7a63045c0
Event: 332.732 Thread 0x000001f7a552d990 Thread added: 0x000001f7a6305970
Event: 332.733 Thread 0x000001f7a552d990 Thread added: 0x000001f7a6304c50
Event: 332.733 Thread 0x000001f7a552d990 Thread added: 0x000001f7a6306690
Event: 332.734 Thread 0x000001f7a552d990 Thread added: 0x000001f7a63052e0
Event: 332.740 Thread 0x000001f7a552d990 Thread added: 0x000001f7a6306000
Event: 392.744 Thread 0x000001f7a50f0000 Thread exited: 0x000001f7a50f0000
Event: 420.704 Thread 0x000001f7a62ff070 Thread exited: 0x000001f7a62ff070
Event: 531.665 Thread 0x000001f7a552d990 Thread added: 0x000001f7a7f5c060
Event: 647.506 Thread 0x000001f7a552d990 Thread added: 0x000001f7a7f5ee50
Event: 723.992 Thread 0x000001f7a50f2760 Thread added: 0x000001f7a7f5e7c0


Dynamic libraries:
0x00007ff6e5c40000 - 0x00007ff6e5c4a000 	C:\Program Files\Android\Android Studio1\jbr\bin\java.exe
0x00007ffe0e5c0000 - 0x00007ffe0e825000 	C:\WINDOWS\SYSTEM32\ntdll.dll
0x00007ffe0d9a0000 - 0x00007ffe0da69000 	C:\WINDOWS\System32\KERNEL32.DLL
0x00007ffe0bbf0000 - 0x00007ffe0bfd8000 	C:\WINDOWS\System32\KERNELBASE.dll
0x00007ffe0b7d0000 - 0x00007ffe0b91b000 	C:\WINDOWS\System32\ucrtbase.dll
0x00007ffdf2030000 - 0x00007ffdf2048000 	C:\Program Files\Android\Android Studio1\jbr\bin\jli.dll
0x00007ffe0dd70000 - 0x00007ffe0df3a000 	C:\WINDOWS\System32\USER32.dll
0x00007ffe0bfe0000 - 0x00007ffe0c007000 	C:\WINDOWS\System32\win32u.dll
0x00007ffe0e440000 - 0x00007ffe0e46b000 	C:\WINDOWS\System32\GDI32.dll
0x00007ffe0c190000 - 0x00007ffe0c2c7000 	C:\WINDOWS\System32\gdi32full.dll
0x00007ffe0bb40000 - 0x00007ffe0bbe3000 	C:\WINDOWS\System32\msvcp_win.dll
0x00007ffdf0fb0000 - 0x00007ffdf124a000 	C:\WINDOWS\WinSxS\amd64_microsoft.windows.common-controls_6595b64144ccf1df_6.0.26100.4202_none_3e0698d4e335f517\COMCTL32.dll
0x00007ffe0c590000 - 0x00007ffe0c639000 	C:\WINDOWS\System32\msvcrt.dll
0x00007ffd9da60000 - 0x00007ffd9da7b000 	C:\Program Files\Android\Android Studio1\jbr\bin\VCRUNTIME140.dll
0x00007ffe0df40000 - 0x00007ffe0df70000 	C:\WINDOWS\System32\IMM32.DLL
0x00007ffd9dd30000 - 0x00007ffd9dd3c000 	C:\Program Files\Android\Android Studio1\jbr\bin\vcruntime140_1.dll
0x00007ffdf01b0000 - 0x00007ffdf023d000 	C:\Program Files\Android\Android Studio1\jbr\bin\msvcp140.dll
0x00007ffd9b9f0000 - 0x00007ffd9c67b000 	C:\Program Files\Android\Android Studio1\jbr\bin\server\jvm.dll
0x00007ffe0cb40000 - 0x00007ffe0cbf3000 	C:\WINDOWS\System32\ADVAPI32.dll
0x00007ffe0e390000 - 0x00007ffe0e436000 	C:\WINDOWS\System32\sechost.dll
0x00007ffe0da70000 - 0x00007ffe0db85000 	C:\WINDOWS\System32\RPCRT4.dll
0x00007ffe0df80000 - 0x00007ffe0dff4000 	C:\WINDOWS\System32\WS2_32.dll
0x00007ffe0b560000 - 0x00007ffe0b5be000 	C:\WINDOWS\SYSTEM32\POWRPROF.dll
0x00007ffe04d00000 - 0x00007ffe04d35000 	C:\WINDOWS\SYSTEM32\WINMM.dll
0x00007ffe04de0000 - 0x00007ffe04deb000 	C:\WINDOWS\SYSTEM32\VERSION.dll
0x00007ffe0b540000 - 0x00007ffe0b554000 	C:\WINDOWS\SYSTEM32\UMPDC.dll
0x00007ffe0a430000 - 0x00007ffe0a44b000 	C:\WINDOWS\SYSTEM32\kernel.appcore.dll
0x00007ffd9da50000 - 0x00007ffd9da5a000 	C:\Program Files\Android\Android Studio1\jbr\bin\jimage.dll
0x00007ffe00700000 - 0x00007ffe00941000 	C:\WINDOWS\SYSTEM32\DBGHELP.DLL
0x00007ffe0e000000 - 0x00007ffe0e385000 	C:\WINDOWS\System32\combase.dll
0x00007ffe0c460000 - 0x00007ffe0c541000 	C:\WINDOWS\System32\OLEAUT32.dll
0x00007ffdec8c0000 - 0x00007ffdec8f9000 	C:\WINDOWS\SYSTEM32\dbgcore.DLL
0x00007ffe0baa0000 - 0x00007ffe0bb39000 	C:\WINDOWS\System32\bcryptPrimitives.dll
0x00007ffe06620000 - 0x00007ffe0662e000 	C:\Program Files\Android\Android Studio1\jbr\bin\instrument.dll
0x00007ffd9d380000 - 0x00007ffd9d3a0000 	C:\Program Files\Android\Android Studio1\jbr\bin\java.dll
0x00007ffd9d2c0000 - 0x00007ffd9d2d8000 	C:\Program Files\Android\Android Studio1\jbr\bin\zip.dll
0x00007ffe0d250000 - 0x00007ffe0d992000 	C:\WINDOWS\System32\SHELL32.dll
0x00007ffe0b920000 - 0x00007ffe0ba94000 	C:\WINDOWS\System32\wintypes.dll
0x00007ffe09360000 - 0x00007ffe09bb8000 	C:\WINDOWS\SYSTEM32\windows.storage.dll
0x00007ffe0c360000 - 0x00007ffe0c451000 	C:\WINDOWS\System32\SHCORE.dll
0x00007ffe0cad0000 - 0x00007ffe0cb3a000 	C:\WINDOWS\System32\shlwapi.dll
0x00007ffe0b620000 - 0x00007ffe0b64f000 	C:\WINDOWS\SYSTEM32\profapi.dll
0x00007ffd9d2b0000 - 0x00007ffd9d2c0000 	C:\Program Files\Android\Android Studio1\jbr\bin\net.dll
0x00007ffe01fd0000 - 0x00007ffe020ee000 	C:\WINDOWS\SYSTEM32\WINHTTP.dll
0x00007ffe0aa40000 - 0x00007ffe0aaaa000 	C:\WINDOWS\system32\mswsock.dll
0x00007ffd9d290000 - 0x00007ffd9d2a6000 	C:\Program Files\Android\Android Studio1\jbr\bin\nio.dll
0x00007ffe06790000 - 0x00007ffe067a0000 	C:\Program Files\Android\Android Studio1\jbr\bin\verify.dll
0x00007ffdc3d20000 - 0x00007ffdc3d47000 	C:\Users\natas\.gradle\native\c067742578af261105cb4f569cf0c3c89f3d7b1fecec35dd04571415982c5e48\windows-amd64\native-platform.dll
0x00007ffdcfc00000 - 0x00007ffdcfd44000 	C:\Users\natas\.gradle\native\100fb08df4bc3b14c8652ba06237920a3bd2aa13389f12d3474272988ae205f9\windows-amd64\native-platform-file-events.dll
0x00007ffdc9d20000 - 0x00007ffdc9d29000 	C:\Program Files\Android\Android Studio1\jbr\bin\management.dll
0x00007ffdc9d10000 - 0x00007ffdc9d1b000 	C:\Program Files\Android\Android Studio1\jbr\bin\management_ext.dll
0x00007ffe0e570000 - 0x00007ffe0e578000 	C:\WINDOWS\System32\PSAPI.DLL
0x00007ffe0acf0000 - 0x00007ffe0ad0b000 	C:\WINDOWS\SYSTEM32\CRYPTSP.dll
0x00007ffe0a450000 - 0x00007ffe0a48a000 	C:\WINDOWS\system32\rsaenh.dll
0x00007ffe0aae0000 - 0x00007ffe0ab0b000 	C:\WINDOWS\SYSTEM32\USERENV.dll
0x00007ffe0b5f0000 - 0x00007ffe0b616000 	C:\WINDOWS\SYSTEM32\bcrypt.dll
0x00007ffe0ad10000 - 0x00007ffe0ad1c000 	C:\WINDOWS\SYSTEM32\CRYPTBASE.dll
0x00007ffe09ec0000 - 0x00007ffe09ef3000 	C:\WINDOWS\SYSTEM32\IPHLPAPI.DLL
0x00007ffe0dd40000 - 0x00007ffe0dd4a000 	C:\WINDOWS\System32\NSI.dll
0x00007ffdc9d50000 - 0x00007ffdc9d59000 	C:\Program Files\Android\Android Studio1\jbr\bin\extnet.dll
0x00007ffdcad70000 - 0x00007ffdcad78000 	C:\WINDOWS\system32\wshunix.dll

dbghelp: loaded successfully - version: 4.0.5 - missing functions: none
symbol engine: initialized successfully - sym options: 0x614 - pdb path: .;C:\Program Files\Android\Android Studio1\jbr\bin;C:\WINDOWS\SYSTEM32;C:\WINDOWS\WinSxS\amd64_microsoft.windows.common-controls_6595b64144ccf1df_6.0.26100.4202_none_3e0698d4e335f517;C:\Program Files\Android\Android Studio1\jbr\bin\server;C:\Users\natas\.gradle\native\c067742578af261105cb4f569cf0c3c89f3d7b1fecec35dd04571415982c5e48\windows-amd64;C:\Users\natas\.gradle\native\100fb08df4bc3b14c8652ba06237920a3bd2aa13389f12d3474272988ae205f9\windows-amd64

VM Arguments:
jvm_args: --add-opens=java.base/java.lang=ALL-UNNAMED --add-opens=java.base/java.lang.invoke=ALL-UNNAMED --add-opens=java.base/java.util=ALL-UNNAMED --add-opens=java.prefs/java.util.prefs=ALL-UNNAMED --add-exports=jdk.compiler/com.sun.tools.javac.api=ALL-UNNAMED --add-exports=jdk.compiler/com.sun.tools.javac.util=ALL-UNNAMED --add-opens=java.base/java.util=ALL-UNNAMED --add-opens=java.prefs/java.util.prefs=ALL-UNNAMED --add-opens=java.base/java.nio.charset=ALL-UNNAMED --add-opens=java.base/java.net=ALL-UNNAMED --add-opens=java.base/java.util.concurrent.atomic=ALL-UNNAMED --add-opens=java.xml/javax.xml.namespace=ALL-UNNAMED -Xmx2048m -Dfile.encoding=UTF-8 -Duser.country=GB -Duser.language=en -Duser.variant -javaagent:C:\Users\natas\.gradle\wrapper\dists\gradle-8.11.1-bin\bpt9gzteqjrbo1mjrsomdt32c\gradle-8.11.1\lib\agents\gradle-instrumentation-agent-8.11.1.jar 
java_command: org.gradle.launcher.daemon.bootstrap.GradleDaemon 8.11.1
java_class_path (initial): C:\Users\natas\.gradle\wrapper\dists\gradle-8.11.1-bin\bpt9gzteqjrbo1mjrsomdt32c\gradle-8.11.1\lib\gradle-daemon-main-8.11.1.jar
Launcher Type: SUN_STANDARD

[Global flags]
     intx CICompilerCount                          = 4                                         {product} {ergonomic}
     uint ConcGCThreads                            = 3                                         {product} {ergonomic}
     uint G1ConcRefinementThreads                  = 10                                        {product} {ergonomic}
   size_t G1HeapRegionSize                         = 1048576                                   {product} {ergonomic}
    uintx GCDrainStackTargetSize                   = 64                                        {product} {ergonomic}
   size_t InitialHeapSize                          = 123731968                                 {product} {ergonomic}
   size_t MarkStackSize                            = 4194304                                   {product} {ergonomic}
   size_t MaxHeapSize                              = 2147483648                                {product} {command line}
   size_t MaxNewSize                               = 1287651328                                {product} {ergonomic}
   size_t MinHeapDeltaBytes                        = 1048576                                   {product} {ergonomic}
   size_t MinHeapSize                              = 8388608                                   {product} {ergonomic}
    uintx NonNMethodCodeHeapSize                   = 5839372                                {pd product} {ergonomic}
    uintx NonProfiledCodeHeapSize                  = 122909434                              {pd product} {ergonomic}
    uintx ProfiledCodeHeapSize                     = 122909434                              {pd product} {ergonomic}
    uintx ReservedCodeCacheSize                    = 251658240                              {pd product} {ergonomic}
     bool SegmentedCodeCache                       = true                                      {product} {ergonomic}
   size_t SoftMaxHeapSize                          = 2147483648                             {manageable} {ergonomic}
     bool UseCompressedOops                        = true                           {product lp64_product} {ergonomic}
     bool UseG1GC                                  = true                                      {product} {ergonomic}
     bool UseLargePagesIndividualAllocation        = false                                  {pd product} {ergonomic}

Logging:
Log output configuration:
 #0: stdout all=warning uptime,level,tags foldmultilines=false
 #1: stderr all=off uptime,level,tags foldmultilines=false

Environment Variables:
JAVA_HOME=C:\Program Files\Java\jdk-20
PATH=C:\Program Files\Eclipse Adoptium\jdk-17.0.8.101-hotspot\bin;C:\Program Files\Common Files\Oracle\Java\javapath;C:\Program Files (x86)\VMware\VMware Workstation\bin\;C:\windows\system32;C:\windows;C:\windows\System32\Wbem;C:\windows\System32\WindowsPowerShell\v1.0\;C:\windows\System32\OpenSSH\;C:\Program Files\HP\HP One Agent;C:\Program Files\PuTTY\;C:\Program Files\Git\cmd;C:\Program Files\nodejs\;C:\WINDOWS\system32;C:\WINDOWS;C:\WINDOWS\System32\Wbem;C:\WINDOWS\System32\WindowsPowerShell\v1.0\;C:\WINDOWS\System32\OpenSSH\;C:\Program Files (x86)\Windows Kits\10\Windows Performance Toolkit\;C:\Users\natas\AppData\Local\Programs\Python\Python311\Scripts\;C:\Users\natas\AppData\Local\Programs\Python\Python311\;C:\Users\natas\AppData\Local\Microsoft\WindowsApps;C:\Users\natas\OneDrive\Desktop\PyCharm Community Edition 2023.1.1\bin;;C:\Program Files\Java\jdk-20\bin;C:\Users\natas\AppData\Local\Programs\Microsoft VS Code\bin;N:\xampp2\php;C:\Users\natas\AppData\Roaming\npm;C:\Program Files (x86)\Nmap;C:\Users\natas\AppData\Local\Programs\Swift\Runtimes\6.0.3\usr\bin\;C:\Users\natas\AppData\Local\Programs\Swift\Toolchains\6.0.3+Asserts\usr\bin\;C:\Users\natas\AppData\Local\Programs\Swift\Tools\6.0.3\;C:\Swift\bin\Swift for Windows.exe;;C:\Program Files\JetBrains\IntelliJ IDEA 2024.3.5\bin;
USERNAME=penzi
OS=Windows_NT
PROCESSOR_IDENTIFIER=AMD64 Family 25 Model 80 Stepping 0, AuthenticAMD
TMP=C:\Users\natas\AppData\Local\Temp
TEMP=C:\Users\natas\AppData\Local\Temp




Periodic native trim disabled

JNI global refs:
JNI global refs: 28, weak refs: 3

JNI global refs memory usage: 835, weak refs: 833

Process memory usage:
Resident Set Size: 42368K (0% of 7711748K total physical memory with 5460K free physical memory)

OOME stack traces (most recent first):
Classloader memory used:
Loader org.gradle.internal.classloader.VisitableURLClassLoader                         : 39319K
Loader bootstrap                                                                       : 27207K
Loader org.gradle.internal.classloader.VisitableURLClassLoader$InstrumentingVisitableURLClassLoader: 13701K
Loader org.gradle.initialization.MixInLegacyTypesClassLoader                           : 11827K
Loader org.gradle.internal.classloader.VisitableURLClassLoader                         : 985K
Loader jdk.internal.loader.ClassLoaders$PlatformClassLoader                            : 510K
Loader jdk.internal.reflect.DelegatingClassLoader                                      : 348K
Loader jdk.internal.loader.ClassLoaders$AppClassLoader                                 : 234K
Loader org.gradle.groovy.scripts.internal.DefaultScriptCompilationHandler$ScriptClassLoader: 90672B
Loader org.codehaus.groovy.runtime.callsite.CallSiteClassLoader                        : 49592B
Loader sun.reflect.misc.MethodUtil                                                     : 2952B

Classes loaded by more than one classloader:
Class Program                                                                         : loaded 4 times (x 70B)
Class org.gradle.api.GradleException                                                  : loaded 3 times (x 78B)
Class com.google.common.collect.RegularImmutableMap$KeySet                            : loaded 2 times (x 148B)
Class kotlin.NotImplementedError                                                      : loaded 2 times (x 78B)
Class org.gradle.internal.classloader.FilteringClassLoader                            : loaded 2 times (x 101B)
Class [Lcom.google.common.base.AbstractIterator$State;                                : loaded 2 times (x 65B)
Class com.google.common.base.CharMatcher$IsEither                                     : loaded 2 times (x 107B)
Class org.gradle.internal.classloader.ClassLoaderHierarchy                            : loaded 2 times (x 66B)
Class com.google.common.collect.ImmutableEnumSet                                      : loaded 2 times (x 142B)
Class com.google.common.util.concurrent.ExecutionError                                : loaded 2 times (x 78B)
Class com.google.common.collect.ImmutableList$1                                       : loaded 2 times (x 93B)
Class org.gradle.api.internal.classpath.ManifestUtil                                  : loaded 2 times (x 67B)
Class com.google.common.collect.RegularImmutableMap                                   : loaded 2 times (x 117B)
Class com.google.common.collect.ImmutableMap$MapViewOfValuesAsSingletonSets           : loaded 2 times (x 122B)
Class org.jetbrains.plugins.gradle.model.GradleExtensions                             : loaded 2 times (x 66B)
Class org.jetbrains.plugins.gradle.model.AnnotationProcessingModel                    : loaded 2 times (x 66B)
Class [Lorg.objectweb.asm.Symbol;                                                     : loaded 2 times (x 65B)
Class org.objectweb.asm.ClassVisitor                                                  : loaded 2 times (x 84B)
Class com.google.common.collect.UnmodifiableListIterator                              : loaded 2 times (x 91B)
Class org.gradle.internal.operations.MultipleBuildOperationFailures                   : loaded 2 times (x 91B)
Class org.objectweb.asm.MethodTooLargeException                                       : loaded 2 times (x 79B)
Class [Lcom.google.common.cache.CacheBuilder$OneWeigher;                              : loaded 2 times (x 65B)
Class com.google.common.base.Suppliers                                                : loaded 2 times (x 67B)
Class org.jetbrains.kotlin.idea.gradleTooling.model.noarg.NoArgModel                  : loaded 2 times (x 66B)
Class org.gradle.internal.classloader.DefaultClassLoaderFactory                       : loaded 2 times (x 78B)
Class com.google.common.base.CharMatcher$None                                         : loaded 2 times (x 108B)
Class kotlin.collections.AbstractList$Companion                                       : loaded 2 times (x 67B)
Class org.gradle.internal.classloader.ClassLoaderVisitor                              : loaded 2 times (x 72B)
Class [Lcom.google.common.collect.ImmutableMapEntry;                                  : loaded 2 times (x 65B)
Class org.gradle.api.internal.classpath.EffectiveClassPath                            : loaded 2 times (x 86B)
Class com.google.common.collect.ListMultimap                                          : loaded 2 times (x 66B)
Class com.google.common.collect.ImmutableEnumMap                                      : loaded 2 times (x 122B)
Class org.gradle.tooling.internal.gradle.DefaultProjectIdentifier                     : loaded 2 times (x 82B)
Class com.google.common.collect.Sets$1                                                : loaded 2 times (x 135B)
Class org.objectweb.asm.AnnotationVisitor                                             : loaded 2 times (x 74B)
Class com.google.common.base.Splitter                                                 : loaded 2 times (x 68B)
Class org.jetbrains.kotlin.idea.gradleTooling.model.allopen.AllOpenModel              : loaded 2 times (x 66B)
Class org.gradle.api.internal.DefaultClassPathProvider                                : loaded 2 times (x 72B)
Class com.google.common.collect.Sets$2                                                : loaded 2 times (x 135B)
Class [Lorg.gradle.api.internal.ClassPathProvider;                                    : loaded 2 times (x 65B)
Class org.gradle.api.internal.ClassPathProvider                                       : loaded 2 times (x 66B)
Class [Lorg.objectweb.asm.AnnotationVisitor;                                          : loaded 2 times (x 65B)
Class com.google.common.collect.Sets$3                                                : loaded 2 times (x 135B)
Class com.google.common.util.concurrent.AbstractFuture$SafeAtomicHelper               : loaded 2 times (x 75B)
Class com.google.common.cache.LocalCache$LocalLoadingCache                            : loaded 2 times (x 130B)
Class com.google.common.base.AbstractIterator$State                                   : loaded 2 times (x 75B)
Class org.gradle.internal.service.UnknownServiceException                             : loaded 2 times (x 79B)
Class com.google.common.collect.Sets$4                                                : loaded 2 times (x 135B)
Class org.objectweb.asm.ModuleVisitor                                                 : loaded 2 times (x 77B)
Class com.google.common.cache.LocalCache$Strength$1                                   : loaded 2 times (x 77B)
Class org.jetbrains.kotlin.idea.gradleTooling.KotlinDslScriptAdditionalTask           : loaded 2 times (x 66B)
Class com.google.common.util.concurrent.SettableFuture                                : loaded 2 times (x 110B)
Class com.google.common.cache.LocalCache$Strength$2                                   : loaded 2 times (x 77B)
Class com.google.common.cache.LocalCache$Strength$3                                   : loaded 2 times (x 77B)
Class com.google.common.collect.MapDifference                                         : loaded 2 times (x 66B)
Class com.google.common.base.Splitter$1                                               : loaded 2 times (x 73B)
Class org.objectweb.asm.FieldWriter                                                   : loaded 2 times (x 74B)
Class com.google.common.cache.CacheBuilder$NullListener                               : loaded 2 times (x 78B)
Class org.gradle.internal.classpath.TransformedClassPath                              : loaded 2 times (x 92B)
Class org.gradle.internal.classloader.InstrumentingClassLoader                        : loaded 2 times (x 66B)
Class com.google.common.cache.CacheLoader$FunctionToCacheLoader                       : loaded 2 times (x 71B)
Class com.google.common.collect.Iterators$ArrayItr                                    : loaded 2 times (x 93B)
Class com.google.common.collect.ImmutableCollection$Builder                           : loaded 2 times (x 72B)
Class kotlin.enums.EnumEntriesList                                                    : loaded 2 times (x 219B)
Class com.google.common.base.Joiner                                                   : loaded 2 times (x 75B)
Class com.google.common.base.Equivalence$Identity                                     : loaded 2 times (x 78B)
Class com.google.common.collect.Platform                                              : loaded 2 times (x 67B)
Class [Lorg.objectweb.asm.Type;                                                       : loaded 2 times (x 65B)
Class com.google.common.collect.UnmodifiableIterator                                  : loaded 2 times (x 76B)
Class org.jetbrains.kotlin.idea.gradleTooling.KotlinSourceSetContainer                : loaded 2 times (x 66B)
Class org.jetbrains.plugins.gradle.model.IntelliJSettings                             : loaded 2 times (x 66B)
Class ijInit2_75ii1zzq7xcvcfnpzrcvcniuu                                               : loaded 2 times (x 175B)
Class org.gradle.internal.service.ServiceLocator                                      : loaded 2 times (x 66B)
Class com.google.common.base.Ascii                                                    : loaded 2 times (x 67B)
Class com.google.common.collect.SingletonImmutableBiMap                               : loaded 2 times (x 139B)
Class com.google.common.cache.LocalCache$1                                            : loaded 2 times (x 85B)
Class com.google.common.collect.AbstractMapEntry                                      : loaded 2 times (x 77B)
Class org.jetbrains.kotlin.android.synthetic.idea.AndroidExtensionsGradleModel        : loaded 2 times (x 66B)
Class org.gradle.tooling.model.UnsupportedMethodException                             : loaded 2 times (x 78B)
Class com.google.common.collect.AbstractMultimap                                      : loaded 2 times (x 119B)
Class com.google.common.cache.LocalCache$2                                            : loaded 2 times (x 138B)
Class com.google.common.util.concurrent.AbstractFuture$UnsafeAtomicHelper$1           : loaded 2 times (x 72B)
Class com.google.common.collect.RegularImmutableAsList                                : loaded 2 times (x 213B)
Class com.google.common.util.concurrent.AbstractFuture$Trusted                        : loaded 2 times (x 66B)
Class com.google.common.collect.Iterators                                             : loaded 2 times (x 67B)
Class com.google.common.util.concurrent.UncheckedExecutionException                   : loaded 2 times (x 78B)
Class com.google.common.collect.Lists$StringAsImmutableList                           : loaded 2 times (x 203B)
Class org.gradle.internal.InternalTransformer                                         : loaded 2 times (x 66B)
Class org.objectweb.asm.ClassWriter                                                   : loaded 2 times (x 102B)
Class com.google.common.cache.CacheLoader$UnsupportedLoadingOperationException        : loaded 2 times (x 78B)
Class com.google.common.base.CharMatcher$And                                          : loaded 2 times (x 108B)
Class org.gradle.internal.time.DefaultTimer                                           : loaded 2 times (x 76B)
Class org.gradle.internal.classloader.ClasspathUtil$1                                 : loaded 2 times (x 72B)
Class org.objectweb.asm.FieldVisitor                                                  : loaded 2 times (x 73B)
Class com.google.common.collect.IndexedImmutableSet                                   : loaded 2 times (x 148B)
Class com.google.common.collect.ImmutableMap$1                                        : loaded 2 times (x 77B)
Class com.google.common.collect.BiMap                                                 : loaded 2 times (x 66B)
Class org.gradle.api.internal.classpath.DefaultModuleRegistry$DefaultModule           : loaded 2 times (x 82B)
Class com.google.common.primitives.Ints                                               : loaded 2 times (x 67B)
Class com.google.common.collect.AbstractIterator                                      : loaded 2 times (x 78B)
Class org.jetbrains.kotlin.idea.gradleTooling.model.lombok.LombokModel                : loaded 2 times (x 66B)
Class com.google.common.collect.Multiset                                              : loaded 2 times (x 66B)
Class com.google.common.collect.ArrayListMultimapGwtSerializationDependencies         : loaded 2 times (x 168B)
Class com.google.common.math.MathPreconditions                                        : loaded 2 times (x 67B)
Class com.google.common.collect.ObjectArrays                                          : loaded 2 times (x 67B)
Class com.google.common.collect.AbstractIndexedListIterator                           : loaded 2 times (x 92B)
Class org.gradle.internal.time.DefaultCountdownTimer                                  : loaded 2 times (x 84B)
Class com.google.common.collect.ImmutableMapEntrySet                                  : loaded 2 times (x 148B)
Class org.gradle.tooling.internal.gradle.DefaultBuildIdentifier                       : loaded 2 times (x 75B)
Class kotlin.Function                                                                 : loaded 2 times (x 66B)
Class org.gradle.api.internal.classpath.Module                                        : loaded 2 times (x 66B)
Class com.google.common.cache.Weigher                                                 : loaded 2 times (x 66B)
Class org.gradle.api.internal.classpath.UnknownModuleException                        : loaded 2 times (x 78B)
Class com.google.common.base.Stopwatch                                                : loaded 2 times (x 68B)
Class com.google.common.cache.LocalCache$Strength                                     : loaded 2 times (x 77B)
Class com.google.common.cache.Cache                                                   : loaded 2 times (x 66B)
Class com.intellij.openapi.externalSystem.model.project.dependencies.ProjectDependencies: loaded 2 times (x 66B)
Class com.google.common.util.concurrent.AbstractFuture$Cancellation                   : loaded 2 times (x 68B)
Class com.google.common.collect.ImmutableMap$Builder                                  : loaded 2 times (x 78B)
Class com.google.common.base.NullnessCasts                                            : loaded 2 times (x 67B)
Class com.google.common.cache.RemovalListener                                         : loaded 2 times (x 66B)
Class org.gradle.tooling.internal.gradle.GradleProjectIdentity                        : loaded 2 times (x 66B)
Class org.gradle.api.internal.DefaultClassPathRegistry                                : loaded 2 times (x 72B)
Class com.google.common.primitives.IntsMethodsForWeb                                  : loaded 2 times (x 67B)
Class com.google.common.collect.Multimap                                              : loaded 2 times (x 66B)
Class org.gradle.api.internal.ClassPathRegistry                                       : loaded 2 times (x 66B)
Class org.gradle.internal.classpath.DefaultClassPath$ImmutableUniqueList              : loaded 2 times (x 195B)
Class com.google.common.cache.CacheBuilder                                            : loaded 2 times (x 68B)
Class com.google.common.collect.SingletonImmutableList                                : loaded 2 times (x 203B)
Class com.google.common.base.MoreObjects                                              : loaded 2 times (x 67B)
Class Settings_gradle$1                                                               : loaded 2 times (x 70B)
Class org.gradle.internal.classpath.ClassPath                                         : loaded 2 times (x 66B)
Class org.gradle.api.UncheckedIOException                                             : loaded 2 times (x 78B)
Class com.google.common.collect.ImmutableList$ReverseImmutableList                    : loaded 2 times (x 205B)
Class com.google.common.base.JdkPattern                                               : loaded 2 times (x 71B)
Class org.objectweb.asm.SymbolTable$Entry                                             : loaded 2 times (x 70B)
Class com.google.common.util.concurrent.AbstractFuture$AtomicHelper                   : loaded 2 times (x 74B)
Class org.jetbrains.kotlin.idea.gradleTooling.KotlinGradleModel                       : loaded 2 times (x 66B)
Class org.objectweb.asm.Edge                                                          : loaded 2 times (x 68B)
Class com.google.common.base.Suppliers$SupplierOfInstance                             : loaded 2 times (x 75B)
Class com.google.common.collect.Iterators$1                                           : loaded 2 times (x 77B)
Class org.gradle.tooling.model.Model                                                  : loaded 2 times (x 66B)
Class com.google.common.cache.LocalCache$ComputingValueReference                      : loaded 2 times (x 92B)
Class com.google.common.collect.SingletonImmutableSet                                 : loaded 2 times (x 142B)
Class com.google.common.collect.ImmutableMap$IteratorBasedImmutableMap                : loaded 2 times (x 122B)
Class kotlin.UninitializedPropertyAccessException                                     : loaded 2 times (x 78B)
Class com.google.common.cache.LocalCache$Segment                                      : loaded 2 times (x 150B)
Class org.jetbrains.kotlin.idea.gradleTooling.model.annotation.AnnotationBasedPluginModel: loaded 2 times (x 66B)
Class org.jetbrains.plugins.gradle.model.IntelliJProjectSettings                      : loaded 2 times (x 66B)
Class com.google.common.collect.AbstractListMultimap                                  : loaded 2 times (x 168B)
Class [Lorg.objectweb.asm.SymbolTable$Entry;                                          : loaded 2 times (x 65B)
Class com.google.common.cache.CacheLoader                                             : loaded 2 times (x 70B)
Class com.google.common.collect.Iterators$4                                           : loaded 2 times (x 78B)
Class com.google.common.collect.ImmutableBiMap                                        : loaded 2 times (x 139B)
Class org.gradle.internal.installation.GradleInstallation$1                           : loaded 2 times (x 71B)
Class org.gradle.api.internal.classpath.ModuleRegistry                                : loaded 2 times (x 66B)
Class com.google.common.util.concurrent.internal.InternalFutureFailureAccess          : loaded 2 times (x 68B)
Class com.google.common.collect.Iterators$5                                           : loaded 2 times (x 78B)
Class com.google.common.collect.ImmutableSet$JdkBackedSetBuilderImpl                  : loaded 2 times (x 72B)
Class com.google.common.base.Splitter$SplittingIterator                               : loaded 2 times (x 80B)
Class org.jetbrains.plugins.gradle.model.VersionCatalogsModel                         : loaded 2 times (x 66B)
Class com.google.common.util.concurrent.AbstractFuture$UnsafeAtomicHelper             : loaded 2 times (x 74B)
Class com.google.common.cache.LocalCache$LocalManualCache$1                           : loaded 2 times (x 71B)
Class com.google.common.base.CharMatcher$ForPredicate                                 : loaded 2 times (x 108B)
Class com.google.common.collect.ImmutableCollection                                   : loaded 2 times (x 121B)
Class com.google.common.base.CharMatcher$AnyOf                                        : loaded 2 times (x 108B)
Class org.gradle.api.internal.classpath.DefaultModuleRegistry                         : loaded 2 times (x 82B)
Class com.google.common.util.concurrent.ListenableFuture                              : loaded 2 times (x 66B)
Class com.google.common.cache.ReferenceEntry                                          : loaded 2 times (x 66B)
Class com.google.common.base.Converter                                                : loaded 2 times (x 86B)
Class com.google.common.collect.ImmutableSet$CachingAsList                            : loaded 2 times (x 144B)
Class com.google.common.collect.Lists                                                 : loaded 2 times (x 67B)
Class com.google.common.collect.AbstractMapBasedMultimap                              : loaded 2 times (x 135B)
Class com.google.common.util.concurrent.AbstractFuture                                : loaded 2 times (x 102B)
Class com.google.common.base.FunctionalEquivalence                                    : loaded 2 times (x 79B)
Class com.google.common.collect.Iterators$9                                           : loaded 2 times (x 77B)
Class com.google.common.collect.ImmutableAsList                                       : loaded 2 times (x 205B)
Class org.objectweb.asm.RecordComponentVisitor                                        : loaded 2 times (x 73B)
Class com.google.common.cache.CacheLoader$SupplierToCacheLoader                       : loaded 2 times (x 71B)
Class com.google.common.collect.Maps$EntryTransformer                                 : loaded 2 times (x 66B)
Class org.gradle.internal.time.MonotonicClock                                         : loaded 2 times (x 73B)
Class org.gradle.internal.service.ServiceLookupException                              : loaded 2 times (x 78B)
Class [Lcom.google.common.cache.LocalCache$EntryFactory;                              : loaded 2 times (x 65B)
Class org.gradle.internal.classloader.ClassLoaderFactory                              : loaded 2 times (x 66B)
Class com.google.common.cache.LocalCache$LocalManualCache                             : loaded 2 times (x 95B)
Class com.google.common.base.CharMatcher$IsNot                                        : loaded 2 times (x 107B)
Class com.google.common.base.CommonPattern                                            : loaded 2 times (x 70B)
Class org.gradle.internal.service.CachingServiceLocator                               : loaded 2 times (x 78B)
Class com.google.common.math.IntMath                                                  : loaded 2 times (x 67B)
Class org.jetbrains.plugins.gradle.model.RepositoryModels                             : loaded 2 times (x 66B)
Class com.google.common.collect.ImmutableMapEntry                                     : loaded 2 times (x 81B)
Class org.gradle.internal.time.TimeSource                                             : loaded 2 times (x 66B)
Class com.google.common.base.Equivalence                                              : loaded 2 times (x 78B)
Class com.google.common.base.Function                                                 : loaded 2 times (x 66B)
Class com.google.common.collect.ImmutableMapEntry$NonTerminalImmutableMapEntry        : loaded 2 times (x 81B)
Class org.gradle.tooling.internal.gradle.GradleBuildIdentity                          : loaded 2 times (x 66B)
Class kotlin.enums.EnumEntries                                                        : loaded 2 times (x 66B)
Class com.google.common.cache.CacheBuilder$OneWeigher                                 : loaded 2 times (x 78B)
Class com.google.common.collect.RegularImmutableList                                  : loaded 2 times (x 209B)
Class org.gradle.internal.exceptions.ResolutionProvider                               : loaded 2 times (x 66B)
Class org.gradle.tooling.model.ProjectIdentifier                                      : loaded 2 times (x 66B)
Class org.gradle.internal.classloader.ClasspathUtil                                   : loaded 2 times (x 67B)
Class org.jetbrains.kotlin.tooling.core.HasExtras                                     : loaded 2 times (x 66B)
Class com.google.common.base.Charsets                                                 : loaded 2 times (x 67B)
Class com.google.common.util.concurrent.Uninterruptibles                              : loaded 2 times (x 67B)
Class com.google.common.collect.Maps                                                  : loaded 2 times (x 67B)
Class org.gradle.internal.time.TimeSource$1                                           : loaded 2 times (x 73B)
Class kotlin.jvm.internal.DefaultConstructorMarker                                    : loaded 2 times (x 67B)
Class org.gradle.api.specs.Spec                                                       : loaded 2 times (x 66B)
Class [Lcom.google.common.collect.ImmutableEntry;                                     : loaded 2 times (x 65B)
Class com.google.common.cache.LocalCache$LoadingValueReference                        : loaded 2 times (x 92B)
Class org.gradle.internal.time.Clock                                                  : loaded 2 times (x 66B)
Class [Lorg.objectweb.asm.AnnotationWriter;                                           : loaded 2 times (x 65B)
Class com.google.common.collect.Maps$8                                                : loaded 2 times (x 78B)
Class kotlin.collections.AbstractList                                                 : loaded 2 times (x 193B)
Class kotlin.collections.AbstractCollection                                           : loaded 2 times (x 113B)
Class org.jetbrains.kotlin.tooling.core.Extras                                        : loaded 2 times (x 66B)
Class com.google.common.collect.Sets$SetView                                          : loaded 2 times (x 134B)
Class com.google.common.cache.LocalCache$StrongValueReference                         : loaded 2 times (x 86B)
Class com.google.common.util.concurrent.AbstractFuture$SynchronizedHelper             : loaded 2 times (x 74B)
Class org.objectweb.asm.Type                                                          : loaded 2 times (x 68B)
Class org.gradle.internal.classloader.VisitableURLClassLoader$InstrumentingVisitableURLClassLoader: loaded 2 times (x 119B)
Class org.objectweb.asm.ByteVector                                                    : loaded 2 times (x 75B)
Class [Lcom.google.common.cache.CacheBuilder$NullListener;                            : loaded 2 times (x 65B)
Class com.google.common.math.IntMath$1                                                : loaded 2 times (x 67B)
Class org.gradle.internal.classloader.VisitableURLClassLoader$Spec                    : loaded 2 times (x 70B)
Class org.gradle.internal.classpath.DefaultClassPath                                  : loaded 2 times (x 86B)
Class org.objectweb.asm.Symbol                                                        : loaded 2 times (x 69B)
Class com.google.common.base.AbstractIterator                                         : loaded 2 times (x 76B)
Class com.google.common.base.CharMatcher$Ascii                                        : loaded 2 times (x 108B)
Class com.google.common.collect.RegularImmutableMap$Values                            : loaded 2 times (x 203B)
Class com.google.common.collect.ImmutableSet                                          : loaded 2 times (x 141B)
Class com.google.common.base.CharMatcher$BitSetMatcher                                : loaded 2 times (x 108B)
Class org.gradle.internal.classloader.ClassLoaderSpec                                 : loaded 2 times (x 67B)
Class org.objectweb.asm.AnnotationWriter                                              : loaded 2 times (x 75B)
Class com.google.common.cache.CacheStats                                              : loaded 2 times (x 67B)
Class org.objectweb.asm.RecordComponentWriter                                         : loaded 2 times (x 74B)
Class com.google.common.util.concurrent.AbstractFuture$Listener                       : loaded 2 times (x 68B)
Class com.google.common.base.CharMatcher$Or                                           : loaded 2 times (x 108B)
Class Settings_gradle$1$1                                                             : loaded 2 times (x 70B)
Class kotlin.Unit                                                                     : loaded 2 times (x 67B)
Class org.objectweb.asm.Attribute                                                     : loaded 2 times (x 73B)
Class com.google.common.base.Supplier                                                 : loaded 2 times (x 66B)
Class org.gradle.internal.classloader.VisitableURLClassLoader                         : loaded 2 times (x 113B)
Class com.google.common.util.concurrent.AbstractFuture$Waiter                         : loaded 2 times (x 68B)
Class Settings_gradle                                                                 : loaded 2 times (x 124B)
Class org.gradle.internal.Cast                                                        : loaded 2 times (x 67B)
Class org.gradle.api.Action                                                           : loaded 2 times (x 66B)
Class com.google.common.collect.Sets                                                  : loaded 2 times (x 67B)
Class org.objectweb.asm.Handler                                                       : loaded 2 times (x 68B)
Class com.google.common.base.Ticker                                                   : loaded 2 times (x 68B)
Class com.google.common.base.CharMatcher$FastMatcher                                  : loaded 2 times (x 107B)
Class kotlin.jvm.functions.Function1                                                  : loaded 2 times (x 66B)
Class [Lcom.google.common.cache.LocalCache$Segment;                                   : loaded 2 times (x 65B)
Class [Lcom.google.common.cache.LocalCache$Strength;                                  : loaded 2 times (x 65B)
Class com.google.common.cache.CacheBuilder$1                                          : loaded 2 times (x 81B)
Class com.google.common.collect.ImmutableMap                                          : loaded 2 times (x 116B)
Class com.google.common.base.Predicate                                                : loaded 2 times (x 66B)
Class org.gradle.internal.classpath.DefaultClassPath$ImmutableUniqueList$Builder      : loaded 2 times (x 71B)
Class com.google.common.cache.LocalCache                                              : loaded 2 times (x 183B)
Class com.google.common.cache.CacheBuilder$2                                          : loaded 2 times (x 75B)
Class com.google.common.base.CharMatcher$NegatedFastMatcher                           : loaded 2 times (x 109B)
Class com.google.common.collect.ArrayListMultimap                                     : loaded 2 times (x 168B)
Class com.google.common.cache.CacheBuilder$3                                          : loaded 2 times (x 68B)
Class [Lcom.google.common.collect.AbstractMapEntry;                                   : loaded 2 times (x 65B)
Class com.google.common.collect.ImmutableEntry                                        : loaded 2 times (x 78B)
Class org.jetbrains.kotlin.idea.gradleTooling.model.samWithReceiver.SamWithReceiverModel: loaded 2 times (x 66B)
Class com.google.common.base.PairwiseEquivalence                                      : loaded 2 times (x 79B)
Class org.gradle.internal.exceptions.NonGradleCauseExceptionsHolder                   : loaded 2 times (x 66B)
Class com.google.common.collect.CollectPreconditions                                  : loaded 2 times (x 67B)
Class com.google.common.collect.SortedMapDifference                                   : loaded 2 times (x 66B)
Class org.jetbrains.plugins.gradle.tooling.ModelBuilderService$Parameter              : loaded 2 times (x 66B)
Class com.google.common.cache.LocalCache$EntryFactory                                 : loaded 2 times (x 79B)
Class org.jetbrains.kotlin.tooling.core.HasMutableExtras                              : loaded 2 times (x 66B)
Class com.google.common.cache.LocalCache$AbstractReferenceEntry                       : loaded 2 times (x 103B)
Class com.google.common.base.Splitter$1$1                                             : loaded 2 times (x 82B)
Class org.jetbrains.kotlin.idea.gradleTooling.model.assignment.AssignmentModel        : loaded 2 times (x 66B)
Class kotlin.enums.EnumEntriesKt                                                      : loaded 2 times (x 67B)
Class org.gradle.internal.IoActions                                                   : loaded 2 times (x 67B)
Class org.objectweb.asm.SymbolTable                                                   : loaded 2 times (x 68B)
Class com.google.common.cache.CacheLoader$InvalidCacheLoadException                   : loaded 2 times (x 78B)
Class com.google.common.collect.ImmutableSet$RegularSetBuilderImpl                    : loaded 2 times (x 73B)
Class org.gradle.internal.classloader.SystemClassLoaderSpec                           : loaded 2 times (x 67B)
Class com.google.common.cache.LocalCache$StrongEntry                                  : loaded 2 times (x 104B)
Class com.google.common.util.concurrent.AbstractFuture$TrustedFuture                  : loaded 2 times (x 110B)
Class com.google.common.cache.LoadingCache                                            : loaded 2 times (x 66B)
Class org.gradle.internal.exceptions.MultiCauseException                              : loaded 2 times (x 66B)
Class org.gradle.internal.time.CountdownTimer                                         : loaded 2 times (x 66B)
Class kotlin.jvm.internal.Intrinsics                                                  : loaded 2 times (x 67B)
Class org.objectweb.asm.MethodWriter                                                  : loaded 2 times (x 102B)
Class [Lcom.google.common.cache.Weigher;                                              : loaded 2 times (x 65B)
Class com.google.common.collect.RegularImmutableMap$BucketOverflowException           : loaded 2 times (x 78B)
Class org.jetbrains.kotlin.idea.gradleTooling.model.parcelize.ParcelizeGradleModel    : loaded 2 times (x 66B)
Class org.gradle.tooling.model.ProjectModel                                           : loaded 2 times (x 66B)
Class kotlin.KotlinNullPointerException                                               : loaded 2 times (x 79B)
Class com.google.common.collect.RegularImmutableBiMap                                 : loaded 2 times (x 145B)
Class com.google.common.cache.LocalCache$ValueReference                               : loaded 2 times (x 66B)
Class com.google.common.base.CharMatcher$Negated                                      : loaded 2 times (x 109B)
Class com.google.common.base.CharMatcher$Is                                           : loaded 2 times (x 107B)
Class org.jetbrains.plugins.gradle.model.tests.ExternalTestsModel                     : loaded 2 times (x 66B)
Class org.gradle.internal.exceptions.DefaultMultiCauseException                       : loaded 2 times (x 91B)
Class com.google.common.util.concurrent.AbstractFuture$Failure                        : loaded 2 times (x 68B)
Class com.google.common.base.Equivalence$Equals                                       : loaded 2 times (x 78B)
Class com.google.common.collect.Hashing                                               : loaded 2 times (x 67B)
Class com.google.common.base.Preconditions                                            : loaded 2 times (x 67B)
Class com.google.common.base.Joiner$1                                                 : loaded 2 times (x 76B)
Class org.objectweb.asm.Label                                                         : loaded 2 times (x 69B)
Class org.objectweb.asm.CurrentFrame                                                  : loaded 2 times (x 69B)
Class org.objectweb.asm.ClassTooLargeException                                        : loaded 2 times (x 79B)
Class com.google.common.collect.PeekingIterator                                       : loaded 2 times (x 66B)
Class com.google.common.base.CharMatcher                                              : loaded 2 times (x 107B)
Class org.gradle.internal.time.Time                                                   : loaded 2 times (x 67B)
Class com.google.common.base.Joiner$2                                                 : loaded 2 times (x 75B)
Class org.objectweb.asm.Frame                                                         : loaded 2 times (x 69B)
Class org.objectweb.asm.MethodVisitor                                                 : loaded 2 times (x 101B)
Class com.google.common.cache.LocalCache$EntryFactory$1                               : loaded 2 times (x 79B)
Class [Lcom.google.common.cache.RemovalListener;                                      : loaded 2 times (x 65B)
Class com.google.common.base.CharMatcher$NamedFastMatcher                             : loaded 2 times (x 108B)
Class com.google.common.base.CharMatcher$1                                            : loaded 2 times (x 109B)
Class sync_studio_tooling6546_9xs936p7nrwgdjy4eosts4ize                               : loaded 2 times (x 175B)
Class com.google.common.cache.LocalCache$EntryFactory$2                               : loaded 2 times (x 79B)
Class org.jetbrains.plugins.gradle.model.DependencyAccessorsModel                     : loaded 2 times (x 66B)
Class org.gradle.api.internal.classpath.GlobalCacheRootsProvider                      : loaded 2 times (x 66B)
Class org.objectweb.asm.ModuleWriter                                                  : loaded 2 times (x 78B)
Class com.google.common.cache.LocalCache$EntryFactory$3                               : loaded 2 times (x 79B)
Class com.google.common.base.Ticker$1                                                 : loaded 2 times (x 68B)
Class com.google.common.collect.Maps$BiMapConverter                                   : loaded 2 times (x 86B)
Class com.google.common.collect.ImmutableMapEntrySet$RegularEntrySet                  : loaded 2 times (x 148B)
Class org.jetbrains.kotlin.idea.gradleTooling.KotlinMPPGradleModel                    : loaded 2 times (x 66B)
Class org.gradle.tooling.model.BuildIdentifier                                        : loaded 2 times (x 66B)
Class com.google.common.cache.LocalCache$EntryFactory$4                               : loaded 2 times (x 79B)
Class com.google.common.collect.ImmutableSet$Builder                                  : loaded 2 times (x 81B)
Class com.google.common.base.CharMatcher$InRange                                      : loaded 2 times (x 107B)
Class org.jetbrains.kotlin.idea.gradleTooling.PrepareKotlinIdeImportTaskModel         : loaded 2 times (x 66B)
Class com.google.common.cache.LocalCache$EntryFactory$5                               : loaded 2 times (x 79B)
Class com.google.common.cache.LocalCache$EntryFactory$6                               : loaded 2 times (x 79B)
Class org.gradle.internal.time.Timer                                                  : loaded 2 times (x 66B)
Class kotlin.jvm.internal.markers.KMappedMarker                                       : loaded 2 times (x 66B)
Class org.gradle.internal.installation.CurrentGradleInstallationLocator               : loaded 2 times (x 67B)
Class com.google.common.cache.LocalCache$EntryFactory$7                               : loaded 2 times (x 79B)
Class com.google.common.collect.ImmutableSet$EmptySetBuilderImpl                      : loaded 2 times (x 72B)
Class com.google.common.collect.ImmutableList                                         : loaded 2 times (x 202B)
Class org.gradle.internal.service.DefaultServiceLocator                               : loaded 2 times (x 79B)
Class com.google.common.cache.LocalCache$EntryFactory$8                               : loaded 2 times (x 79B)
Class com.google.common.collect.ImmutableSet$SetBuilderImpl                           : loaded 2 times (x 72B)
Class org.gradle.util.GradleVersion                                                   : loaded 2 times (x 79B)
Class org.gradle.internal.installation.CurrentGradleInstallation                      : loaded 2 times (x 69B)
Class com.google.common.cache.CacheLoader$1                                           : loaded 2 times (x 71B)
Class com.google.common.collect.ImmutableList$SubList                                 : loaded 2 times (x 205B)
Class org.jetbrains.plugins.gradle.javaModel.JavaGradleManifestModel                  : loaded 2 times (x 66B)
Class org.gradle.util.internal.GUtil                                                  : loaded 2 times (x 67B)
Class com.google.common.util.concurrent.AbstractFuture$SetFuture                      : loaded 2 times (x 71B)
Class com.google.common.cache.AbstractCache$StatsCounter                              : loaded 2 times (x 66B)
Class com.google.common.collect.Iterators$MergingIterator                             : loaded 2 times (x 77B)
Class com.google.common.collect.RegularImmutableSet                                   : loaded 2 times (x 145B)
Class org.gradle.internal.installation.GradleInstallation                             : loaded 2 times (x 71B)
Class com.google.common.collect.Iterables                                             : loaded 2 times (x 67B)
Class com.google.common.base.Splitter$Strategy                                        : loaded 2 times (x 66B)

---------------  S Y S T E M  ---------------

OS:
 Windows 11 , 64 bit Build 26100 (10.0.26100.4202)
OS uptime: 4 days 1:57 hours
Hyper-V role detected

CPU: total 12 (initial active 12) (12 cores per cpu, 2 threads per core) family 25 model 80 stepping 0 microcode 0xa50000f, cx8, cmov, fxsr, ht, mmx, 3dnowpref, sse, sse2, sse3, ssse3, sse4a, sse4.1, sse4.2, popcnt, lzcnt, tsc, tscinvbit, avx, avx2, aes, erms, clmul, bmi1, bmi2, adx, sha, fma, vzeroupper, clflush, clflushopt, hv, rdtscp, rdpid, fsrm, f16c, cet_ss
Processor Information for the first 12 processors :
  Max Mhz: 2301, Current Mhz: 1851, Mhz Limit: 2301

Memory: 4k page, system-wide physical 7531M (2M free)
TotalPageFile size 31083M (AvailPageFile size 8M)
current process WorkingSet (physical memory assigned to process): 39M, peak: 141M
current process commit charge ("private bytes"): 546M, peak: 561M

vm_info: OpenJDK 64-Bit Server VM (21.0.6+-13368085-b895.109) for windows-amd64 JRE (21.0.6+-13368085-b895.109), built on 2025-04-16T17:01:31Z by "builder" with MS VC++ 16.10 / 16.11 (VS2019)

END.
