#
# There is insufficient memory for the Java Runtime Environment to continue.
# Native memory allocation (mmap) failed to map 324009984 bytes. Error detail: G1 virtual space
# Possible reasons:
#   The system is out of physical RAM or swap space
#   This process is running with CompressedOops enabled, and the Java Heap may be blocking the growth of the native heap
# Possible solutions:
#   Reduce memory load on the system
#   Increase physical memory or swap space
#   Check if swap backing store is full
#   Decrease Java heap size (-Xmx/-Xms)
#   Decrease number of Java threads
#   Decrease Java thread stack sizes (-Xss)
#   Set larger code cache with -XX:ReservedCodeCacheSize=
#   JVM is running with Unscaled Compressed Oops mode in which the Java heap is
#     placed in the first 4GB address space. The Java Heap base address is the
#     maximum limit for the native heap growth. Please use -XX:HeapBaseMinAddress
#     to set the Java Heap base and to place the Java Heap above 4GB virtual address.
# This output file may be truncated or incomplete.
#
#  Out of Memory Error (os_windows.cpp:3898), pid=38876, tid=31460
#
# JRE version: OpenJDK Runtime Environment (21.0.6) (build 21.0.6+-13368085-b895.109)
# Java VM: OpenJDK 64-Bit Server VM (21.0.6+-13368085-b895.109, mixed mode, tiered, compressed oops, compressed class ptrs, g1 gc, windows-amd64)
# No core dump will be written. Minidumps are not enabled by default on client versions of Windows
#

---------------  S U M M A R Y ------------

Command Line: --add-opens=java.base/java.lang=ALL-UNNAMED --add-opens=java.base/java.lang.invoke=ALL-UNNAMED --add-opens=java.base/java.util=ALL-UNNAMED --add-opens=java.prefs/java.util.prefs=ALL-UNNAMED --add-exports=jdk.compiler/com.sun.tools.javac.api=ALL-UNNAMED --add-exports=jdk.compiler/com.sun.tools.javac.util=ALL-UNNAMED --add-opens=java.base/java.util=ALL-UNNAMED --add-opens=java.prefs/java.util.prefs=ALL-UNNAMED --add-opens=java.base/java.nio.charset=ALL-UNNAMED --add-opens=java.base/java.net=ALL-UNNAMED --add-opens=java.base/java.util.concurrent.atomic=ALL-UNNAMED --add-opens=java.xml/javax.xml.namespace=ALL-UNNAMED -Xmx2048m -Dfile.encoding=UTF-8 -Duser.country=GB -Duser.language=en -Duser.variant -javaagent:C:\Users\natas\.gradle\wrapper\dists\gradle-8.11.1-bin\bpt9gzteqjrbo1mjrsomdt32c\gradle-8.11.1\lib\agents\gradle-instrumentation-agent-8.11.1.jar org.gradle.launcher.daemon.bootstrap.GradleDaemon 8.11.1

Host: AMD Ryzen 5 5625U with Radeon Graphics         , 12 cores, 7G,  Windows 11 , 64 bit Build 26100 (10.0.26100.4202)
Time: Fri Jul  4 20:29:01 2025 E. Africa Standard Time elapsed time: 528.975451 seconds (0d 0h 8m 48s)

---------------  T H R E A D  ---------------

Current thread (0x000001e9a9750c20):  VMThread "VM Thread"          [id=31460, stack(0x0000007abc900000,0x0000007abca00000) (1024K)]

Stack: [0x0000007abc900000,0x0000007abca00000]
Native frames: (J=compiled Java code, j=interpreted, Vv=VM code, C=native code)
V  [jvm.dll+0x6d0639]
V  [jvm.dll+0x85eb03]
V  [jvm.dll+0x86105e]
V  [jvm.dll+0x861743]
V  [jvm.dll+0x27e6e6]
V  [jvm.dll+0x6ccfd5]
V  [jvm.dll+0x6c0a8a]
V  [jvm.dll+0x35537b]
V  [jvm.dll+0x35cfd6]
V  [jvm.dll+0x3aef86]
V  [jvm.dll+0x3af258]
V  [jvm.dll+0x327a2c]
V  [jvm.dll+0x327ab7]
V  [jvm.dll+0x36d93c]
V  [jvm.dll+0x36c0ee]
V  [jvm.dll+0x327181]
V  [jvm.dll+0x36b7f0]
V  [jvm.dll+0x8674c8]
V  [jvm.dll+0x868844]
V  [jvm.dll+0x868d80]
V  [jvm.dll+0x869013]
V  [jvm.dll+0x806ed8]
V  [jvm.dll+0x6cef0d]
C  [ucrtbase.dll+0x37b0]
C  [KERNEL32.DLL+0x2e8d7]
C  [ntdll.dll+0x3c34c]

VM_Operation (0x0000007abe1f5150): G1CollectForAllocation, mode: safepoint, requested by thread 0x000001e9af301360


---------------  P R O C E S S  ---------------

Threads class SMR info:
_java_thread_list=0x000001e9a988e7b0, length=98, elements={
0x000001e98f5b8340, 0x000001e9a97a95c0, 0x000001e9a97aa010, 0x000001e9a97ab5d0,
0x000001e9a97aec10, 0x000001e9a97af660, 0x000001e9a97be6b0, 0x000001e9a97c0720,
0x000001e9a97c3d30, 0x000001e9a9929b40, 0x000001e9ae0084a0, 0x000001e9af598600,
0x000001e9af830050, 0x000001e9af610390, 0x000001e9af461590, 0x000001e9af461bf0,
0x000001e9af5444b0, 0x000001e9af301360, 0x000001e9aee26780, 0x000001e9af923770,
0x000001e9af257f00, 0x000001e9af2571e0, 0x000001e9af257870, 0x000001e9b0a830f0,
0x000001e9b0a83780, 0x000001e9b0a816b0, 0x000001e9b0a81020, 0x000001e9b0a81d40,
0x000001e9b0a83e10, 0x000001e9b0a84b30, 0x000001e9b0a85850, 0x000001e9b0a851c0,
0x000001e9b0a823d0, 0x000001e9b0a85ee0, 0x000001e9b0a82a60, 0x000001e9b0a86570,
0x000001e9b0a86c00, 0x000001e9b0a87290, 0x000001e9b0a87920, 0x000001e9b0a88640,
0x000001e9b0a87fb0, 0x000001e9b154ac10, 0x000001e9b1549860, 0x000001e9b154b2a0,
0x000001e9b154c650, 0x000001e9b15491d0, 0x000001e9b154cce0, 0x000001e9b154d370,
0x000001e9b1549ef0, 0x000001e9b154edb0, 0x000001e9b154da00, 0x000001e9b154e720,
0x000001e9b154fad0, 0x000001e9b154f440, 0x000001e9b154e090, 0x000001e9b1550160,
0x000001e9b0fa49d0, 0x000001e9b0fa6410, 0x000001e9b0fa7130, 0x000001e9b0fa5060,
0x000001e9b0fa4340, 0x000001e9b0fa6aa0, 0x000001e9b0fa56f0, 0x000001e9b0fa9200,
0x000001e9b0fa77c0, 0x000001e9b0fa8b70, 0x000001e9b0fa5d80, 0x000001e9b0faa5b0,
0x000001e9b0fa9890, 0x000001e9b0fa9f20, 0x000001e9b0faac40, 0x000001e9b0fab2d0,
0x000001e9b0fab960, 0x000001e9af256b50, 0x000001e9b1984d70, 0x000001e9b19839c0,
0x000001e9b19846e0, 0x000001e9b1984050, 0x000001e9b19818f0, 0x000001e9b1985400,
0x000001e9b1981f80, 0x000001e9b1982610, 0x000001e9b1985a90, 0x000001e9b1983330,
0x000001e9b1982ca0, 0x000001e9b1987b60, 0x000001e9b1986120, 0x000001e9b19874d0,
0x000001e9b1988f10, 0x000001e9b19881f0, 0x000001e9b19867b0, 0x000001e9b1986e40,
0x000001e9b1988880, 0x000001e9b25b45a0, 0x000001e9b25b52c0, 0x000001e9b25b4c30,
0x000001e9b25b5fe0, 0x000001e9b25b7390
}

Java Threads: ( => current thread )
  0x000001e98f5b8340 JavaThread "main"                              [_thread_blocked, id=7284, stack(0x0000007abc200000,0x0000007abc300000) (1024K)]
  0x000001e9a97a95c0 JavaThread "Reference Handler"          daemon [_thread_blocked, id=33732, stack(0x0000007abca00000,0x0000007abcb00000) (1024K)]
  0x000001e9a97aa010 JavaThread "Finalizer"                  daemon [_thread_blocked, id=34664, stack(0x0000007abcb00000,0x0000007abcc00000) (1024K)]
  0x000001e9a97ab5d0 JavaThread "Signal Dispatcher"          daemon [_thread_blocked, id=9924, stack(0x0000007abcc00000,0x0000007abcd00000) (1024K)]
  0x000001e9a97aec10 JavaThread "Attach Listener"            daemon [_thread_blocked, id=29432, stack(0x0000007abcd00000,0x0000007abce00000) (1024K)]
  0x000001e9a97af660 JavaThread "Service Thread"             daemon [_thread_blocked, id=32160, stack(0x0000007abce00000,0x0000007abcf00000) (1024K)]
  0x000001e9a97be6b0 JavaThread "Monitor Deflation Thread"   daemon [_thread_blocked, id=13424, stack(0x0000007abcf00000,0x0000007abd000000) (1024K)]
  0x000001e9a97c0720 JavaThread "C2 CompilerThread0"         daemon [_thread_blocked, id=11764, stack(0x0000007abd000000,0x0000007abd100000) (1024K)]
  0x000001e9a97c3d30 JavaThread "C1 CompilerThread0"         daemon [_thread_blocked, id=11600, stack(0x0000007abd100000,0x0000007abd200000) (1024K)]
  0x000001e9a9929b40 JavaThread "Common-Cleaner"             daemon [_thread_blocked, id=3968, stack(0x0000007abd200000,0x0000007abd300000) (1024K)]
  0x000001e9ae0084a0 JavaThread "Notification Thread"        daemon [_thread_blocked, id=18236, stack(0x0000007abd300000,0x0000007abd400000) (1024K)]
  0x000001e9af598600 JavaThread "Daemon health stats"               [_thread_blocked, id=24220, stack(0x0000007abc000000,0x0000007abc100000) (1024K)]
  0x000001e9af830050 JavaThread "Incoming local TCP Connector on port 48207"        [_thread_in_native, id=14904, stack(0x0000007abdd00000,0x0000007abde00000) (1024K)]
  0x000001e9af610390 JavaThread "Daemon periodic checks"            [_thread_blocked, id=31580, stack(0x0000007abde00000,0x0000007abdf00000) (1024K)]
  0x000001e9af461590 JavaThread "Daemon"                            [_thread_blocked, id=40316, stack(0x0000007abc100000,0x0000007abc200000) (1024K)]
  0x000001e9af461bf0 JavaThread "Handler for socket connection from /127.0.0.1:48207 to /127.0.0.1:48221"        [_thread_in_native, id=35240, stack(0x0000007abdf00000,0x0000007abe000000) (1024K)]
  0x000001e9af5444b0 JavaThread "Cancel handler"                    [_thread_blocked, id=22928, stack(0x0000007abe000000,0x0000007abe100000) (1024K)]
  0x000001e9af301360 JavaThread "Daemon worker"                     [_thread_blocked, id=31072, stack(0x0000007abe100000,0x0000007abe200000) (1024K)]
  0x000001e9aee26780 JavaThread "Asynchronous log dispatcher for DefaultDaemonConnection: socket connection from /127.0.0.1:48207 to /127.0.0.1:48221"        [_thread_blocked, id=16676, stack(0x0000007abe200000,0x0000007abe300000) (1024K)]
  0x000001e9af923770 JavaThread "Stdin handler"                     [_thread_blocked, id=932, stack(0x0000007abe300000,0x0000007abe400000) (1024K)]
  0x000001e9af257f00 JavaThread "Daemon client event forwarder"        [_thread_blocked, id=24084, stack(0x0000007abe400000,0x0000007abe500000) (1024K)]
  0x000001e9af2571e0 JavaThread "Cache worker for journal cache (C:\Users\natas\.gradle\caches\journal-1)"        [_thread_blocked, id=32112, stack(0x0000007abe700000,0x0000007abe800000) (1024K)]
  0x000001e9af257870 JavaThread "File lock request listener"        [_thread_in_native, id=16664, stack(0x0000007abe800000,0x0000007abe900000) (1024K)]
  0x000001e9b0a830f0 JavaThread "Cache worker for file hash cache (C:\Users\natas\.gradle\caches\8.11.1\fileHashes)"        [_thread_blocked, id=12320, stack(0x0000007abe900000,0x0000007abea00000) (1024K)]
  0x000001e9b0a83780 JavaThread "Cache worker for file content cache (C:\Users\natas\.gradle\caches\8.11.1\fileContent)"        [_thread_blocked, id=5272, stack(0x0000007abbf00000,0x0000007abc000000) (1024K)]
  0x000001e9b0a816b0 JavaThread "Cache worker for file hash cache (C:\Users\natas\AndroidStudioProjects\MyApplication3\.gradle\8.11.1\fileHashes)"        [_thread_blocked, id=40396, stack(0x0000007abeb00000,0x0000007abec00000) (1024K)]
  0x000001e9b0a81020 JavaThread "Cache worker for Build Output Cleanup Cache (C:\Users\natas\AndroidStudioProjects\MyApplication3\.gradle\buildOutputCleanup)"        [_thread_blocked, id=32028, stack(0x0000007abec00000,0x0000007abed00000) (1024K)]
  0x000001e9b0a81d40 JavaThread "File watcher server"        daemon [_thread_in_native, id=26896, stack(0x0000007abed00000,0x0000007abee00000) (1024K)]
  0x000001e9b0a83e10 JavaThread "File watcher consumer"      daemon [_thread_blocked, id=33940, stack(0x0000007abee00000,0x0000007abef00000) (1024K)]
  0x000001e9b0a84b30 JavaThread "jar transforms"                    [_thread_blocked, id=23320, stack(0x0000007abef00000,0x0000007abf000000) (1024K)]
  0x000001e9b0a85850 JavaThread "jar transforms Thread 2"           [_thread_blocked, id=27320, stack(0x0000007abf000000,0x0000007abf100000) (1024K)]
  0x000001e9b0a851c0 JavaThread "jar transforms Thread 3"           [_thread_blocked, id=7400, stack(0x0000007abf100000,0x0000007abf200000) (1024K)]
  0x000001e9b0a823d0 JavaThread "jar transforms Thread 4"           [_thread_blocked, id=24784, stack(0x0000007abf200000,0x0000007abf300000) (1024K)]
  0x000001e9b0a85ee0 JavaThread "jar transforms Thread 5"           [_thread_blocked, id=17988, stack(0x0000007abf300000,0x0000007abf400000) (1024K)]
  0x000001e9b0a82a60 JavaThread "jar transforms Thread 6"           [_thread_blocked, id=31692, stack(0x0000007abf400000,0x0000007abf500000) (1024K)]
  0x000001e9b0a86570 JavaThread "jar transforms Thread 7"           [_thread_blocked, id=23432, stack(0x0000007abf500000,0x0000007abf600000) (1024K)]
  0x000001e9b0a86c00 JavaThread "jar transforms Thread 8"           [_thread_blocked, id=10776, stack(0x0000007abf600000,0x0000007abf700000) (1024K)]
  0x000001e9b0a87290 JavaThread "jar transforms Thread 9"           [_thread_blocked, id=18040, stack(0x0000007abf700000,0x0000007abf800000) (1024K)]
  0x000001e9b0a87920 JavaThread "jar transforms Thread 10"          [_thread_blocked, id=40600, stack(0x0000007abf800000,0x0000007abf900000) (1024K)]
  0x000001e9b0a88640 JavaThread "jar transforms Thread 11"          [_thread_blocked, id=28348, stack(0x0000007abf900000,0x0000007abfa00000) (1024K)]
  0x000001e9b0a87fb0 JavaThread "jar transforms Thread 12"          [_thread_blocked, id=27524, stack(0x0000007abfa00000,0x0000007abfb00000) (1024K)]
  0x000001e9b154ac10 JavaThread "Cache worker for checksums cache (C:\Users\natas\AndroidStudioProjects\MyApplication3\.gradle\8.11.1\checksums)"        [_thread_blocked, id=31616, stack(0x0000007abfb00000,0x0000007abfc00000) (1024K)]
  0x000001e9b1549860 JavaThread "Cache worker for cache directory md-rule (C:\Users\natas\.gradle\caches\8.11.1\md-rule)"        [_thread_blocked, id=38376, stack(0x0000007abfc00000,0x0000007abfd00000) (1024K)]
  0x000001e9b154b2a0 JavaThread "Cache worker for cache directory md-supplier (C:\Users\natas\.gradle\caches\8.11.1\md-supplier)"        [_thread_blocked, id=32912, stack(0x0000007abfd00000,0x0000007abfe00000) (1024K)]
  0x000001e9b154c650 JavaThread "Unconstrained build operations"        [_thread_blocked, id=32456, stack(0x0000007abfe00000,0x0000007abff00000) (1024K)]
  0x000001e9b15491d0 JavaThread "Unconstrained build operations Thread 2"        [_thread_blocked, id=38784, stack(0x0000007abff00000,0x0000007ac0000000) (1024K)]
  0x000001e9b154cce0 JavaThread "Unconstrained build operations Thread 3"        [_thread_blocked, id=35944, stack(0x0000007ac0000000,0x0000007ac0100000) (1024K)]
  0x000001e9b154d370 JavaThread "Unconstrained build operations Thread 4"        [_thread_blocked, id=39340, stack(0x0000007ac0100000,0x0000007ac0200000) (1024K)]
  0x000001e9b1549ef0 JavaThread "Unconstrained build operations Thread 5"        [_thread_blocked, id=18840, stack(0x0000007ac0200000,0x0000007ac0300000) (1024K)]
  0x000001e9b154edb0 JavaThread "Unconstrained build operations Thread 6"        [_thread_blocked, id=22916, stack(0x0000007ac0300000,0x0000007ac0400000) (1024K)]
  0x000001e9b154da00 JavaThread "Unconstrained build operations Thread 7"        [_thread_blocked, id=27060, stack(0x0000007ac0400000,0x0000007ac0500000) (1024K)]
  0x000001e9b154e720 JavaThread "Unconstrained build operations Thread 8"        [_thread_blocked, id=3988, stack(0x0000007ac0500000,0x0000007ac0600000) (1024K)]
  0x000001e9b154fad0 JavaThread "Unconstrained build operations Thread 9"        [_thread_blocked, id=17436, stack(0x0000007ac0600000,0x0000007ac0700000) (1024K)]
  0x000001e9b154f440 JavaThread "Unconstrained build operations Thread 10"        [_thread_blocked, id=11084, stack(0x0000007ac0700000,0x0000007ac0800000) (1024K)]
  0x000001e9b154e090 JavaThread "Unconstrained build operations Thread 11"        [_thread_blocked, id=35684, stack(0x0000007ac0800000,0x0000007ac0900000) (1024K)]
  0x000001e9b1550160 JavaThread "Unconstrained build operations Thread 12"        [_thread_blocked, id=29208, stack(0x0000007ac0900000,0x0000007ac0a00000) (1024K)]
  0x000001e9b0fa49d0 JavaThread "Unconstrained build operations Thread 13"        [_thread_blocked, id=26220, stack(0x0000007ac0a00000,0x0000007ac0b00000) (1024K)]
  0x000001e9b0fa6410 JavaThread "Unconstrained build operations Thread 14"        [_thread_blocked, id=35508, stack(0x0000007ac0b00000,0x0000007ac0c00000) (1024K)]
  0x000001e9b0fa7130 JavaThread "Unconstrained build operations Thread 15"        [_thread_blocked, id=12048, stack(0x0000007ac0c00000,0x0000007ac0d00000) (1024K)]
  0x000001e9b0fa5060 JavaThread "Unconstrained build operations Thread 16"        [_thread_blocked, id=32548, stack(0x0000007ac0d00000,0x0000007ac0e00000) (1024K)]
  0x000001e9b0fa4340 JavaThread "Unconstrained build operations Thread 17"        [_thread_blocked, id=19028, stack(0x0000007ac0e00000,0x0000007ac0f00000) (1024K)]
  0x000001e9b0fa6aa0 JavaThread "Unconstrained build operations Thread 18"        [_thread_blocked, id=22352, stack(0x0000007ac0f00000,0x0000007ac1000000) (1024K)]
  0x000001e9b0fa56f0 JavaThread "Unconstrained build operations Thread 19"        [_thread_blocked, id=2488, stack(0x0000007ac1000000,0x0000007ac1100000) (1024K)]
  0x000001e9b0fa9200 JavaThread "Unconstrained build operations Thread 20"        [_thread_blocked, id=22852, stack(0x0000007ac1100000,0x0000007ac1200000) (1024K)]
  0x000001e9b0fa77c0 JavaThread "Unconstrained build operations Thread 21"        [_thread_blocked, id=31220, stack(0x0000007ac1200000,0x0000007ac1300000) (1024K)]
  0x000001e9b0fa8b70 JavaThread "Unconstrained build operations Thread 22"        [_thread_blocked, id=23920, stack(0x0000007ac1500000,0x0000007ac1600000) (1024K)]
  0x000001e9b0fa5d80 JavaThread "Unconstrained build operations Thread 23"        [_thread_blocked, id=40272, stack(0x0000007ac1600000,0x0000007ac1700000) (1024K)]
  0x000001e9b0faa5b0 JavaThread "Unconstrained build operations Thread 24"        [_thread_blocked, id=9012, stack(0x0000007ac1700000,0x0000007ac1800000) (1024K)]
  0x000001e9b0fa9890 JavaThread "Unconstrained build operations Thread 25"        [_thread_blocked, id=27692, stack(0x0000007ac1800000,0x0000007ac1900000) (1024K)]
  0x000001e9b0fa9f20 JavaThread "Unconstrained build operations Thread 26"        [_thread_blocked, id=32116, stack(0x0000007ac1900000,0x0000007ac1a00000) (1024K)]
  0x000001e9b0faac40 JavaThread "Unconstrained build operations Thread 27"        [_thread_blocked, id=14284, stack(0x0000007ac1a00000,0x0000007ac1b00000) (1024K)]
  0x000001e9b0fab2d0 JavaThread "Unconstrained build operations Thread 28"        [_thread_blocked, id=28896, stack(0x0000007ac1b00000,0x0000007ac1c00000) (1024K)]
  0x000001e9b0fab960 JavaThread "Unconstrained build operations Thread 29"        [_thread_blocked, id=34980, stack(0x0000007ac1c00000,0x0000007ac1d00000) (1024K)]
  0x000001e9af256b50 JavaThread "Unconstrained build operations Thread 30"        [_thread_blocked, id=27080, stack(0x0000007ac1d00000,0x0000007ac1e00000) (1024K)]
  0x000001e9b1984d70 JavaThread "Unconstrained build operations Thread 31"        [_thread_blocked, id=15064, stack(0x0000007ac1e00000,0x0000007ac1f00000) (1024K)]
  0x000001e9b19839c0 JavaThread "Unconstrained build operations Thread 32"        [_thread_blocked, id=28836, stack(0x0000007ac1f00000,0x0000007ac2000000) (1024K)]
  0x000001e9b19846e0 JavaThread "Unconstrained build operations Thread 33"        [_thread_blocked, id=7368, stack(0x0000007ac2000000,0x0000007ac2100000) (1024K)]
  0x000001e9b1984050 JavaThread "Unconstrained build operations Thread 34"        [_thread_blocked, id=2404, stack(0x0000007ac2100000,0x0000007ac2200000) (1024K)]
  0x000001e9b19818f0 JavaThread "Unconstrained build operations Thread 35"        [_thread_blocked, id=38072, stack(0x0000007ac2200000,0x0000007ac2300000) (1024K)]
  0x000001e9b1985400 JavaThread "Unconstrained build operations Thread 36"        [_thread_blocked, id=19440, stack(0x0000007ac2300000,0x0000007ac2400000) (1024K)]
  0x000001e9b1981f80 JavaThread "Unconstrained build operations Thread 37"        [_thread_blocked, id=33108, stack(0x0000007ac2400000,0x0000007ac2500000) (1024K)]
  0x000001e9b1982610 JavaThread "Unconstrained build operations Thread 38"        [_thread_blocked, id=33624, stack(0x0000007ac2500000,0x0000007ac2600000) (1024K)]
  0x000001e9b1985a90 JavaThread "Unconstrained build operations Thread 39"        [_thread_blocked, id=8612, stack(0x0000007ac2600000,0x0000007ac2700000) (1024K)]
  0x000001e9b1983330 JavaThread "Unconstrained build operations Thread 40"        [_thread_blocked, id=25536, stack(0x0000007ac2700000,0x0000007ac2800000) (1024K)]
  0x000001e9b1982ca0 JavaThread "Unconstrained build operations Thread 41"        [_thread_blocked, id=34512, stack(0x0000007ac2800000,0x0000007ac2900000) (1024K)]
  0x000001e9b1987b60 JavaThread "Unconstrained build operations Thread 42"        [_thread_blocked, id=40104, stack(0x0000007ac2900000,0x0000007ac2a00000) (1024K)]
  0x000001e9b1986120 JavaThread "Unconstrained build operations Thread 43"        [_thread_blocked, id=25296, stack(0x0000007ac2a00000,0x0000007ac2b00000) (1024K)]
  0x000001e9b19874d0 JavaThread "Unconstrained build operations Thread 44"        [_thread_blocked, id=26460, stack(0x0000007ac1300000,0x0000007ac1400000) (1024K)]
  0x000001e9b1988f10 JavaThread "Unconstrained build operations Thread 45"        [_thread_blocked, id=27044, stack(0x0000007ac1400000,0x0000007ac1500000) (1024K)]
  0x000001e9b19881f0 JavaThread "Unconstrained build operations Thread 46"        [_thread_blocked, id=40556, stack(0x0000007ac2b00000,0x0000007ac2c00000) (1024K)]
  0x000001e9b19867b0 JavaThread "Unconstrained build operations Thread 47"        [_thread_blocked, id=12508, stack(0x0000007ac2c00000,0x0000007ac2d00000) (1024K)]
  0x000001e9b1986e40 JavaThread "Unconstrained build operations Thread 48"        [_thread_blocked, id=24828, stack(0x0000007ac2d00000,0x0000007ac2e00000) (1024K)]
  0x000001e9b1988880 JavaThread "Unconstrained build operations Thread 49"        [_thread_blocked, id=23272, stack(0x0000007ac2e00000,0x0000007ac2f00000) (1024K)]
  0x000001e9b25b45a0 JavaThread "Unconstrained build operations Thread 50"        [_thread_blocked, id=19536, stack(0x0000007ac2f00000,0x0000007ac3000000) (1024K)]
  0x000001e9b25b52c0 JavaThread "Unconstrained build operations Thread 51"        [_thread_blocked, id=4420, stack(0x0000007ac3000000,0x0000007ac3100000) (1024K)]
  0x000001e9b25b4c30 JavaThread "Unconstrained build operations Thread 52"        [_thread_blocked, id=17420, stack(0x0000007ac3100000,0x0000007ac3200000) (1024K)]
  0x000001e9b25b5fe0 JavaThread "Unconstrained build operations Thread 53"        [_thread_blocked, id=23308, stack(0x0000007ac3200000,0x0000007ac3300000) (1024K)]
  0x000001e9b25b7390 JavaThread "Unconstrained build operations Thread 54"        [_thread_blocked, id=27696, stack(0x0000007ac3300000,0x0000007ac3400000) (1024K)]
Total: 98

Other Threads:
=>0x000001e9a9750c20 VMThread "VM Thread"                           [id=31460, stack(0x0000007abc900000,0x0000007abca00000) (1024K)]
  0x000001e9a9598320 WatcherThread "VM Periodic Task Thread"        [id=39464, stack(0x0000007abc800000,0x0000007abc900000) (1024K)]
  0x000001e991b35150 WorkerThread "GC Thread#0"                     [id=17984, stack(0x0000007abc300000,0x0000007abc400000) (1024K)]
  0x000001e9ae2c13f0 WorkerThread "GC Thread#1"                     [id=36640, stack(0x0000007abd400000,0x0000007abd500000) (1024K)]
  0x000001e9ae1e6b30 WorkerThread "GC Thread#2"                     [id=39784, stack(0x0000007abd500000,0x0000007abd600000) (1024K)]
  0x000001e9ae9f73e0 WorkerThread "GC Thread#3"                     [id=33488, stack(0x0000007abd600000,0x0000007abd700000) (1024K)]
  0x000001e9ae9f7780 WorkerThread "GC Thread#4"                     [id=39788, stack(0x0000007abd700000,0x0000007abd800000) (1024K)]
  0x000001e9af797000 WorkerThread "GC Thread#5"                     [id=36216, stack(0x0000007abd800000,0x0000007abd900000) (1024K)]
  0x000001e9af7973a0 WorkerThread "GC Thread#6"                     [id=38352, stack(0x0000007abd900000,0x0000007abda00000) (1024K)]
  0x000001e9af797740 WorkerThread "GC Thread#7"                     [id=38808, stack(0x0000007abda00000,0x0000007abdb00000) (1024K)]
  0x000001e9af6ffd60 WorkerThread "GC Thread#8"                     [id=11828, stack(0x0000007abdb00000,0x0000007abdc00000) (1024K)]
  0x000001e9af6ff9c0 WorkerThread "GC Thread#9"                     [id=34736, stack(0x0000007abdc00000,0x0000007abdd00000) (1024K)]
  0x000001e991b46040 ConcurrentGCThread "G1 Main Marker"            [id=39392, stack(0x0000007abc400000,0x0000007abc500000) (1024K)]
  0x000001e991b47890 WorkerThread "G1 Conc#0"                       [id=38080, stack(0x0000007abc500000,0x0000007abc600000) (1024K)]
  0x000001e9af700100 WorkerThread "G1 Conc#1"                       [id=34060, stack(0x0000007abe500000,0x0000007abe600000) (1024K)]
  0x000001e9af700be0 WorkerThread "G1 Conc#2"                       [id=40712, stack(0x0000007abe600000,0x0000007abe700000) (1024K)]
  0x000001e9a946a530 ConcurrentGCThread "G1 Refine#0"               [id=30268, stack(0x0000007abc600000,0x0000007abc700000) (1024K)]
  0x000001e9a946aeb0 ConcurrentGCThread "G1 Service"                [id=38952, stack(0x0000007abc700000,0x0000007abc800000) (1024K)]
Total: 18

Threads with active compile tasks:
Total: 0

VM state: at safepoint (normal execution)

VM Mutex/Monitor currently owned by a thread:  ([mutex/lock_event])
[0x00007ffd9c59e3a0] Threads_lock - owner thread: 0x000001e9a9750c20
[0x00007ffd9c59e4a0] Heap_lock - owner thread: 0x000001e9af301360

Heap address: 0x0000000080000000, size: 2048 MB, Compressed Oops mode: 32-bit

CDS archive(s) not mapped
Compressed class space mapped at: 0x0000000100000000-0x0000000140000000, reserved size: 1073741824
Narrow klass base: 0x0000000000000000, Narrow klass shift: 3, Narrow klass range: 0x140000000

GC Precious Log:
 CardTable entry size: 512
 Card Set container configuration: InlinePtr #cards 5 size 8 Array Of Cards #cards 12 size 40 Howl #buckets 4 coarsen threshold 1843 Howl Bitmap #cards 512 size 80 coarsen threshold 460 Card regions per heap region 1 cards per card region 2048
 CPUs: 12 total, 12 available
 Memory: 7531M
 Large Page Support: Disabled
 NUMA Support: Disabled
 Compressed Oops: Enabled (32-bit)
 Heap Region Size: 1M
 Heap Min Capacity: 8M
 Heap Initial Capacity: 118M
 Heap Max Capacity: 2G
 Pre-touch: Disabled
 Parallel Workers: 10
 Concurrent Workers: 3
 Concurrent Refinement Workers: 10
 Periodic GC: Disabled

Heap:
 garbage-first heap   total 301056K, used 112927K [0x0000000080000000, 0x0000000100000000)
  region size 1024K, 1 young (1024K), 1 survivors (1024K)
 Metaspace       used 77264K, committed 79104K, reserved 1179648K
  class space    used 10379K, committed 11264K, reserved 1048576K

Heap Regions: E=young(eden), S=young(survivor), O=old, HS=humongous(starts), HC=humongous(continues), CS=collection set, F=free, TAMS=top-at-mark-start, PB=parsable bottom
|   0|0x0000000080000000, 0x0000000080100000, 0x0000000080100000|100%| O|  |TAMS 0x0000000080000000| PB 0x0000000080000000| Untracked 
|   1|0x0000000080100000, 0x0000000080200000, 0x0000000080200000|100%|HS|  |TAMS 0x0000000080100000| PB 0x0000000080100000| Complete 
|   2|0x0000000080200000, 0x0000000080300000, 0x0000000080300000|100%|HC|  |TAMS 0x0000000080200000| PB 0x0000000080200000| Complete 
|   3|0x0000000080300000, 0x0000000080400000, 0x0000000080400000|100%|HC|  |TAMS 0x0000000080300000| PB 0x0000000080300000| Complete 
|   4|0x0000000080400000, 0x0000000080500000, 0x0000000080500000|100%| O|  |TAMS 0x0000000080400000| PB 0x0000000080400000| Untracked 
|   5|0x0000000080500000, 0x0000000080600000, 0x0000000080600000|100%| O|  |TAMS 0x0000000080500000| PB 0x0000000080500000| Untracked 
|   6|0x0000000080600000, 0x0000000080700000, 0x0000000080700000|100%| O|  |TAMS 0x0000000080600000| PB 0x0000000080600000| Untracked 
|   7|0x0000000080700000, 0x0000000080800000, 0x0000000080800000|100%| O|  |TAMS 0x0000000080700000| PB 0x0000000080700000| Untracked 
|   8|0x0000000080800000, 0x0000000080900000, 0x0000000080900000|100%| O|  |TAMS 0x0000000080800000| PB 0x0000000080800000| Untracked 
|   9|0x0000000080900000, 0x0000000080a00000, 0x0000000080a00000|100%| O|  |TAMS 0x0000000080900000| PB 0x0000000080900000| Untracked 
|  10|0x0000000080a00000, 0x0000000080b00000, 0x0000000080b00000|100%| O|  |TAMS 0x0000000080a00000| PB 0x0000000080a00000| Untracked 
|  11|0x0000000080b00000, 0x0000000080c00000, 0x0000000080c00000|100%|HS|  |TAMS 0x0000000080b00000| PB 0x0000000080b00000| Complete 
|  12|0x0000000080c00000, 0x0000000080d00000, 0x0000000080d00000|100%| O|  |TAMS 0x0000000080c00000| PB 0x0000000080c00000| Untracked 
|  13|0x0000000080d00000, 0x0000000080e00000, 0x0000000080e00000|100%| O|  |TAMS 0x0000000080d00000| PB 0x0000000080d00000| Untracked 
|  14|0x0000000080e00000, 0x0000000080f00000, 0x0000000080f00000|100%| O|  |TAMS 0x0000000080e00000| PB 0x0000000080e00000| Untracked 
|  15|0x0000000080f00000, 0x0000000081000000, 0x0000000081000000|100%| O|  |TAMS 0x0000000080f00000| PB 0x0000000080f00000| Untracked 
|  16|0x0000000081000000, 0x0000000081100000, 0x0000000081100000|100%| O|  |TAMS 0x0000000081000000| PB 0x0000000081000000| Untracked 
|  17|0x0000000081100000, 0x0000000081200000, 0x0000000081200000|100%| O|  |TAMS 0x0000000081100000| PB 0x0000000081100000| Untracked 
|  18|0x0000000081200000, 0x0000000081300000, 0x0000000081300000|100%| O|  |TAMS 0x0000000081200000| PB 0x0000000081200000| Untracked 
|  19|0x0000000081300000, 0x0000000081400000, 0x0000000081400000|100%| O|  |TAMS 0x0000000081300000| PB 0x0000000081300000| Untracked 
|  20|0x0000000081400000, 0x0000000081500000, 0x0000000081500000|100%| O|  |TAMS 0x0000000081400000| PB 0x0000000081400000| Untracked 
|  21|0x0000000081500000, 0x0000000081600000, 0x0000000081600000|100%|HS|  |TAMS 0x0000000081500000| PB 0x0000000081500000| Complete 
|  22|0x0000000081600000, 0x0000000081700000, 0x0000000081700000|100%|HC|  |TAMS 0x0000000081600000| PB 0x0000000081600000| Complete 
|  23|0x0000000081700000, 0x0000000081800000, 0x0000000081800000|100%|HC|  |TAMS 0x0000000081700000| PB 0x0000000081700000| Complete 
|  24|0x0000000081800000, 0x0000000081900000, 0x0000000081900000|100%|HC|  |TAMS 0x0000000081800000| PB 0x0000000081800000| Complete 
|  25|0x0000000081900000, 0x0000000081a00000, 0x0000000081a00000|100%|HC|  |TAMS 0x0000000081900000| PB 0x0000000081900000| Complete 
|  26|0x0000000081a00000, 0x0000000081b00000, 0x0000000081b00000|100%|HC|  |TAMS 0x0000000081a00000| PB 0x0000000081a00000| Complete 
|  27|0x0000000081b00000, 0x0000000081c00000, 0x0000000081c00000|100%|HS|  |TAMS 0x0000000081b00000| PB 0x0000000081b00000| Complete 
|  28|0x0000000081c00000, 0x0000000081d00000, 0x0000000081d00000|100%|HC|  |TAMS 0x0000000081c00000| PB 0x0000000081c00000| Complete 
|  29|0x0000000081d00000, 0x0000000081e00000, 0x0000000081e00000|100%|HC|  |TAMS 0x0000000081d00000| PB 0x0000000081d00000| Complete 
|  30|0x0000000081e00000, 0x0000000081f00000, 0x0000000081f00000|100%|HC|  |TAMS 0x0000000081e00000| PB 0x0000000081e00000| Complete 
|  31|0x0000000081f00000, 0x0000000082000000, 0x0000000082000000|100%|HS|  |TAMS 0x0000000081f00000| PB 0x0000000081f00000| Complete 
|  32|0x0000000082000000, 0x0000000082100000, 0x0000000082100000|100%|HC|  |TAMS 0x0000000082000000| PB 0x0000000082000000| Complete 
|  33|0x0000000082100000, 0x0000000082200000, 0x0000000082200000|100%| O|  |TAMS 0x0000000082100000| PB 0x0000000082100000| Untracked 
|  34|0x0000000082200000, 0x0000000082300000, 0x0000000082300000|100%| O|  |TAMS 0x0000000082200000| PB 0x0000000082200000| Untracked 
|  35|0x0000000082300000, 0x0000000082400000, 0x0000000082400000|100%| O|  |TAMS 0x0000000082300000| PB 0x0000000082300000| Untracked 
|  36|0x0000000082400000, 0x0000000082500000, 0x0000000082500000|100%| O|  |TAMS 0x0000000082400000| PB 0x0000000082400000| Untracked 
|  37|0x0000000082500000, 0x0000000082600000, 0x0000000082600000|100%|HS|  |TAMS 0x0000000082500000| PB 0x0000000082500000| Complete 
|  38|0x0000000082600000, 0x0000000082700000, 0x0000000082700000|100%| O|  |TAMS 0x0000000082600000| PB 0x0000000082600000| Untracked 
|  39|0x0000000082700000, 0x0000000082800000, 0x0000000082800000|100%| O|  |TAMS 0x0000000082700000| PB 0x0000000082700000| Untracked 
|  40|0x0000000082800000, 0x0000000082900000, 0x0000000082900000|100%| O|  |TAMS 0x0000000082800000| PB 0x0000000082800000| Untracked 
|  41|0x0000000082900000, 0x0000000082a00000, 0x0000000082a00000|100%| O|  |TAMS 0x0000000082900000| PB 0x0000000082900000| Untracked 
|  42|0x0000000082a00000, 0x0000000082b00000, 0x0000000082b00000|100%| O|  |TAMS 0x0000000082a00000| PB 0x0000000082a00000| Untracked 
|  43|0x0000000082b00000, 0x0000000082c00000, 0x0000000082c00000|100%| O|  |TAMS 0x0000000082b00000| PB 0x0000000082b00000| Untracked 
|  44|0x0000000082c00000, 0x0000000082d00000, 0x0000000082d00000|100%| O|  |TAMS 0x0000000082c00000| PB 0x0000000082c00000| Untracked 
|  45|0x0000000082d00000, 0x0000000082e00000, 0x0000000082e00000|100%| O|  |TAMS 0x0000000082d00000| PB 0x0000000082d00000| Untracked 
|  46|0x0000000082e00000, 0x0000000082f00000, 0x0000000082f00000|100%| O|  |TAMS 0x0000000082e00000| PB 0x0000000082e00000| Untracked 
|  47|0x0000000082f00000, 0x0000000083000000, 0x0000000083000000|100%| O|  |TAMS 0x0000000082f00000| PB 0x0000000082f00000| Untracked 
|  48|0x0000000083000000, 0x0000000083100000, 0x0000000083100000|100%| O|  |TAMS 0x0000000083000000| PB 0x0000000083000000| Untracked 
|  49|0x0000000083100000, 0x0000000083200000, 0x0000000083200000|100%| O|  |TAMS 0x0000000083100000| PB 0x0000000083100000| Untracked 
|  50|0x0000000083200000, 0x0000000083300000, 0x0000000083300000|100%| O|  |TAMS 0x0000000083200000| PB 0x0000000083200000| Untracked 
|  51|0x0000000083300000, 0x0000000083400000, 0x0000000083400000|100%| O|  |TAMS 0x0000000083300000| PB 0x0000000083300000| Untracked 
|  52|0x0000000083400000, 0x0000000083500000, 0x0000000083500000|100%|HS|  |TAMS 0x0000000083400000| PB 0x0000000083400000| Complete 
|  53|0x0000000083500000, 0x0000000083600000, 0x0000000083600000|100%|HC|  |TAMS 0x0000000083500000| PB 0x0000000083500000| Complete 
|  54|0x0000000083600000, 0x0000000083700000, 0x0000000083700000|100%|HS|  |TAMS 0x0000000083600000| PB 0x0000000083600000| Complete 
|  55|0x0000000083700000, 0x0000000083800000, 0x0000000083800000|100%|HC|  |TAMS 0x0000000083700000| PB 0x0000000083700000| Complete 
|  56|0x0000000083800000, 0x0000000083900000, 0x0000000083900000|100%|HC|  |TAMS 0x0000000083800000| PB 0x0000000083800000| Complete 
|  57|0x0000000083900000, 0x0000000083a00000, 0x0000000083a00000|100%|HC|  |TAMS 0x0000000083900000| PB 0x0000000083900000| Complete 
|  58|0x0000000083a00000, 0x0000000083b00000, 0x0000000083b00000|100%|HC|  |TAMS 0x0000000083a00000| PB 0x0000000083a00000| Complete 
|  59|0x0000000083b00000, 0x0000000083c00000, 0x0000000083c00000|100%|HC|  |TAMS 0x0000000083b00000| PB 0x0000000083b00000| Complete 
|  60|0x0000000083c00000, 0x0000000083d00000, 0x0000000083d00000|100%|HS|  |TAMS 0x0000000083c00000| PB 0x0000000083c00000| Complete 
|  61|0x0000000083d00000, 0x0000000083e00000, 0x0000000083e00000|100%|HC|  |TAMS 0x0000000083d00000| PB 0x0000000083d00000| Complete 
|  62|0x0000000083e00000, 0x0000000083f00000, 0x0000000083f00000|100%|HC|  |TAMS 0x0000000083e00000| PB 0x0000000083e00000| Complete 
|  63|0x0000000083f00000, 0x0000000084000000, 0x0000000084000000|100%|HC|  |TAMS 0x0000000083f00000| PB 0x0000000083f00000| Complete 
|  64|0x0000000084000000, 0x0000000084100000, 0x0000000084100000|100%|HC|  |TAMS 0x0000000084000000| PB 0x0000000084000000| Complete 
|  65|0x0000000084100000, 0x0000000084200000, 0x0000000084200000|100%|HC|  |TAMS 0x0000000084100000| PB 0x0000000084100000| Complete 
|  66|0x0000000084200000, 0x0000000084300000, 0x0000000084300000|100%| O|  |TAMS 0x0000000084200000| PB 0x0000000084200000| Untracked 
|  67|0x0000000084300000, 0x0000000084400000, 0x0000000084400000|100%| O|  |TAMS 0x0000000084300000| PB 0x0000000084300000| Untracked 
|  68|0x0000000084400000, 0x0000000084500000, 0x0000000084500000|100%| O|  |TAMS 0x0000000084400000| PB 0x0000000084400000| Untracked 
|  69|0x0000000084500000, 0x0000000084600000, 0x0000000084600000|100%|HS|  |TAMS 0x0000000084500000| PB 0x0000000084500000| Complete 
|  70|0x0000000084600000, 0x0000000084700000, 0x0000000084700000|100%| O|  |TAMS 0x0000000084600000| PB 0x0000000084600000| Untracked 
|  71|0x0000000084700000, 0x0000000084800000, 0x0000000084800000|100%| O|  |TAMS 0x0000000084700000| PB 0x0000000084700000| Untracked 
|  72|0x0000000084800000, 0x0000000084900000, 0x0000000084900000|100%| O|  |TAMS 0x0000000084800000| PB 0x0000000084800000| Untracked 
|  73|0x0000000084900000, 0x0000000084a00000, 0x0000000084a00000|100%| O|  |TAMS 0x0000000084900000| PB 0x0000000084900000| Untracked 
|  74|0x0000000084a00000, 0x0000000084b00000, 0x0000000084b00000|100%| O|  |TAMS 0x0000000084a00000| PB 0x0000000084a00000| Untracked 
|  75|0x0000000084b00000, 0x0000000084c00000, 0x0000000084c00000|100%| O|  |TAMS 0x0000000084b00000| PB 0x0000000084b00000| Untracked 
|  76|0x0000000084c00000, 0x0000000084d00000, 0x0000000084d00000|100%| O|  |TAMS 0x0000000084c00000| PB 0x0000000084c00000| Untracked 
|  77|0x0000000084d00000, 0x0000000084e00000, 0x0000000084e00000|100%| O|  |TAMS 0x0000000084d00000| PB 0x0000000084d00000| Untracked 
|  78|0x0000000084e00000, 0x0000000084f00000, 0x0000000084f00000|100%| O|  |TAMS 0x0000000084e00000| PB 0x0000000084e00000| Untracked 
|  79|0x0000000084f00000, 0x0000000085000000, 0x0000000085000000|100%| O|  |TAMS 0x0000000084f00000| PB 0x0000000084f00000| Untracked 
|  80|0x0000000085000000, 0x0000000085100000, 0x0000000085100000|100%| O|  |TAMS 0x0000000085000000| PB 0x0000000085000000| Untracked 
|  81|0x0000000085100000, 0x0000000085100000, 0x0000000085200000|  0%| F|  |TAMS 0x0000000085100000| PB 0x0000000085100000| Untracked 
|  82|0x0000000085200000, 0x0000000085200000, 0x0000000085300000|  0%| F|  |TAMS 0x0000000085200000| PB 0x0000000085200000| Untracked 
|  83|0x0000000085300000, 0x0000000085400000, 0x0000000085400000|100%| O|  |TAMS 0x0000000085300000| PB 0x0000000085300000| Untracked 
|  84|0x0000000085400000, 0x0000000085500000, 0x0000000085500000|100%| O|  |TAMS 0x0000000085400000| PB 0x0000000085400000| Untracked 
|  85|0x0000000085500000, 0x0000000085600000, 0x0000000085600000|100%| O|  |TAMS 0x0000000085500000| PB 0x0000000085500000| Untracked 
|  86|0x0000000085600000, 0x0000000085700000, 0x0000000085700000|100%| O|  |TAMS 0x0000000085600000| PB 0x0000000085600000| Untracked 
|  87|0x0000000085700000, 0x0000000085800000, 0x0000000085800000|100%| O|  |TAMS 0x0000000085700000| PB 0x0000000085700000| Untracked 
|  88|0x0000000085800000, 0x0000000085900000, 0x0000000085900000|100%| O|  |TAMS 0x0000000085800000| PB 0x0000000085800000| Untracked 
|  89|0x0000000085900000, 0x0000000085a00000, 0x0000000085a00000|100%| O|  |TAMS 0x0000000085900000| PB 0x0000000085900000| Untracked 
|  90|0x0000000085a00000, 0x0000000085b00000, 0x0000000085b00000|100%| O|  |TAMS 0x0000000085a00000| PB 0x0000000085a00000| Untracked 
|  91|0x0000000085b00000, 0x0000000085c00000, 0x0000000085c00000|100%|HS|  |TAMS 0x0000000085b00000| PB 0x0000000085b00000| Complete 
|  92|0x0000000085c00000, 0x0000000085d00000, 0x0000000085d00000|100%|HS|  |TAMS 0x0000000085c00000| PB 0x0000000085c00000| Complete 
|  93|0x0000000085d00000, 0x0000000085e00000, 0x0000000085e00000|100%|HS|  |TAMS 0x0000000085d00000| PB 0x0000000085d00000| Complete 
|  94|0x0000000085e00000, 0x0000000085f00000, 0x0000000085f00000|100%|HC|  |TAMS 0x0000000085e00000| PB 0x0000000085e00000| Complete 
|  95|0x0000000085f00000, 0x0000000086000000, 0x0000000086000000|100%|HS|  |TAMS 0x0000000085f00000| PB 0x0000000085f00000| Complete 
|  96|0x0000000086000000, 0x0000000086100000, 0x0000000086100000|100%|HC|  |TAMS 0x0000000086000000| PB 0x0000000086000000| Complete 
|  97|0x0000000086100000, 0x0000000086200000, 0x0000000086200000|100%|HS|  |TAMS 0x0000000086100000| PB 0x0000000086100000| Complete 
|  98|0x0000000086200000, 0x0000000086300000, 0x0000000086300000|100%|HS|  |TAMS 0x0000000086200000| PB 0x0000000086200000| Complete 
|  99|0x0000000086300000, 0x0000000086400000, 0x0000000086400000|100%|HS|  |TAMS 0x0000000086300000| PB 0x0000000086300000| Complete 
| 100|0x0000000086400000, 0x0000000086500000, 0x0000000086500000|100%|HC|  |TAMS 0x0000000086400000| PB 0x0000000086400000| Complete 
| 101|0x0000000086500000, 0x0000000086600000, 0x0000000086600000|100%|HC|  |TAMS 0x0000000086500000| PB 0x0000000086500000| Complete 
| 102|0x0000000086600000, 0x0000000086700000, 0x0000000086700000|100%|HC|  |TAMS 0x0000000086600000| PB 0x0000000086600000| Complete 
| 103|0x0000000086700000, 0x0000000086800000, 0x0000000086800000|100%|HS|  |TAMS 0x0000000086700000| PB 0x0000000086700000| Complete 
| 104|0x0000000086800000, 0x0000000086900000, 0x0000000086900000|100%| O|  |TAMS 0x0000000086800000| PB 0x0000000086800000| Untracked 
| 105|0x0000000086900000, 0x0000000086a00000, 0x0000000086a00000|100%|HS|  |TAMS 0x0000000086900000| PB 0x0000000086900000| Complete 
| 106|0x0000000086a00000, 0x0000000086b00000, 0x0000000086b00000|100%| O|  |TAMS 0x0000000086a00000| PB 0x0000000086a00000| Untracked 
| 107|0x0000000086b00000, 0x0000000086c00000, 0x0000000086c00000|100%| O|  |TAMS 0x0000000086b00000| PB 0x0000000086b00000| Untracked 
| 108|0x0000000086c00000, 0x0000000086d00000, 0x0000000086d00000|100%| O|  |TAMS 0x0000000086c00000| PB 0x0000000086c00000| Untracked 
| 109|0x0000000086d00000, 0x0000000086e00000, 0x0000000086e00000|100%| O|  |TAMS 0x0000000086d00000| PB 0x0000000086d00000| Untracked 
| 110|0x0000000086e00000, 0x0000000086f00000, 0x0000000086f00000|100%| O|  |TAMS 0x0000000086e00000| PB 0x0000000086e00000| Untracked 
| 111|0x0000000086f00000, 0x0000000086f507c0, 0x0000000087000000| 31%| O|  |TAMS 0x0000000086f00000| PB 0x0000000086f00000| Untracked 
| 112|0x0000000087000000, 0x0000000087000000, 0x0000000087100000|  0%| F|  |TAMS 0x0000000087000000| PB 0x0000000087000000| Untracked 
| 113|0x0000000087100000, 0x0000000087100000, 0x0000000087200000|  0%| F|  |TAMS 0x0000000087100000| PB 0x0000000087100000| Untracked 
| 114|0x0000000087200000, 0x0000000087200000, 0x0000000087300000|  0%| F|  |TAMS 0x0000000087200000| PB 0x0000000087200000| Untracked 
| 115|0x0000000087300000, 0x0000000087300000, 0x0000000087400000|  0%| F|  |TAMS 0x0000000087300000| PB 0x0000000087300000| Untracked 
| 116|0x0000000087400000, 0x0000000087400000, 0x0000000087500000|  0%| F|  |TAMS 0x0000000087400000| PB 0x0000000087400000| Untracked 
| 117|0x0000000087500000, 0x0000000087500000, 0x0000000087600000|  0%| F|  |TAMS 0x0000000087500000| PB 0x0000000087500000| Untracked 
| 118|0x0000000087600000, 0x0000000087600000, 0x0000000087700000|  0%| F|  |TAMS 0x0000000087600000| PB 0x0000000087600000| Untracked 
| 119|0x0000000087700000, 0x0000000087700000, 0x0000000087800000|  0%| F|  |TAMS 0x0000000087700000| PB 0x0000000087700000| Untracked 
| 120|0x0000000087800000, 0x0000000087800000, 0x0000000087900000|  0%| F|  |TAMS 0x0000000087800000| PB 0x0000000087800000| Untracked 
| 121|0x0000000087900000, 0x0000000087900000, 0x0000000087a00000|  0%| F|  |TAMS 0x0000000087900000| PB 0x0000000087900000| Untracked 
| 122|0x0000000087a00000, 0x0000000087a00000, 0x0000000087b00000|  0%| F|  |TAMS 0x0000000087a00000| PB 0x0000000087a00000| Untracked 
| 123|0x0000000087b00000, 0x0000000087b00000, 0x0000000087c00000|  0%| F|  |TAMS 0x0000000087b00000| PB 0x0000000087b00000| Untracked 
| 124|0x0000000087c00000, 0x0000000087c00000, 0x0000000087d00000|  0%| F|  |TAMS 0x0000000087c00000| PB 0x0000000087c00000| Untracked 
| 125|0x0000000087d00000, 0x0000000087d00000, 0x0000000087e00000|  0%| F|  |TAMS 0x0000000087d00000| PB 0x0000000087d00000| Untracked 
| 126|0x0000000087e00000, 0x0000000087e00000, 0x0000000087f00000|  0%| F|  |TAMS 0x0000000087e00000| PB 0x0000000087e00000| Untracked 
| 127|0x0000000087f00000, 0x0000000087f00000, 0x0000000088000000|  0%| F|  |TAMS 0x0000000087f00000| PB 0x0000000087f00000| Untracked 
| 128|0x0000000088000000, 0x0000000088000000, 0x0000000088100000|  0%| F|  |TAMS 0x0000000088000000| PB 0x0000000088000000| Untracked 
| 129|0x0000000088100000, 0x0000000088100000, 0x0000000088200000|  0%| F|  |TAMS 0x0000000088100000| PB 0x0000000088100000| Untracked 
| 130|0x0000000088200000, 0x0000000088200000, 0x0000000088300000|  0%| F|  |TAMS 0x0000000088200000| PB 0x0000000088200000| Untracked 
| 131|0x0000000088300000, 0x0000000088300000, 0x0000000088400000|  0%| F|  |TAMS 0x0000000088300000| PB 0x0000000088300000| Untracked 
| 132|0x0000000088400000, 0x0000000088400000, 0x0000000088500000|  0%| F|  |TAMS 0x0000000088400000| PB 0x0000000088400000| Untracked 
| 133|0x0000000088500000, 0x0000000088500000, 0x0000000088600000|  0%| F|  |TAMS 0x0000000088500000| PB 0x0000000088500000| Untracked 
| 134|0x0000000088600000, 0x0000000088600000, 0x0000000088700000|  0%| F|  |TAMS 0x0000000088600000| PB 0x0000000088600000| Untracked 
| 135|0x0000000088700000, 0x0000000088700000, 0x0000000088800000|  0%| F|  |TAMS 0x0000000088700000| PB 0x0000000088700000| Untracked 
| 136|0x0000000088800000, 0x0000000088800000, 0x0000000088900000|  0%| F|  |TAMS 0x0000000088800000| PB 0x0000000088800000| Untracked 
| 137|0x0000000088900000, 0x0000000088900000, 0x0000000088a00000|  0%| F|  |TAMS 0x0000000088900000| PB 0x0000000088900000| Untracked 
| 138|0x0000000088a00000, 0x0000000088a00000, 0x0000000088b00000|  0%| F|  |TAMS 0x0000000088a00000| PB 0x0000000088a00000| Untracked 
| 139|0x0000000088b00000, 0x0000000088b00000, 0x0000000088c00000|  0%| F|  |TAMS 0x0000000088b00000| PB 0x0000000088b00000| Untracked 
| 140|0x0000000088c00000, 0x0000000088c00000, 0x0000000088d00000|  0%| F|  |TAMS 0x0000000088c00000| PB 0x0000000088c00000| Untracked 
| 141|0x0000000088d00000, 0x0000000088d00000, 0x0000000088e00000|  0%| F|  |TAMS 0x0000000088d00000| PB 0x0000000088d00000| Untracked 
| 142|0x0000000088e00000, 0x0000000088e00000, 0x0000000088f00000|  0%| F|  |TAMS 0x0000000088e00000| PB 0x0000000088e00000| Untracked 
| 143|0x0000000088f00000, 0x0000000088f00000, 0x0000000089000000|  0%| F|  |TAMS 0x0000000088f00000| PB 0x0000000088f00000| Untracked 
| 144|0x0000000089000000, 0x0000000089000000, 0x0000000089100000|  0%| F|  |TAMS 0x0000000089000000| PB 0x0000000089000000| Untracked 
| 145|0x0000000089100000, 0x0000000089100000, 0x0000000089200000|  0%| F|  |TAMS 0x0000000089100000| PB 0x0000000089100000| Untracked 
| 146|0x0000000089200000, 0x0000000089200000, 0x0000000089300000|  0%| F|  |TAMS 0x0000000089200000| PB 0x0000000089200000| Untracked 
| 147|0x0000000089300000, 0x0000000089300000, 0x0000000089400000|  0%| F|  |TAMS 0x0000000089300000| PB 0x0000000089300000| Untracked 
| 148|0x0000000089400000, 0x0000000089400000, 0x0000000089500000|  0%| F|  |TAMS 0x0000000089400000| PB 0x0000000089400000| Untracked 
| 149|0x0000000089500000, 0x0000000089500000, 0x0000000089600000|  0%| F|  |TAMS 0x0000000089500000| PB 0x0000000089500000| Untracked 
| 150|0x0000000089600000, 0x0000000089600000, 0x0000000089700000|  0%| F|  |TAMS 0x0000000089600000| PB 0x0000000089600000| Untracked 
| 151|0x0000000089700000, 0x0000000089700000, 0x0000000089800000|  0%| F|  |TAMS 0x0000000089700000| PB 0x0000000089700000| Untracked 
| 152|0x0000000089800000, 0x0000000089800000, 0x0000000089900000|  0%| F|  |TAMS 0x0000000089800000| PB 0x0000000089800000| Untracked 
| 153|0x0000000089900000, 0x0000000089900000, 0x0000000089a00000|  0%| F|  |TAMS 0x0000000089900000| PB 0x0000000089900000| Untracked 
| 154|0x0000000089a00000, 0x0000000089a00000, 0x0000000089b00000|  0%| F|  |TAMS 0x0000000089a00000| PB 0x0000000089a00000| Untracked 
| 155|0x0000000089b00000, 0x0000000089b00000, 0x0000000089c00000|  0%| F|  |TAMS 0x0000000089b00000| PB 0x0000000089b00000| Untracked 
| 156|0x0000000089c00000, 0x0000000089c00000, 0x0000000089d00000|  0%| F|  |TAMS 0x0000000089c00000| PB 0x0000000089c00000| Untracked 
| 157|0x0000000089d00000, 0x0000000089d00000, 0x0000000089e00000|  0%| F|  |TAMS 0x0000000089d00000| PB 0x0000000089d00000| Untracked 
| 158|0x0000000089e00000, 0x0000000089e00000, 0x0000000089f00000|  0%| F|  |TAMS 0x0000000089e00000| PB 0x0000000089e00000| Untracked 
| 159|0x0000000089f00000, 0x0000000089f00000, 0x000000008a000000|  0%| F|  |TAMS 0x0000000089f00000| PB 0x0000000089f00000| Untracked 
| 160|0x000000008a000000, 0x000000008a000000, 0x000000008a100000|  0%| F|  |TAMS 0x000000008a000000| PB 0x000000008a000000| Untracked 
| 161|0x000000008a100000, 0x000000008a100000, 0x000000008a200000|  0%| F|  |TAMS 0x000000008a100000| PB 0x000000008a100000| Untracked 
| 162|0x000000008a200000, 0x000000008a200000, 0x000000008a300000|  0%| F|  |TAMS 0x000000008a200000| PB 0x000000008a200000| Untracked 
| 163|0x000000008a300000, 0x000000008a300000, 0x000000008a400000|  0%| F|  |TAMS 0x000000008a300000| PB 0x000000008a300000| Untracked 
| 164|0x000000008a400000, 0x000000008a400000, 0x000000008a500000|  0%| F|  |TAMS 0x000000008a400000| PB 0x000000008a400000| Untracked 
| 165|0x000000008a500000, 0x000000008a500000, 0x000000008a600000|  0%| F|  |TAMS 0x000000008a500000| PB 0x000000008a500000| Untracked 
| 166|0x000000008a600000, 0x000000008a600000, 0x000000008a700000|  0%| F|  |TAMS 0x000000008a600000| PB 0x000000008a600000| Untracked 
| 167|0x000000008a700000, 0x000000008a700000, 0x000000008a800000|  0%| F|  |TAMS 0x000000008a700000| PB 0x000000008a700000| Untracked 
| 168|0x000000008a800000, 0x000000008a800000, 0x000000008a900000|  0%| F|  |TAMS 0x000000008a800000| PB 0x000000008a800000| Untracked 
| 169|0x000000008a900000, 0x000000008a900000, 0x000000008aa00000|  0%| F|  |TAMS 0x000000008a900000| PB 0x000000008a900000| Untracked 
| 170|0x000000008aa00000, 0x000000008aa00000, 0x000000008ab00000|  0%| F|  |TAMS 0x000000008aa00000| PB 0x000000008aa00000| Untracked 
| 171|0x000000008ab00000, 0x000000008ab00000, 0x000000008ac00000|  0%| F|  |TAMS 0x000000008ab00000| PB 0x000000008ab00000| Untracked 
| 172|0x000000008ac00000, 0x000000008ac00000, 0x000000008ad00000|  0%| F|  |TAMS 0x000000008ac00000| PB 0x000000008ac00000| Untracked 
| 173|0x000000008ad00000, 0x000000008ad00000, 0x000000008ae00000|  0%| F|  |TAMS 0x000000008ad00000| PB 0x000000008ad00000| Untracked 
| 174|0x000000008ae00000, 0x000000008ae00000, 0x000000008af00000|  0%| F|  |TAMS 0x000000008ae00000| PB 0x000000008ae00000| Untracked 
| 175|0x000000008af00000, 0x000000008af00000, 0x000000008b000000|  0%| F|  |TAMS 0x000000008af00000| PB 0x000000008af00000| Untracked 
| 176|0x000000008b000000, 0x000000008b000000, 0x000000008b100000|  0%| F|  |TAMS 0x000000008b000000| PB 0x000000008b000000| Untracked 
| 177|0x000000008b100000, 0x000000008b100000, 0x000000008b200000|  0%| F|  |TAMS 0x000000008b100000| PB 0x000000008b100000| Untracked 
| 178|0x000000008b200000, 0x000000008b200000, 0x000000008b300000|  0%| F|  |TAMS 0x000000008b200000| PB 0x000000008b200000| Untracked 
| 179|0x000000008b300000, 0x000000008b300000, 0x000000008b400000|  0%| F|  |TAMS 0x000000008b300000| PB 0x000000008b300000| Untracked 
| 180|0x000000008b400000, 0x000000008b400000, 0x000000008b500000|  0%| F|  |TAMS 0x000000008b400000| PB 0x000000008b400000| Untracked 
| 181|0x000000008b500000, 0x000000008b500000, 0x000000008b600000|  0%| F|  |TAMS 0x000000008b500000| PB 0x000000008b500000| Untracked 
| 182|0x000000008b600000, 0x000000008b600000, 0x000000008b700000|  0%| F|  |TAMS 0x000000008b600000| PB 0x000000008b600000| Untracked 
| 183|0x000000008b700000, 0x000000008b700000, 0x000000008b800000|  0%| F|  |TAMS 0x000000008b700000| PB 0x000000008b700000| Untracked 
| 184|0x000000008b800000, 0x000000008b800000, 0x000000008b900000|  0%| F|  |TAMS 0x000000008b800000| PB 0x000000008b800000| Untracked 
| 185|0x000000008b900000, 0x000000008b900000, 0x000000008ba00000|  0%| F|  |TAMS 0x000000008b900000| PB 0x000000008b900000| Untracked 
| 186|0x000000008ba00000, 0x000000008ba00000, 0x000000008bb00000|  0%| F|  |TAMS 0x000000008ba00000| PB 0x000000008ba00000| Untracked 
| 187|0x000000008bb00000, 0x000000008bb00000, 0x000000008bc00000|  0%| F|  |TAMS 0x000000008bb00000| PB 0x000000008bb00000| Untracked 
| 188|0x000000008bc00000, 0x000000008bc00000, 0x000000008bd00000|  0%| F|  |TAMS 0x000000008bc00000| PB 0x000000008bc00000| Untracked 
| 189|0x000000008bd00000, 0x000000008bd00000, 0x000000008be00000|  0%| F|  |TAMS 0x000000008bd00000| PB 0x000000008bd00000| Untracked 
| 190|0x000000008be00000, 0x000000008be00000, 0x000000008bf00000|  0%| F|  |TAMS 0x000000008be00000| PB 0x000000008be00000| Untracked 
| 191|0x000000008bf00000, 0x000000008bf00000, 0x000000008c000000|  0%| F|  |TAMS 0x000000008bf00000| PB 0x000000008bf00000| Untracked 
| 192|0x000000008c000000, 0x000000008c000000, 0x000000008c100000|  0%| F|  |TAMS 0x000000008c000000| PB 0x000000008c000000| Untracked 
| 193|0x000000008c100000, 0x000000008c100000, 0x000000008c200000|  0%| F|  |TAMS 0x000000008c100000| PB 0x000000008c100000| Untracked 
| 194|0x000000008c200000, 0x000000008c200000, 0x000000008c300000|  0%| F|  |TAMS 0x000000008c200000| PB 0x000000008c200000| Untracked 
| 195|0x000000008c300000, 0x000000008c300000, 0x000000008c400000|  0%| F|  |TAMS 0x000000008c300000| PB 0x000000008c300000| Untracked 
| 196|0x000000008c400000, 0x000000008c400000, 0x000000008c500000|  0%| F|  |TAMS 0x000000008c400000| PB 0x000000008c400000| Untracked 
| 197|0x000000008c500000, 0x000000008c500000, 0x000000008c600000|  0%| F|  |TAMS 0x000000008c500000| PB 0x000000008c500000| Untracked 
| 198|0x000000008c600000, 0x000000008c600000, 0x000000008c700000|  0%| F|  |TAMS 0x000000008c600000| PB 0x000000008c600000| Untracked 
| 199|0x000000008c700000, 0x000000008c700000, 0x000000008c800000|  0%| F|  |TAMS 0x000000008c700000| PB 0x000000008c700000| Untracked 
| 200|0x000000008c800000, 0x000000008c800000, 0x000000008c900000|  0%| F|  |TAMS 0x000000008c800000| PB 0x000000008c800000| Untracked 
| 201|0x000000008c900000, 0x000000008c900000, 0x000000008ca00000|  0%| F|  |TAMS 0x000000008c900000| PB 0x000000008c900000| Untracked 
| 202|0x000000008ca00000, 0x000000008ca00000, 0x000000008cb00000|  0%| F|  |TAMS 0x000000008ca00000| PB 0x000000008ca00000| Untracked 
| 203|0x000000008cb00000, 0x000000008cb00000, 0x000000008cc00000|  0%| F|  |TAMS 0x000000008cb00000| PB 0x000000008cb00000| Untracked 
| 204|0x000000008cc00000, 0x000000008cc00000, 0x000000008cd00000|  0%| F|  |TAMS 0x000000008cc00000| PB 0x000000008cc00000| Untracked 
| 205|0x000000008cd00000, 0x000000008cd00000, 0x000000008ce00000|  0%| F|  |TAMS 0x000000008cd00000| PB 0x000000008cd00000| Untracked 
| 206|0x000000008ce00000, 0x000000008ce00000, 0x000000008cf00000|  0%| F|  |TAMS 0x000000008ce00000| PB 0x000000008ce00000| Untracked 
| 207|0x000000008cf00000, 0x000000008cf00000, 0x000000008d000000|  0%| F|  |TAMS 0x000000008cf00000| PB 0x000000008cf00000| Untracked 
| 208|0x000000008d000000, 0x000000008d000000, 0x000000008d100000|  0%| F|  |TAMS 0x000000008d000000| PB 0x000000008d000000| Untracked 
| 209|0x000000008d100000, 0x000000008d100000, 0x000000008d200000|  0%| F|  |TAMS 0x000000008d100000| PB 0x000000008d100000| Untracked 
| 210|0x000000008d200000, 0x000000008d200000, 0x000000008d300000|  0%| F|  |TAMS 0x000000008d200000| PB 0x000000008d200000| Untracked 
| 211|0x000000008d300000, 0x000000008d300000, 0x000000008d400000|  0%| F|  |TAMS 0x000000008d300000| PB 0x000000008d300000| Untracked 
| 212|0x000000008d400000, 0x000000008d400000, 0x000000008d500000|  0%| F|  |TAMS 0x000000008d400000| PB 0x000000008d400000| Untracked 
| 213|0x000000008d500000, 0x000000008d500000, 0x000000008d600000|  0%| F|  |TAMS 0x000000008d500000| PB 0x000000008d500000| Untracked 
| 214|0x000000008d600000, 0x000000008d600000, 0x000000008d700000|  0%| F|  |TAMS 0x000000008d600000| PB 0x000000008d600000| Untracked 
| 215|0x000000008d700000, 0x000000008d700000, 0x000000008d800000|  0%| F|  |TAMS 0x000000008d700000| PB 0x000000008d700000| Untracked 
| 216|0x000000008d800000, 0x000000008d800000, 0x000000008d900000|  0%| F|  |TAMS 0x000000008d800000| PB 0x000000008d800000| Untracked 
| 217|0x000000008d900000, 0x000000008d900000, 0x000000008da00000|  0%| F|  |TAMS 0x000000008d900000| PB 0x000000008d900000| Untracked 
| 218|0x000000008da00000, 0x000000008da00000, 0x000000008db00000|  0%| F|  |TAMS 0x000000008da00000| PB 0x000000008da00000| Untracked 
| 219|0x000000008db00000, 0x000000008db00000, 0x000000008dc00000|  0%| F|  |TAMS 0x000000008db00000| PB 0x000000008db00000| Untracked 
| 220|0x000000008dc00000, 0x000000008dc00000, 0x000000008dd00000|  0%| F|  |TAMS 0x000000008dc00000| PB 0x000000008dc00000| Untracked 
| 221|0x000000008dd00000, 0x000000008dd00000, 0x000000008de00000|  0%| F|  |TAMS 0x000000008dd00000| PB 0x000000008dd00000| Untracked 
| 222|0x000000008de00000, 0x000000008de00000, 0x000000008df00000|  0%| F|  |TAMS 0x000000008de00000| PB 0x000000008de00000| Untracked 
| 223|0x000000008df00000, 0x000000008df00000, 0x000000008e000000|  0%| F|  |TAMS 0x000000008df00000| PB 0x000000008df00000| Untracked 
| 224|0x000000008e000000, 0x000000008e000000, 0x000000008e100000|  0%| F|  |TAMS 0x000000008e000000| PB 0x000000008e000000| Untracked 
| 225|0x000000008e100000, 0x000000008e100000, 0x000000008e200000|  0%| F|  |TAMS 0x000000008e100000| PB 0x000000008e100000| Untracked 
| 226|0x000000008e200000, 0x000000008e200000, 0x000000008e300000|  0%| F|  |TAMS 0x000000008e200000| PB 0x000000008e200000| Untracked 
| 227|0x000000008e300000, 0x000000008e300000, 0x000000008e400000|  0%| F|  |TAMS 0x000000008e300000| PB 0x000000008e300000| Untracked 
| 228|0x000000008e400000, 0x000000008e400000, 0x000000008e500000|  0%| F|  |TAMS 0x000000008e400000| PB 0x000000008e400000| Untracked 
| 229|0x000000008e500000, 0x000000008e500000, 0x000000008e600000|  0%| F|  |TAMS 0x000000008e500000| PB 0x000000008e500000| Untracked 
| 230|0x000000008e600000, 0x000000008e600000, 0x000000008e700000|  0%| F|  |TAMS 0x000000008e600000| PB 0x000000008e600000| Untracked 
| 231|0x000000008e700000, 0x000000008e700000, 0x000000008e800000|  0%| F|  |TAMS 0x000000008e700000| PB 0x000000008e700000| Untracked 
| 232|0x000000008e800000, 0x000000008e800000, 0x000000008e900000|  0%| F|  |TAMS 0x000000008e800000| PB 0x000000008e800000| Untracked 
| 233|0x000000008e900000, 0x000000008e900000, 0x000000008ea00000|  0%| F|  |TAMS 0x000000008e900000| PB 0x000000008e900000| Untracked 
| 234|0x000000008ea00000, 0x000000008ea00000, 0x000000008eb00000|  0%| F|  |TAMS 0x000000008ea00000| PB 0x000000008ea00000| Untracked 
| 235|0x000000008eb00000, 0x000000008eb00000, 0x000000008ec00000|  0%| F|  |TAMS 0x000000008eb00000| PB 0x000000008eb00000| Untracked 
| 236|0x000000008ec00000, 0x000000008ec00000, 0x000000008ed00000|  0%| F|  |TAMS 0x000000008ec00000| PB 0x000000008ec00000| Untracked 
| 237|0x000000008ed00000, 0x000000008ed00000, 0x000000008ee00000|  0%| F|  |TAMS 0x000000008ed00000| PB 0x000000008ed00000| Untracked 
| 238|0x000000008ee00000, 0x000000008ee00000, 0x000000008ef00000|  0%| F|  |TAMS 0x000000008ee00000| PB 0x000000008ee00000| Untracked 
| 239|0x000000008ef00000, 0x000000008ef00000, 0x000000008f000000|  0%| F|  |TAMS 0x000000008ef00000| PB 0x000000008ef00000| Untracked 
| 240|0x000000008f000000, 0x000000008f000000, 0x000000008f100000|  0%| F|  |TAMS 0x000000008f000000| PB 0x000000008f000000| Untracked 
| 241|0x000000008f100000, 0x000000008f100000, 0x000000008f200000|  0%| F|  |TAMS 0x000000008f100000| PB 0x000000008f100000| Untracked 
| 242|0x000000008f200000, 0x000000008f200000, 0x000000008f300000|  0%| F|  |TAMS 0x000000008f200000| PB 0x000000008f200000| Untracked 
| 243|0x000000008f300000, 0x000000008f300000, 0x000000008f400000|  0%| F|  |TAMS 0x000000008f300000| PB 0x000000008f300000| Untracked 
| 244|0x000000008f400000, 0x000000008f400000, 0x000000008f500000|  0%| F|  |TAMS 0x000000008f400000| PB 0x000000008f400000| Untracked 
| 245|0x000000008f500000, 0x000000008f500000, 0x000000008f600000|  0%| F|  |TAMS 0x000000008f500000| PB 0x000000008f500000| Untracked 
| 246|0x000000008f600000, 0x000000008f600000, 0x000000008f700000|  0%| F|  |TAMS 0x000000008f600000| PB 0x000000008f600000| Untracked 
| 247|0x000000008f700000, 0x000000008f700000, 0x000000008f800000|  0%| F|  |TAMS 0x000000008f700000| PB 0x000000008f700000| Untracked 
| 248|0x000000008f800000, 0x000000008f800000, 0x000000008f900000|  0%| F|  |TAMS 0x000000008f800000| PB 0x000000008f800000| Untracked 
| 249|0x000000008f900000, 0x000000008f900000, 0x000000008fa00000|  0%| F|  |TAMS 0x000000008f900000| PB 0x000000008f900000| Untracked 
| 250|0x000000008fa00000, 0x000000008fa00000, 0x000000008fb00000|  0%| F|  |TAMS 0x000000008fa00000| PB 0x000000008fa00000| Untracked 
| 251|0x000000008fb00000, 0x000000008fb00000, 0x000000008fc00000|  0%| F|  |TAMS 0x000000008fb00000| PB 0x000000008fb00000| Untracked 
| 252|0x000000008fc00000, 0x000000008fc00000, 0x000000008fd00000|  0%| F|  |TAMS 0x000000008fc00000| PB 0x000000008fc00000| Untracked 
| 253|0x000000008fd00000, 0x000000008fd00000, 0x000000008fe00000|  0%| F|  |TAMS 0x000000008fd00000| PB 0x000000008fd00000| Untracked 
| 254|0x000000008fe00000, 0x000000008fe00000, 0x000000008ff00000|  0%| F|  |TAMS 0x000000008fe00000| PB 0x000000008fe00000| Untracked 
| 255|0x000000008ff00000, 0x000000008ff00000, 0x0000000090000000|  0%| F|  |TAMS 0x000000008ff00000| PB 0x000000008ff00000| Untracked 
| 256|0x0000000090000000, 0x0000000090000000, 0x0000000090100000|  0%| F|  |TAMS 0x0000000090000000| PB 0x0000000090000000| Untracked 
| 257|0x0000000090100000, 0x0000000090100000, 0x0000000090200000|  0%| F|  |TAMS 0x0000000090100000| PB 0x0000000090100000| Untracked 
| 258|0x0000000090200000, 0x0000000090200000, 0x0000000090300000|  0%| F|  |TAMS 0x0000000090200000| PB 0x0000000090200000| Untracked 
| 259|0x0000000090300000, 0x0000000090300000, 0x0000000090400000|  0%| F|  |TAMS 0x0000000090300000| PB 0x0000000090300000| Untracked 
| 260|0x0000000090400000, 0x0000000090400000, 0x0000000090500000|  0%| F|  |TAMS 0x0000000090400000| PB 0x0000000090400000| Untracked 
| 261|0x0000000090500000, 0x0000000090500000, 0x0000000090600000|  0%| F|  |TAMS 0x0000000090500000| PB 0x0000000090500000| Untracked 
| 262|0x0000000090600000, 0x0000000090600000, 0x0000000090700000|  0%| F|  |TAMS 0x0000000090600000| PB 0x0000000090600000| Untracked 
| 263|0x0000000090700000, 0x0000000090700000, 0x0000000090800000|  0%| F|  |TAMS 0x0000000090700000| PB 0x0000000090700000| Untracked 
| 264|0x0000000090800000, 0x0000000090800000, 0x0000000090900000|  0%| F|  |TAMS 0x0000000090800000| PB 0x0000000090800000| Untracked 
| 265|0x0000000090900000, 0x0000000090900000, 0x0000000090a00000|  0%| F|  |TAMS 0x0000000090900000| PB 0x0000000090900000| Untracked 
| 266|0x0000000090a00000, 0x0000000090a00000, 0x0000000090b00000|  0%| F|  |TAMS 0x0000000090a00000| PB 0x0000000090a00000| Untracked 
| 267|0x0000000090b00000, 0x0000000090b00000, 0x0000000090c00000|  0%| F|  |TAMS 0x0000000090b00000| PB 0x0000000090b00000| Untracked 
| 268|0x0000000090c00000, 0x0000000090c00000, 0x0000000090d00000|  0%| F|  |TAMS 0x0000000090c00000| PB 0x0000000090c00000| Untracked 
| 269|0x0000000090d00000, 0x0000000090d00000, 0x0000000090e00000|  0%| F|  |TAMS 0x0000000090d00000| PB 0x0000000090d00000| Untracked 
| 270|0x0000000090e00000, 0x0000000090e00000, 0x0000000090f00000|  0%| F|  |TAMS 0x0000000090e00000| PB 0x0000000090e00000| Untracked 
| 271|0x0000000090f00000, 0x0000000090f00000, 0x0000000091000000|  0%| F|  |TAMS 0x0000000090f00000| PB 0x0000000090f00000| Untracked 
| 272|0x0000000091000000, 0x0000000091000000, 0x0000000091100000|  0%| F|  |TAMS 0x0000000091000000| PB 0x0000000091000000| Untracked 
| 273|0x0000000091100000, 0x0000000091100000, 0x0000000091200000|  0%| F|  |TAMS 0x0000000091100000| PB 0x0000000091100000| Untracked 
| 274|0x0000000091200000, 0x0000000091200000, 0x0000000091300000|  0%| F|  |TAMS 0x0000000091200000| PB 0x0000000091200000| Untracked 
| 275|0x0000000091300000, 0x0000000091300000, 0x0000000091400000|  0%| F|  |TAMS 0x0000000091300000| PB 0x0000000091300000| Untracked 
| 276|0x0000000091400000, 0x0000000091400000, 0x0000000091500000|  0%| F|  |TAMS 0x0000000091400000| PB 0x0000000091400000| Untracked 
| 277|0x0000000091500000, 0x0000000091500000, 0x0000000091600000|  0%| F|  |TAMS 0x0000000091500000| PB 0x0000000091500000| Untracked 
| 278|0x0000000091600000, 0x0000000091600000, 0x0000000091700000|  0%| F|  |TAMS 0x0000000091600000| PB 0x0000000091600000| Untracked 
| 279|0x0000000091700000, 0x0000000091700000, 0x0000000091800000|  0%| F|  |TAMS 0x0000000091700000| PB 0x0000000091700000| Untracked 
| 280|0x0000000091800000, 0x00000000918f74f8, 0x0000000091900000| 96%| S|CS|TAMS 0x0000000091800000| PB 0x0000000091800000| Complete 
| 281|0x0000000091900000, 0x0000000091900000, 0x0000000091a00000|  0%| F|  |TAMS 0x0000000091900000| PB 0x0000000091900000| Untracked 
| 282|0x0000000091a00000, 0x0000000091a00000, 0x0000000091b00000|  0%| F|  |TAMS 0x0000000091a00000| PB 0x0000000091a00000| Untracked 
| 283|0x0000000091b00000, 0x0000000091b00000, 0x0000000091c00000|  0%| F|  |TAMS 0x0000000091b00000| PB 0x0000000091b00000| Untracked 
| 284|0x0000000091c00000, 0x0000000091c00000, 0x0000000091d00000|  0%| F|  |TAMS 0x0000000091c00000| PB 0x0000000091c00000| Untracked 
| 285|0x0000000091d00000, 0x0000000091d00000, 0x0000000091e00000|  0%| F|  |TAMS 0x0000000091d00000| PB 0x0000000091d00000| Untracked 
| 286|0x0000000091e00000, 0x0000000091e00000, 0x0000000091f00000|  0%| F|  |TAMS 0x0000000091e00000| PB 0x0000000091e00000| Untracked 
| 287|0x0000000091f00000, 0x0000000091f00000, 0x0000000092000000|  0%| F|  |TAMS 0x0000000091f00000| PB 0x0000000091f00000| Untracked 
| 288|0x0000000092000000, 0x0000000092000000, 0x0000000092100000|  0%| F|  |TAMS 0x0000000092000000| PB 0x0000000092000000| Untracked 
| 289|0x0000000092100000, 0x0000000092100000, 0x0000000092200000|  0%| F|  |TAMS 0x0000000092100000| PB 0x0000000092100000| Untracked 
| 599|0x00000000a5700000, 0x00000000a5700000, 0x00000000a5800000|  0%| F|  |TAMS 0x00000000a5700000| PB 0x00000000a5700000| Untracked 
| 600|0x00000000a5800000, 0x00000000a5800000, 0x00000000a5900000|  0%| F|  |TAMS 0x00000000a5800000| PB 0x00000000a5800000| Untracked 
| 601|0x00000000a5900000, 0x00000000a5900000, 0x00000000a5a00000|  0%| F|  |TAMS 0x00000000a5900000| PB 0x00000000a5900000| Untracked 
| 602|0x00000000a5a00000, 0x00000000a5a00000, 0x00000000a5b00000|  0%| F|  |TAMS 0x00000000a5a00000| PB 0x00000000a5a00000| Untracked 

Card table byte_map: [0x000001e9a4580000,0x000001e9a4980000] _byte_map_base: 0x000001e9a4180000

Marking Bits: (CMBitMap*) 0x000001e991b35760
 Bits: [0x000001e9a4980000, 0x000001e9a6980000)

Polling page: 0x000001e98f890000

Metaspace:

Usage:
  Non-class:     65.32 MB used.
      Class:     10.14 MB used.
       Both:     75.45 MB used.

Virtual space:
  Non-class space:      128.00 MB reserved,      66.25 MB ( 52%) committed,  2 nodes.
      Class space:        1.00 GB reserved,      11.00 MB (  1%) committed,  1 nodes.
             Both:        1.12 GB reserved,      77.25 MB (  7%) committed. 

Chunk freelists:
   Non-Class:  13.59 MB
       Class:  5.00 MB
        Both:  18.60 MB

MaxMetaspaceSize: unlimited
CompressedClassSpaceSize: 1.00 GB
Initial GC threshold: 21.00 MB
Current GC threshold: 122.75 MB
CDS: off
 - commit_granule_bytes: 65536.
 - commit_granule_words: 8192.
 - virtual_space_node_default_size: 8388608.
 - enlarge_chunks_in_place: 1.
 - use_allocation_guard: 0.


Internal statistics:

num_allocs_failed_limit: 6.
num_arena_births: 3326.
num_arena_deaths: 0.
num_vsnodes_births: 3.
num_vsnodes_deaths: 0.
num_space_committed: 1236.
num_space_uncommitted: 0.
num_chunks_returned_to_freelist: 6.
num_chunks_taken_from_freelist: 6539.
num_chunk_merges: 6.
num_chunk_splits: 4257.
num_chunks_enlarged: 2640.
num_inconsistent_stats: 0.

CodeHeap 'non-profiled nmethods': size=120000Kb used=4488Kb max_used=4488Kb free=115511Kb
 bounds [0x000001e99c700000, 0x000001e99cb70000, 0x000001e9a3c30000]
CodeHeap 'profiled nmethods': size=120000Kb used=14927Kb max_used=15535Kb free=105073Kb
 bounds [0x000001e994c30000, 0x000001e995b70000, 0x000001e99c160000]
CodeHeap 'non-nmethods': size=5760Kb used=2767Kb max_used=2791Kb free=2992Kb
 bounds [0x000001e99c160000, 0x000001e99c430000, 0x000001e99c700000]
 total_blobs=9148 nmethods=8240 adapters=812
 compilation: enabled
              stopped_count=0, restarted_count=0
 full_count=0

Compilation events (20 events):
Event: 523.298 Thread 0x000001e9a97c3d30 nmethod 9729 0x000001e994f43b10 code [0x000001e994f43d00, 0x000001e994f440e0]
Event: 523.299 Thread 0x000001e9a97c0720 nmethod 9732 0x000001e99cb5cb10 code [0x000001e99cb5ccc0, 0x000001e99cb5cfa8]
Event: 523.319 Thread 0x000001e9a97c3d30 9733       3       sun.util.locale.BaseLocale$Key::equals (109 bytes)
Event: 523.325 Thread 0x000001e9a97c3d30 nmethod 9733 0x000001e995312810 code [0x000001e995312a80, 0x000001e9953136b0]
Event: 523.331 Thread 0x000001e9a97c0720 9734       4       sun.util.locale.BaseLocale::getInstance (150 bytes)
Event: 523.401 Thread 0x000001e9a97c3d30 9735       3       sun.util.locale.BaseLocale::equals (71 bytes)
Event: 523.401 Thread 0x000001e9a97c3d30 nmethod 9735 0x000001e994f4c010 code [0x000001e994f4c1e0, 0x000001e994f4c668]
Event: 523.401 Thread 0x000001e9a97c3d30 9736       3       java.util.Locale::hasExtensions (13 bytes)
Event: 523.401 Thread 0x000001e9a97c3d30 nmethod 9736 0x000001e994efba10 code [0x000001e994efbba0, 0x000001e994efbd00]
Event: 523.401 Thread 0x000001e9a97c3d30 9737       3       java.util.Locale::stripExtensions (20 bytes)
Event: 523.402 Thread 0x000001e9a97c3d30 nmethod 9737 0x000001e99581f990 code [0x000001e99581fb60, 0x000001e99581fdd0]
Event: 523.806 Thread 0x000001e9a97c0720 nmethod 9734 0x000001e99cb5d190 code [0x000001e99cb5d5e0, 0x000001e99cb5f688]
Event: 525.101 Thread 0x000001e9a97c3d30 9738       1       org.gradle.internal.reflect.MutableClassDetails::getInstanceFields (5 bytes)
Event: 525.103 Thread 0x000001e9a97c3d30 nmethod 9738 0x000001e99cb60e10 code [0x000001e99cb60fa0, 0x000001e99cb61068]
Event: 525.103 Thread 0x000001e9a97c3d30 9739       3       org.gradle.internal.instantiation.generator.AbstractClassGenerator$ClassGenerationHandler::applyTo (1 bytes)
Event: 525.103 Thread 0x000001e9a97c3d30 nmethod 9739 0x000001e9952e7710 code [0x000001e9952e78a0, 0x000001e9952e79a8]
Event: 525.793 Thread 0x000001e9a97c0720 9740       4       java.lang.StringLatin1::toUpperCase (186 bytes)
Event: 525.881 Thread 0x000001e9a97c0720 nmethod 9740 0x000001e99cb61110 code [0x000001e99cb61300, 0x000001e99cb61c18]
Event: 526.657 Thread 0x000001e9a97c3d30 9741       3       com.google.common.collect.ImmutableCollection::toArray (67 bytes)
Event: 526.663 Thread 0x000001e9a97c3d30 nmethod 9741 0x000001e99526e690 code [0x000001e99526e920, 0x000001e99526f578]

GC Heap History (20 events):
Event: 418.028 GC heap after
{Heap after GC invocations=31 (full 0):
 garbage-first heap   total 205824K, used 89236K [0x0000000080000000, 0x0000000100000000)
  region size 1024K, 2 young (2048K), 2 survivors (2048K)
 Metaspace       used 73597K, committed 75392K, reserved 1114112K
  class space    used 9928K, committed 10816K, reserved 1048576K
}
Event: 419.743 GC heap before
{Heap before GC invocations=31 (full 0):
 garbage-first heap   total 205824K, used 96404K [0x0000000080000000, 0x0000000100000000)
  region size 1024K, 10 young (10240K), 2 survivors (2048K)
 Metaspace       used 73600K, committed 75392K, reserved 1114112K
  class space    used 9928K, committed 10816K, reserved 1048576K
}
Event: 420.248 GC heap after
{Heap after GC invocations=32 (full 0):
 garbage-first heap   total 617472K, used 89678K [0x0000000080000000, 0x0000000100000000)
  region size 1024K, 2 young (2048K), 2 survivors (2048K)
 Metaspace       used 73600K, committed 75392K, reserved 1114112K
  class space    used 9928K, committed 10816K, reserved 1048576K
}
Event: 422.779 GC heap before
{Heap before GC invocations=32 (full 0):
 garbage-first heap   total 301056K, used 100942K [0x0000000080000000, 0x0000000100000000)
  region size 1024K, 14 young (14336K), 2 survivors (2048K)
 Metaspace       used 73601K, committed 75392K, reserved 1114112K
  class space    used 9929K, committed 10816K, reserved 1048576K
}
Event: 422.897 GC heap after
{Heap after GC invocations=33 (full 0):
 garbage-first heap   total 301056K, used 90134K [0x0000000080000000, 0x0000000100000000)
  region size 1024K, 2 young (2048K), 2 survivors (2048K)
 Metaspace       used 73601K, committed 75392K, reserved 1114112K
  class space    used 9929K, committed 10816K, reserved 1048576K
}
Event: 423.729 GC heap before
{Heap before GC invocations=34 (full 0):
 garbage-first heap   total 301056K, used 101398K [0x0000000080000000, 0x0000000100000000)
  region size 1024K, 14 young (14336K), 2 survivors (2048K)
 Metaspace       used 73601K, committed 75392K, reserved 1114112K
  class space    used 9929K, committed 10816K, reserved 1048576K
}
Event: 424.199 GC heap after
{Heap after GC invocations=35 (full 0):
 garbage-first heap   total 301056K, used 90698K [0x0000000080000000, 0x0000000100000000)
  region size 1024K, 2 young (2048K), 2 survivors (2048K)
 Metaspace       used 73601K, committed 75392K, reserved 1114112K
  class space    used 9929K, committed 10816K, reserved 1048576K
}
Event: 428.718 GC heap before
{Heap before GC invocations=35 (full 0):
 garbage-first heap   total 301056K, used 102986K [0x0000000080000000, 0x0000000100000000)
  region size 1024K, 14 young (14336K), 2 survivors (2048K)
 Metaspace       used 73606K, committed 75392K, reserved 1114112K
  class space    used 9929K, committed 10816K, reserved 1048576K
}
Event: 428.758 GC heap after
{Heap after GC invocations=36 (full 0):
 garbage-first heap   total 301056K, used 91558K [0x0000000080000000, 0x0000000100000000)
  region size 1024K, 2 young (2048K), 2 survivors (2048K)
 Metaspace       used 73606K, committed 75392K, reserved 1114112K
  class space    used 9929K, committed 10816K, reserved 1048576K
}
Event: 429.395 GC heap before
{Heap before GC invocations=36 (full 0):
 garbage-first heap   total 301056K, used 102822K [0x0000000080000000, 0x0000000100000000)
  region size 1024K, 14 young (14336K), 2 survivors (2048K)
 Metaspace       used 73606K, committed 75392K, reserved 1114112K
  class space    used 9929K, committed 10816K, reserved 1048576K
}
Event: 429.411 GC heap after
{Heap after GC invocations=37 (full 0):
 garbage-first heap   total 301056K, used 93028K [0x0000000080000000, 0x0000000100000000)
  region size 1024K, 2 young (2048K), 2 survivors (2048K)
 Metaspace       used 73606K, committed 75392K, reserved 1114112K
  class space    used 9929K, committed 10816K, reserved 1048576K
}
Event: 430.397 GC heap before
{Heap before GC invocations=37 (full 0):
 garbage-first heap   total 301056K, used 104292K [0x0000000080000000, 0x0000000100000000)
  region size 1024K, 14 young (14336K), 2 survivors (2048K)
 Metaspace       used 73606K, committed 75392K, reserved 1114112K
  class space    used 9929K, committed 10816K, reserved 1048576K
}
Event: 430.940 GC heap after
{Heap after GC invocations=38 (full 0):
 garbage-first heap   total 301056K, used 94244K [0x0000000080000000, 0x0000000100000000)
  region size 1024K, 2 young (2048K), 2 survivors (2048K)
 Metaspace       used 73606K, committed 75392K, reserved 1114112K
  class space    used 9929K, committed 10816K, reserved 1048576K
}
Event: 468.858 GC heap before
{Heap before GC invocations=39 (full 0):
 garbage-first heap   total 301056K, used 113700K [0x0000000080000000, 0x0000000100000000)
  region size 1024K, 14 young (14336K), 2 survivors (2048K)
 Metaspace       used 73797K, committed 75648K, reserved 1114112K
  class space    used 9956K, committed 10880K, reserved 1048576K
}
Event: 469.051 GC heap after
{Heap after GC invocations=40 (full 0):
 garbage-first heap   total 301056K, used 103191K [0x0000000080000000, 0x0000000100000000)
  region size 1024K, 2 young (2048K), 2 survivors (2048K)
 Metaspace       used 73797K, committed 75648K, reserved 1114112K
  class space    used 9956K, committed 10880K, reserved 1048576K
}
Event: 493.861 GC heap before
{Heap before GC invocations=40 (full 0):
 garbage-first heap   total 301056K, used 130839K [0x0000000080000000, 0x0000000100000000)
  region size 1024K, 23 young (23552K), 2 survivors (2048K)
 Metaspace       used 74828K, committed 76672K, reserved 1179648K
  class space    used 10071K, committed 11008K, reserved 1048576K
}
Event: 493.999 GC heap after
{Heap after GC invocations=41 (full 0):
 garbage-first heap   total 301056K, used 113765K [0x0000000080000000, 0x0000000100000000)
  region size 1024K, 3 young (3072K), 3 survivors (3072K)
 Metaspace       used 74828K, committed 76672K, reserved 1179648K
  class space    used 10071K, committed 11008K, reserved 1048576K
}
Event: 509.027 GC heap before
{Heap before GC invocations=41 (full 0):
 garbage-first heap   total 301056K, used 130149K [0x0000000080000000, 0x0000000100000000)
  region size 1024K, 20 young (20480K), 3 survivors (3072K)
 Metaspace       used 76197K, committed 78016K, reserved 1179648K
  class space    used 10246K, committed 11136K, reserved 1048576K
}
Event: 509.372 GC heap after
{Heap after GC invocations=42 (full 0):
 garbage-first heap   total 301056K, used 113213K [0x0000000080000000, 0x0000000100000000)
  region size 1024K, 1 young (1024K), 1 survivors (1024K)
 Metaspace       used 76197K, committed 78016K, reserved 1179648K
  class space    used 10246K, committed 11136K, reserved 1048576K
}
Event: 526.869 GC heap before
{Heap before GC invocations=42 (full 0):
 garbage-first heap   total 301056K, used 126525K [0x0000000080000000, 0x0000000100000000)
  region size 1024K, 14 young (14336K), 1 survivors (1024K)
 Metaspace       used 77264K, committed 79104K, reserved 1179648K
  class space    used 10379K, committed 11264K, reserved 1048576K
}

Dll operation events (3 events):
Event: 0.043 Loaded shared library C:\Program Files\Android\Android Studio1\jbr\bin\java.dll
Event: 0.117 Loaded shared library C:\Program Files\Android\Android Studio1\jbr\bin\zip.dll
Event: 5.380 Loaded shared library C:\Program Files\Android\Android Studio1\jbr\bin\verify.dll

Deoptimization events (20 events):
Event: 508.527 Thread 0x000001e9af301360 DEOPT PACKING pc=0x000001e99c8308d4 sp=0x0000007abe1f3fa0
Event: 508.527 Thread 0x000001e9af301360 DEOPT UNPACKING pc=0x000001e99c1b46a2 sp=0x0000007abe1f3ff0 mode 2
Event: 516.105 Thread 0x000001e9af301360 Uncommon trap: trap_request=0xffffffd6 fr.pc=0x000001e99c7a136c relative=0x00000000000003ac
Event: 516.106 Thread 0x000001e9af301360 Uncommon trap: reason=array_check action=maybe_recompile pc=0x000001e99c7a136c method=java.util.LinkedHashMap.keysToArray([Ljava/lang/Object;Z)[Ljava/lang/Object; @ 67 c2
Event: 516.106 Thread 0x000001e9af301360 DEOPT PACKING pc=0x000001e99c7a136c sp=0x0000007abe1f3f90
Event: 516.107 Thread 0x000001e9af301360 DEOPT UNPACKING pc=0x000001e99c1b46a2 sp=0x0000007abe1f3f30 mode 2
Event: 516.135 Thread 0x000001e9af301360 Uncommon trap: trap_request=0xffffffd6 fr.pc=0x000001e99c7a136c relative=0x00000000000003ac
Event: 516.135 Thread 0x000001e9af301360 Uncommon trap: reason=array_check action=maybe_recompile pc=0x000001e99c7a136c method=java.util.LinkedHashMap.keysToArray([Ljava/lang/Object;Z)[Ljava/lang/Object; @ 67 c2
Event: 516.135 Thread 0x000001e9af301360 DEOPT PACKING pc=0x000001e99c7a136c sp=0x0000007abe1f3f90
Event: 516.137 Thread 0x000001e9af301360 DEOPT UNPACKING pc=0x000001e99c1b46a2 sp=0x0000007abe1f3f30 mode 2
Event: 517.218 Thread 0x000001e9af301360 Uncommon trap: trap_request=0xffffffc6 fr.pc=0x000001e99cb42144 relative=0x0000000000000304
Event: 517.218 Thread 0x000001e9af301360 Uncommon trap: reason=bimorphic_or_optimized_type_check action=maybe_recompile pc=0x000001e99cb42144 method=com.google.common.collect.NaturalOrdering.compare(Ljava/lang/Comparable;Ljava/lang/Comparable;)I @ 12 c2
Event: 517.218 Thread 0x000001e9af301360 DEOPT PACKING pc=0x000001e99cb42144 sp=0x0000007abe1f5d50
Event: 517.223 Thread 0x000001e9af301360 DEOPT UNPACKING pc=0x000001e99c1b46a2 sp=0x0000007abe1f5c60 mode 2
Event: 517.223 Thread 0x000001e9af301360 Uncommon trap: trap_request=0xffffffc6 fr.pc=0x000001e99cb42144 relative=0x0000000000000304
Event: 517.223 Thread 0x000001e9af301360 Uncommon trap: reason=bimorphic_or_optimized_type_check action=maybe_recompile pc=0x000001e99cb42144 method=com.google.common.collect.NaturalOrdering.compare(Ljava/lang/Comparable;Ljava/lang/Comparable;)I @ 12 c2
Event: 517.223 Thread 0x000001e9af301360 DEOPT PACKING pc=0x000001e99cb42144 sp=0x0000007abe1f5f20
Event: 517.223 Thread 0x000001e9af301360 DEOPT UNPACKING pc=0x000001e99c1b46a2 sp=0x0000007abe1f5e48 mode 2
Event: 521.901 Thread 0x000001e9af301360 DEOPT PACKING pc=0x000001e995b424a2 sp=0x0000007abe1f49f0
Event: 521.901 Thread 0x000001e9af301360 DEOPT UNPACKING pc=0x000001e99c1b4e42 sp=0x0000007abe1f3f00 mode 0

Classes loaded (20 events):
Event: 339.680 Loading class java/util/DualPivotQuicksort
Event: 339.937 Loading class java/util/DualPivotQuicksort done
Event: 348.152 Loading class java/util/function/LongUnaryOperator
Event: 348.197 Loading class java/util/function/LongUnaryOperator done
Event: 385.208 Loading class java/util/Collections$ReverseComparator
Event: 385.275 Loading class java/util/Collections$ReverseComparator done
Event: 385.275 Loading class java/util/Collections$ReverseComparator2
Event: 385.277 Loading class java/util/Collections$ReverseComparator2 done
Event: 510.071 Loading class java/util/concurrent/atomic/AtomicIntegerArray
Event: 510.184 Loading class java/util/concurrent/atomic/AtomicIntegerArray done
Event: 510.250 Loading class java/util/Currency
Event: 510.456 Loading class java/util/Currency done
Event: 510.739 Loading class java/util/concurrent/atomic/AtomicLongArray
Event: 510.743 Loading class java/util/concurrent/atomic/AtomicLongArray done
Event: 511.134 Loading class java/util/IdentityHashMap$KeyIterator
Event: 511.141 Loading class java/util/IdentityHashMap$KeyIterator done
Event: 516.231 Loading class java/util/Comparators$NullComparator
Event: 516.256 Loading class java/util/Comparators$NullComparator done
Event: 523.865 Loading class sun/text/resources/cldr/FormatData_en_US
Event: 523.949 Loading class sun/text/resources/cldr/FormatData_en_US done

Classes unloaded (0 events):
No events

Classes redefined (0 events):
No events

Internal exceptions (20 events):
Event: 365.431 Thread 0x000001e9af301360 Exception <a 'java/lang/NoSuchMethodError'{0x000000008a7d6f48}: static [Ljava/lang/Object;.<clinit>()V> (0x000000008a7d6f48) 
thrown [s\src\hotspot\share\prims\jni.cpp, line 1139]
Event: 365.471 Thread 0x000001e9af301360 Exception <a 'java/lang/NoSuchMethodError'{0x000000008a603c60}: static Lorg/gradle/api/internal/catalog/DependencyModel;.<clinit>()V> (0x000000008a603c60) 
thrown [s\src\hotspot\share\prims\jni.cpp, line 1139]
Event: 365.472 Thread 0x000001e9af301360 Exception <a 'java/lang/NoSuchMethodError'{0x000000008a607cf8}: static Lorg/gradle/api/internal/catalog/AbstractContextAwareModel;.<clinit>()V> (0x000000008a607cf8) 
thrown [s\src\hotspot\share\prims\jni.cpp, line 1139]
Event: 365.522 Thread 0x000001e9af301360 Exception <a 'java/lang/NoSuchMethodError'{0x000000008a621900}: static Lorg/gradle/api/internal/artifacts/dependencies/AbstractVersionConstraint;.<clinit>()V> (0x000000008a621900) 
thrown [s\src\hotspot\share\prims\jni.cpp, line 1139]
Event: 365.646 Thread 0x000001e9af301360 Exception <a 'java/lang/NoSuchMethodError'{0x000000008a674fd0}: static Lorg/gradle/api/internal/catalog/PluginModel;.<clinit>()V> (0x000000008a674fd0) 
thrown [s\src\hotspot\share\prims\jni.cpp, line 1139]
Event: 365.652 Thread 0x000001e9af301360 Exception <a 'java/lang/NoSuchMethodError'{0x000000008a68c5f0}: static Lorg/gradle/api/internal/catalog/VersionModel;.<clinit>()V> (0x000000008a68c5f0) 
thrown [s\src\hotspot\share\prims\jni.cpp, line 1139]
Event: 371.278 Thread 0x000001e9af301360 Exception <a 'java/lang/NoSuchMethodError'{0x000000008c56bf78}: 'int java.lang.invoke.DirectMethodHandle$Holder.invokeSpecialIFC(java.lang.Object, java.lang.Object, java.lang.Object)'> (0x000000008c56bf78) 
thrown [s\src\hotspot\share\interpreter\linkResolver.cpp, line 784]
Event: 375.943 Thread 0x000001e9af301360 Exception <a 'java/lang/NoSuchMethodError'{0x000000008c115230}: 'java.lang.Object java.lang.invoke.DirectMethodHandle$Holder.invokeSpecial(java.lang.Object, java.lang.Object, java.lang.Object, java.lang.Object, java.lang.Object, long)'> (0x000000008c115230) 
thrown [s\src\hotspot\share\interpreter\linkResolver.cpp, line 784]
Event: 376.739 Thread 0x000001e9af301360 Exception <a 'java/lang/NoSuchMethodError'{0x000000008c135f18}: 'void java.lang.invoke.DirectMethodHandle$Holder.invokeStatic(java.lang.Object, java.lang.Object, java.lang.Object, int, java.lang.Object)'> (0x000000008c135f18) 
thrown [s\src\hotspot\share\interpreter\linkResolver.cpp, line 784]
Event: 378.674 Thread 0x000001e9af301360 Implicit null exception at 0x000001e99cac801d to 0x000001e99cac8284
Event: 407.501 Thread 0x000001e9b19867b0 Implicit null exception at 0x000001e99cb24fe9 to 0x000001e99cb2508c
Event: 420.310 Thread 0x000001e9b25b45a0 Implicit null exception at 0x000001e99cb4aba3 to 0x000001e99cb4b43c
Event: 420.326 Thread 0x000001e9b19867b0 Implicit null exception at 0x000001e99cb4aba3 to 0x000001e99cb4b43c
Event: 420.327 Thread 0x000001e9b19874d0 Implicit null exception at 0x000001e99cb4aba3 to 0x000001e99cb4b43c
Event: 420.589 Thread 0x000001e9b25b4c30 Implicit null exception at 0x000001e99cb4aba3 to 0x000001e99cb4b43c
Event: 420.589 Thread 0x000001e9b25b52c0 Implicit null exception at 0x000001e99cb4aba3 to 0x000001e99cb4b43c
Event: 422.562 Thread 0x000001e9b1988880 Implicit null exception at 0x000001e99c87e815 to 0x000001e99c87f18c
Event: 452.901 Thread 0x000001e9af301360 Implicit null exception at 0x000001e99c95bcdd to 0x000001e99c95c1c4
Event: 452.930 Thread 0x000001e9af301360 Implicit null exception at 0x000001e99c95afdf to 0x000001e99c95b4a0
Event: 516.171 Thread 0x000001e9af301360 Exception <a 'java/lang/NoSuchMethodError'{0x0000000091d76200}: 'int java.lang.invoke.DirectMethodHandle$Holder.invokeSpecialIFC(java.lang.Object, java.lang.Object, java.lang.Object, java.lang.Object, java.lang.Object)'> (0x0000000091d76200) 
thrown [s\src\hotspot\share\interpreter\linkResolver.cpp, line 784]

ZGC Phase Switch (0 events):
No events

VM Operations (20 events):
Event: 506.701 Executing VM operation: Cleanup done
Event: 508.715 Executing VM operation: Cleanup
Event: 508.715 Executing VM operation: Cleanup done
Event: 509.026 Executing VM operation: G1CollectForAllocation (G1 Evacuation Pause)
Event: 509.372 Executing VM operation: G1CollectForAllocation (G1 Evacuation Pause) done
Event: 510.376 Executing VM operation: Cleanup
Event: 510.469 Executing VM operation: Cleanup done
Event: 511.480 Executing VM operation: Cleanup
Event: 511.495 Executing VM operation: Cleanup done
Event: 514.530 Executing VM operation: Cleanup
Event: 515.890 Executing VM operation: Cleanup done
Event: 517.917 Executing VM operation: Cleanup
Event: 517.933 Executing VM operation: Cleanup done
Event: 518.934 Executing VM operation: Cleanup
Event: 519.433 Executing VM operation: Cleanup done
Event: 522.466 Executing VM operation: Cleanup
Event: 522.558 Executing VM operation: Cleanup done
Event: 523.570 Executing VM operation: Cleanup
Event: 523.601 Executing VM operation: Cleanup done
Event: 526.868 Executing VM operation: G1CollectForAllocation (G1 Evacuation Pause)

Memory protections (0 events):
No events

Nmethod flushes (20 events):
Event: 434.641 Thread 0x000001e9a9750c20 flushing  nmethod 0x000001e9956b2090
Event: 434.641 Thread 0x000001e9a9750c20 flushing  nmethod 0x000001e9956b5510
Event: 434.641 Thread 0x000001e9a9750c20 flushing  nmethod 0x000001e99571e790
Event: 434.665 Thread 0x000001e9a9750c20 flushing  nmethod 0x000001e995873590
Event: 434.665 Thread 0x000001e9a9750c20 flushing  nmethod 0x000001e99c8f8d10
Event: 434.665 Thread 0x000001e9a9750c20 flushing  nmethod 0x000001e99caeff90
Event: 434.665 Thread 0x000001e9a9750c20 flushing  nmethod 0x000001e994c41290
Event: 434.665 Thread 0x000001e9a9750c20 flushing  nmethod 0x000001e994cc2f10
Event: 434.665 Thread 0x000001e9a9750c20 flushing  nmethod 0x000001e994cc7f90
Event: 434.665 Thread 0x000001e9a9750c20 flushing  nmethod 0x000001e994cf5e90
Event: 434.665 Thread 0x000001e9a9750c20 flushing  nmethod 0x000001e994d1d510
Event: 434.692 Thread 0x000001e9a9750c20 flushing  nmethod 0x000001e994e25b10
Event: 434.692 Thread 0x000001e9a9750c20 flushing  nmethod 0x000001e994f20710
Event: 434.692 Thread 0x000001e9a9750c20 flushing  nmethod 0x000001e995332e90
Event: 434.692 Thread 0x000001e9a9750c20 flushing  nmethod 0x000001e9953e1a10
Event: 434.692 Thread 0x000001e9a9750c20 flushing  nmethod 0x000001e9953e2290
Event: 434.692 Thread 0x000001e9a9750c20 flushing  nmethod 0x000001e995479710
Event: 434.710 Thread 0x000001e9a9750c20 flushing  nmethod 0x000001e9955dc190
Event: 434.710 Thread 0x000001e9a9750c20 flushing  nmethod 0x000001e9955ddb90
Event: 434.711 Thread 0x000001e9a9750c20 flushing  nmethod 0x000001e9955df010

Events (20 events):
Event: 393.240 Thread 0x000001e9af301360 Thread added: 0x000001e9b1985400
Event: 393.325 Thread 0x000001e9af301360 Thread added: 0x000001e9b1981f80
Event: 394.536 Thread 0x000001e9af301360 Thread added: 0x000001e9b1982610
Event: 394.787 Thread 0x000001e9af301360 Thread added: 0x000001e9b1985a90
Event: 394.843 Thread 0x000001e9af301360 Thread added: 0x000001e9b1983330
Event: 394.847 Thread 0x000001e9af301360 Thread added: 0x000001e9b1982ca0
Event: 394.855 Thread 0x000001e9af301360 Thread added: 0x000001e9b1987b60
Event: 394.866 Thread 0x000001e9af301360 Thread added: 0x000001e9b1986120
Event: 403.310 Thread 0x000001e9af301360 Thread added: 0x000001e9b19874d0
Event: 403.312 Thread 0x000001e9af301360 Thread added: 0x000001e9b1988f10
Event: 403.314 Thread 0x000001e9af301360 Thread added: 0x000001e9b19881f0
Event: 403.314 Thread 0x000001e9af301360 Thread added: 0x000001e9b19867b0
Event: 403.315 Thread 0x000001e9af301360 Thread added: 0x000001e9b1986e40
Event: 403.316 Thread 0x000001e9af301360 Thread added: 0x000001e9b1988880
Event: 403.317 Thread 0x000001e9af301360 Thread added: 0x000001e9b25b45a0
Event: 403.317 Thread 0x000001e9af301360 Thread added: 0x000001e9b25b52c0
Event: 403.322 Thread 0x000001e9af301360 Thread added: 0x000001e9b25b4c30
Event: 403.325 Thread 0x000001e9af301360 Thread added: 0x000001e9b25b5fe0
Event: 403.327 Thread 0x000001e9af301360 Thread added: 0x000001e9b25b7390
Event: 511.152 Thread 0x000001e9b0a844a0 Thread exited: 0x000001e9b0a844a0


Dynamic libraries:
0x00007ff6e5c40000 - 0x00007ff6e5c4a000 	C:\Program Files\Android\Android Studio1\jbr\bin\java.exe
0x00007ffe0e5c0000 - 0x00007ffe0e825000 	C:\WINDOWS\SYSTEM32\ntdll.dll
0x00007ffe0d9a0000 - 0x00007ffe0da69000 	C:\WINDOWS\System32\KERNEL32.DLL
0x00007ffe0bbf0000 - 0x00007ffe0bfd8000 	C:\WINDOWS\System32\KERNELBASE.dll
0x00007ffe0b7d0000 - 0x00007ffe0b91b000 	C:\WINDOWS\System32\ucrtbase.dll
0x00007ffdf2030000 - 0x00007ffdf2048000 	C:\Program Files\Android\Android Studio1\jbr\bin\jli.dll
0x00007ffe0dd70000 - 0x00007ffe0df3a000 	C:\WINDOWS\System32\USER32.dll
0x00007ffe0bfe0000 - 0x00007ffe0c007000 	C:\WINDOWS\System32\win32u.dll
0x00007ffe0e440000 - 0x00007ffe0e46b000 	C:\WINDOWS\System32\GDI32.dll
0x00007ffe0c190000 - 0x00007ffe0c2c7000 	C:\WINDOWS\System32\gdi32full.dll
0x00007ffe0bb40000 - 0x00007ffe0bbe3000 	C:\WINDOWS\System32\msvcp_win.dll
0x00007ffdf0fb0000 - 0x00007ffdf124a000 	C:\WINDOWS\WinSxS\amd64_microsoft.windows.common-controls_6595b64144ccf1df_6.0.26100.4202_none_3e0698d4e335f517\COMCTL32.dll
0x00007ffe0c590000 - 0x00007ffe0c639000 	C:\WINDOWS\System32\msvcrt.dll
0x00007ffd9da60000 - 0x00007ffd9da7b000 	C:\Program Files\Android\Android Studio1\jbr\bin\VCRUNTIME140.dll
0x00007ffe0df40000 - 0x00007ffe0df70000 	C:\WINDOWS\System32\IMM32.DLL
0x00007ffd9dd30000 - 0x00007ffd9dd3c000 	C:\Program Files\Android\Android Studio1\jbr\bin\vcruntime140_1.dll
0x00007ffdf01b0000 - 0x00007ffdf023d000 	C:\Program Files\Android\Android Studio1\jbr\bin\msvcp140.dll
0x00007ffd9b9f0000 - 0x00007ffd9c67b000 	C:\Program Files\Android\Android Studio1\jbr\bin\server\jvm.dll
0x00007ffe0cb40000 - 0x00007ffe0cbf3000 	C:\WINDOWS\System32\ADVAPI32.dll
0x00007ffe0e390000 - 0x00007ffe0e436000 	C:\WINDOWS\System32\sechost.dll
0x00007ffe0da70000 - 0x00007ffe0db85000 	C:\WINDOWS\System32\RPCRT4.dll
0x00007ffe0df80000 - 0x00007ffe0dff4000 	C:\WINDOWS\System32\WS2_32.dll
0x00007ffe0b560000 - 0x00007ffe0b5be000 	C:\WINDOWS\SYSTEM32\POWRPROF.dll
0x00007ffe04d00000 - 0x00007ffe04d35000 	C:\WINDOWS\SYSTEM32\WINMM.dll
0x00007ffe04de0000 - 0x00007ffe04deb000 	C:\WINDOWS\SYSTEM32\VERSION.dll
0x00007ffe0b540000 - 0x00007ffe0b554000 	C:\WINDOWS\SYSTEM32\UMPDC.dll
0x00007ffe0a430000 - 0x00007ffe0a44b000 	C:\WINDOWS\SYSTEM32\kernel.appcore.dll
0x00007ffd9da50000 - 0x00007ffd9da5a000 	C:\Program Files\Android\Android Studio1\jbr\bin\jimage.dll
0x00007ffe00700000 - 0x00007ffe00941000 	C:\WINDOWS\SYSTEM32\DBGHELP.DLL
0x00007ffe0e000000 - 0x00007ffe0e385000 	C:\WINDOWS\System32\combase.dll
0x00007ffe0c460000 - 0x00007ffe0c541000 	C:\WINDOWS\System32\OLEAUT32.dll
0x00007ffdec8c0000 - 0x00007ffdec8f9000 	C:\WINDOWS\SYSTEM32\dbgcore.DLL
0x00007ffe0baa0000 - 0x00007ffe0bb39000 	C:\WINDOWS\System32\bcryptPrimitives.dll
0x00007ffe06620000 - 0x00007ffe0662e000 	C:\Program Files\Android\Android Studio1\jbr\bin\instrument.dll
0x00007ffd9d380000 - 0x00007ffd9d3a0000 	C:\Program Files\Android\Android Studio1\jbr\bin\java.dll
0x00007ffd9d2c0000 - 0x00007ffd9d2d8000 	C:\Program Files\Android\Android Studio1\jbr\bin\zip.dll
0x00007ffe0d250000 - 0x00007ffe0d992000 	C:\WINDOWS\System32\SHELL32.dll
0x00007ffe0b920000 - 0x00007ffe0ba94000 	C:\WINDOWS\System32\wintypes.dll
0x00007ffe09360000 - 0x00007ffe09bb8000 	C:\WINDOWS\SYSTEM32\windows.storage.dll
0x00007ffe0c360000 - 0x00007ffe0c451000 	C:\WINDOWS\System32\SHCORE.dll
0x00007ffe0cad0000 - 0x00007ffe0cb3a000 	C:\WINDOWS\System32\shlwapi.dll
0x00007ffe0b620000 - 0x00007ffe0b64f000 	C:\WINDOWS\SYSTEM32\profapi.dll
0x00007ffd9d2b0000 - 0x00007ffd9d2c0000 	C:\Program Files\Android\Android Studio1\jbr\bin\net.dll
0x00007ffe01fd0000 - 0x00007ffe020ee000 	C:\WINDOWS\SYSTEM32\WINHTTP.dll
0x00007ffe0aa40000 - 0x00007ffe0aaaa000 	C:\WINDOWS\system32\mswsock.dll
0x00007ffd9d290000 - 0x00007ffd9d2a6000 	C:\Program Files\Android\Android Studio1\jbr\bin\nio.dll
0x00007ffe06790000 - 0x00007ffe067a0000 	C:\Program Files\Android\Android Studio1\jbr\bin\verify.dll
0x00007ffdc3d20000 - 0x00007ffdc3d47000 	C:\Users\natas\.gradle\native\c067742578af261105cb4f569cf0c3c89f3d7b1fecec35dd04571415982c5e48\windows-amd64\native-platform.dll
0x00007ffdcfc00000 - 0x00007ffdcfd44000 	C:\Users\natas\.gradle\native\100fb08df4bc3b14c8652ba06237920a3bd2aa13389f12d3474272988ae205f9\windows-amd64\native-platform-file-events.dll
0x00007ffdc9d20000 - 0x00007ffdc9d29000 	C:\Program Files\Android\Android Studio1\jbr\bin\management.dll
0x00007ffdc9d10000 - 0x00007ffdc9d1b000 	C:\Program Files\Android\Android Studio1\jbr\bin\management_ext.dll
0x00007ffe0e570000 - 0x00007ffe0e578000 	C:\WINDOWS\System32\PSAPI.DLL
0x00007ffe0acf0000 - 0x00007ffe0ad0b000 	C:\WINDOWS\SYSTEM32\CRYPTSP.dll
0x00007ffe0a450000 - 0x00007ffe0a48a000 	C:\WINDOWS\system32\rsaenh.dll
0x00007ffe0aae0000 - 0x00007ffe0ab0b000 	C:\WINDOWS\SYSTEM32\USERENV.dll
0x00007ffe0b5f0000 - 0x00007ffe0b616000 	C:\WINDOWS\SYSTEM32\bcrypt.dll
0x00007ffe0ad10000 - 0x00007ffe0ad1c000 	C:\WINDOWS\SYSTEM32\CRYPTBASE.dll
0x00007ffe09ec0000 - 0x00007ffe09ef3000 	C:\WINDOWS\SYSTEM32\IPHLPAPI.DLL
0x00007ffe0dd40000 - 0x00007ffe0dd4a000 	C:\WINDOWS\System32\NSI.dll
0x00007ffdc9d50000 - 0x00007ffdc9d59000 	C:\Program Files\Android\Android Studio1\jbr\bin\extnet.dll
0x00007ffdcad70000 - 0x00007ffdcad78000 	C:\WINDOWS\system32\wshunix.dll

dbghelp: loaded successfully - version: 4.0.5 - missing functions: none
symbol engine: initialized successfully - sym options: 0x614 - pdb path: .;C:\Program Files\Android\Android Studio1\jbr\bin;C:\WINDOWS\SYSTEM32;C:\WINDOWS\WinSxS\amd64_microsoft.windows.common-controls_6595b64144ccf1df_6.0.26100.4202_none_3e0698d4e335f517;C:\Program Files\Android\Android Studio1\jbr\bin\server;C:\Users\natas\.gradle\native\c067742578af261105cb4f569cf0c3c89f3d7b1fecec35dd04571415982c5e48\windows-amd64;C:\Users\natas\.gradle\native\100fb08df4bc3b14c8652ba06237920a3bd2aa13389f12d3474272988ae205f9\windows-amd64

VM Arguments:
jvm_args: --add-opens=java.base/java.lang=ALL-UNNAMED --add-opens=java.base/java.lang.invoke=ALL-UNNAMED --add-opens=java.base/java.util=ALL-UNNAMED --add-opens=java.prefs/java.util.prefs=ALL-UNNAMED --add-exports=jdk.compiler/com.sun.tools.javac.api=ALL-UNNAMED --add-exports=jdk.compiler/com.sun.tools.javac.util=ALL-UNNAMED --add-opens=java.base/java.util=ALL-UNNAMED --add-opens=java.prefs/java.util.prefs=ALL-UNNAMED --add-opens=java.base/java.nio.charset=ALL-UNNAMED --add-opens=java.base/java.net=ALL-UNNAMED --add-opens=java.base/java.util.concurrent.atomic=ALL-UNNAMED --add-opens=java.xml/javax.xml.namespace=ALL-UNNAMED -Xmx2048m -Dfile.encoding=UTF-8 -Duser.country=GB -Duser.language=en -Duser.variant -javaagent:C:\Users\natas\.gradle\wrapper\dists\gradle-8.11.1-bin\bpt9gzteqjrbo1mjrsomdt32c\gradle-8.11.1\lib\agents\gradle-instrumentation-agent-8.11.1.jar 
java_command: org.gradle.launcher.daemon.bootstrap.GradleDaemon 8.11.1
java_class_path (initial): C:\Users\natas\.gradle\wrapper\dists\gradle-8.11.1-bin\bpt9gzteqjrbo1mjrsomdt32c\gradle-8.11.1\lib\gradle-daemon-main-8.11.1.jar
Launcher Type: SUN_STANDARD

[Global flags]
     intx CICompilerCount                          = 4                                         {product} {ergonomic}
     uint ConcGCThreads                            = 3                                         {product} {ergonomic}
     uint G1ConcRefinementThreads                  = 10                                        {product} {ergonomic}
   size_t G1HeapRegionSize                         = 1048576                                   {product} {ergonomic}
    uintx GCDrainStackTargetSize                   = 64                                        {product} {ergonomic}
   size_t InitialHeapSize                          = 123731968                                 {product} {ergonomic}
   size_t MarkStackSize                            = 4194304                                   {product} {ergonomic}
   size_t MaxHeapSize                              = 2147483648                                {product} {command line}
   size_t MaxNewSize                               = 1287651328                                {product} {ergonomic}
   size_t MinHeapDeltaBytes                        = 1048576                                   {product} {ergonomic}
   size_t MinHeapSize                              = 8388608                                   {product} {ergonomic}
    uintx NonNMethodCodeHeapSize                   = 5839372                                {pd product} {ergonomic}
    uintx NonProfiledCodeHeapSize                  = 122909434                              {pd product} {ergonomic}
    uintx ProfiledCodeHeapSize                     = 122909434                              {pd product} {ergonomic}
    uintx ReservedCodeCacheSize                    = 251658240                              {pd product} {ergonomic}
     bool SegmentedCodeCache                       = true                                      {product} {ergonomic}
   size_t SoftMaxHeapSize                          = 2147483648                             {manageable} {ergonomic}
     bool UseCompressedOops                        = true                           {product lp64_product} {ergonomic}
     bool UseG1GC                                  = true                                      {product} {ergonomic}
     bool UseLargePagesIndividualAllocation        = false                                  {pd product} {ergonomic}

Logging:
Log output configuration:
 #0: stdout all=warning uptime,level,tags foldmultilines=false
 #1: stderr all=off uptime,level,tags foldmultilines=false

Environment Variables:
JAVA_HOME=C:\Program Files\Java\jdk-20
PATH=C:\Program Files\Eclipse Adoptium\jdk-17.0.8.101-hotspot\bin;C:\Program Files\Common Files\Oracle\Java\javapath;C:\Program Files (x86)\VMware\VMware Workstation\bin\;C:\windows\system32;C:\windows;C:\windows\System32\Wbem;C:\windows\System32\WindowsPowerShell\v1.0\;C:\windows\System32\OpenSSH\;C:\Program Files\HP\HP One Agent;C:\Program Files\PuTTY\;C:\Program Files\Git\cmd;C:\Program Files\nodejs\;C:\WINDOWS\system32;C:\WINDOWS;C:\WINDOWS\System32\Wbem;C:\WINDOWS\System32\WindowsPowerShell\v1.0\;C:\WINDOWS\System32\OpenSSH\;C:\Program Files (x86)\Windows Kits\10\Windows Performance Toolkit\;C:\Users\natas\AppData\Local\Programs\Python\Python311\Scripts\;C:\Users\natas\AppData\Local\Programs\Python\Python311\;C:\Users\natas\AppData\Local\Microsoft\WindowsApps;C:\Users\natas\OneDrive\Desktop\PyCharm Community Edition 2023.1.1\bin;;C:\Program Files\Java\jdk-20\bin;C:\Users\natas\AppData\Local\Programs\Microsoft VS Code\bin;N:\xampp2\php;C:\Users\natas\AppData\Roaming\npm;C:\Program Files (x86)\Nmap;C:\Users\natas\AppData\Local\Programs\Swift\Runtimes\6.0.3\usr\bin\;C:\Users\natas\AppData\Local\Programs\Swift\Toolchains\6.0.3+Asserts\usr\bin\;C:\Users\natas\AppData\Local\Programs\Swift\Tools\6.0.3\;C:\Swift\bin\Swift for Windows.exe;;C:\Program Files\JetBrains\IntelliJ IDEA 2024.3.5\bin;
USERNAME=penzi
OS=Windows_NT
PROCESSOR_IDENTIFIER=AMD64 Family 25 Model 80 Stepping 0, AuthenticAMD
TMP=C:\Users\natas\AppData\Local\Temp
TEMP=C:\Users\natas\AppData\Local\Temp




Periodic native trim disabled

JNI global refs:
JNI global refs: 27, weak refs: 0

JNI global refs memory usage: 835, weak refs: 833

Process memory usage:
Resident Set Size: 19124K (0% of 7711748K total physical memory with 15200K free physical memory)

OOME stack traces (most recent first):
Classloader memory used:
Loader org.gradle.internal.classloader.VisitableURLClassLoader                         : 36759K
Loader bootstrap                                                                       : 23578K
Loader org.gradle.initialization.MixInLegacyTypesClassLoader                           : 10885K
Loader org.gradle.internal.classloader.VisitableURLClassLoader$InstrumentingVisitableURLClassLoader: 3898K
Loader org.gradle.internal.classloader.VisitableURLClassLoader                         : 984K
Loader jdk.internal.loader.ClassLoaders$PlatformClassLoader                            : 517K
Loader jdk.internal.reflect.DelegatingClassLoader                                      : 267K
Loader jdk.internal.loader.ClassLoaders$AppClassLoader                                 : 235K
Loader org.gradle.groovy.scripts.internal.DefaultScriptCompilationHandler$ScriptClassLoader: 91440B
Loader org.codehaus.groovy.runtime.callsite.CallSiteClassLoader                        : 49608B

Classes loaded by more than one classloader:
Class Program                                                                         : loaded 4 times (x 70B)
Class org.gradle.api.GradleException                                                  : loaded 3 times (x 78B)
Class org.gradle.internal.classloader.FilteringClassLoader                            : loaded 2 times (x 101B)
Class [Lcom.google.common.base.AbstractIterator$State;                                : loaded 2 times (x 65B)
Class com.google.common.base.CharMatcher$IsEither                                     : loaded 2 times (x 107B)
Class org.gradle.internal.classloader.ClassLoaderHierarchy                            : loaded 2 times (x 66B)
Class com.google.common.collect.ImmutableList$1                                       : loaded 2 times (x 93B)
Class org.gradle.api.internal.classpath.ManifestUtil                                  : loaded 2 times (x 67B)
Class com.google.common.collect.RegularImmutableMap                                   : loaded 2 times (x 117B)
Class com.google.common.collect.ImmutableMap$MapViewOfValuesAsSingletonSets           : loaded 2 times (x 122B)
Class org.jetbrains.plugins.gradle.model.GradleExtensions                             : loaded 2 times (x 66B)
Class org.jetbrains.plugins.gradle.model.AnnotationProcessingModel                    : loaded 2 times (x 66B)
Class com.google.common.collect.UnmodifiableListIterator                              : loaded 2 times (x 91B)
Class org.gradle.internal.operations.MultipleBuildOperationFailures                   : loaded 2 times (x 91B)
Class org.jetbrains.kotlin.idea.gradleTooling.model.noarg.NoArgModel                  : loaded 2 times (x 66B)
Class org.gradle.internal.classloader.DefaultClassLoaderFactory                       : loaded 2 times (x 78B)
Class com.google.common.base.CharMatcher$None                                         : loaded 2 times (x 108B)
Class kotlin.collections.AbstractList$Companion                                       : loaded 2 times (x 67B)
Class org.gradle.internal.classloader.ClassLoaderVisitor                              : loaded 2 times (x 72B)
Class [Lcom.google.common.collect.ImmutableMapEntry;                                  : loaded 2 times (x 65B)
Class org.gradle.api.internal.classpath.EffectiveClassPath                            : loaded 2 times (x 86B)
Class com.google.common.collect.ImmutableEnumMap                                      : loaded 2 times (x 122B)
Class org.gradle.tooling.internal.gradle.DefaultProjectIdentifier                     : loaded 2 times (x 82B)
Class com.google.common.base.Splitter                                                 : loaded 2 times (x 68B)
Class org.jetbrains.kotlin.idea.gradleTooling.model.allopen.AllOpenModel              : loaded 2 times (x 66B)
Class org.gradle.api.internal.DefaultClassPathProvider                                : loaded 2 times (x 72B)
Class [Lorg.gradle.api.internal.ClassPathProvider;                                    : loaded 2 times (x 65B)
Class org.gradle.api.internal.ClassPathProvider                                       : loaded 2 times (x 66B)
Class com.google.common.base.AbstractIterator$State                                   : loaded 2 times (x 75B)
Class org.gradle.internal.service.UnknownServiceException                             : loaded 2 times (x 79B)
Class org.jetbrains.kotlin.idea.gradleTooling.KotlinDslScriptAdditionalTask           : loaded 2 times (x 66B)
Class com.google.common.collect.MapDifference                                         : loaded 2 times (x 66B)
Class com.google.common.base.Splitter$1                                               : loaded 2 times (x 73B)
Class org.gradle.internal.classpath.TransformedClassPath                              : loaded 2 times (x 92B)
Class org.gradle.internal.classloader.InstrumentingClassLoader                        : loaded 2 times (x 66B)
Class com.google.common.collect.Iterators$ArrayItr                                    : loaded 2 times (x 93B)
Class com.google.common.collect.ImmutableCollection$Builder                           : loaded 2 times (x 72B)
Class kotlin.enums.EnumEntriesList                                                    : loaded 2 times (x 219B)
Class kotlin.NotImplementedError                                                      : loaded 2 times (x 78B)
Class org.jetbrains.kotlin.idea.gradleTooling.KotlinSourceSetContainer                : loaded 2 times (x 66B)
Class org.jetbrains.plugins.gradle.model.IntelliJSettings                             : loaded 2 times (x 66B)
Class ijInit2_75ii1zzq7xcvcfnpzrcvcniuu                                               : loaded 2 times (x 175B)
Class org.gradle.internal.service.ServiceLocator                                      : loaded 2 times (x 66B)
Class com.google.common.collect.AbstractMapEntry                                      : loaded 2 times (x 77B)
Class org.jetbrains.kotlin.android.synthetic.idea.AndroidExtensionsGradleModel        : loaded 2 times (x 66B)
Class org.gradle.tooling.model.UnsupportedMethodException                             : loaded 2 times (x 78B)
Class com.google.common.collect.RegularImmutableAsList                                : loaded 2 times (x 213B)
Class com.google.common.collect.Iterators                                             : loaded 2 times (x 67B)
Class com.google.common.collect.Lists$StringAsImmutableList                           : loaded 2 times (x 203B)
Class org.gradle.internal.InternalTransformer                                         : loaded 2 times (x 66B)
Class com.google.common.base.CharMatcher$And                                          : loaded 2 times (x 108B)
Class org.gradle.internal.time.DefaultTimer                                           : loaded 2 times (x 76B)
Class org.gradle.internal.classloader.ClasspathUtil$1                                 : loaded 2 times (x 72B)
Class com.google.common.collect.IndexedImmutableSet                                   : loaded 2 times (x 148B)
Class com.google.common.collect.ImmutableMap$1                                        : loaded 2 times (x 77B)
Class com.google.common.collect.BiMap                                                 : loaded 2 times (x 66B)
Class org.gradle.api.internal.classpath.DefaultModuleRegistry$DefaultModule           : loaded 2 times (x 82B)
Class com.google.common.collect.AbstractIterator                                      : loaded 2 times (x 78B)
Class org.jetbrains.kotlin.idea.gradleTooling.model.lombok.LombokModel                : loaded 2 times (x 66B)
Class com.google.common.math.MathPreconditions                                        : loaded 2 times (x 67B)
Class com.google.common.collect.ObjectArrays                                          : loaded 2 times (x 67B)
Class com.google.common.collect.AbstractIndexedListIterator                           : loaded 2 times (x 92B)
Class org.gradle.internal.time.DefaultCountdownTimer                                  : loaded 2 times (x 84B)
Class com.google.common.collect.ImmutableMapEntrySet                                  : loaded 2 times (x 148B)
Class org.gradle.tooling.internal.gradle.DefaultBuildIdentifier                       : loaded 2 times (x 75B)
Class kotlin.Function                                                                 : loaded 2 times (x 66B)
Class org.gradle.api.internal.classpath.Module                                        : loaded 2 times (x 66B)
Class org.gradle.api.internal.classpath.UnknownModuleException                        : loaded 2 times (x 78B)
Class com.intellij.openapi.externalSystem.model.project.dependencies.ProjectDependencies: loaded 2 times (x 66B)
Class com.google.common.collect.ImmutableMap$Builder                                  : loaded 2 times (x 78B)
Class com.google.common.base.NullnessCasts                                            : loaded 2 times (x 67B)
Class org.gradle.tooling.internal.gradle.GradleProjectIdentity                        : loaded 2 times (x 66B)
Class org.gradle.api.internal.DefaultClassPathRegistry                                : loaded 2 times (x 72B)
Class org.gradle.api.internal.ClassPathRegistry                                       : loaded 2 times (x 66B)
Class org.gradle.internal.classpath.DefaultClassPath$ImmutableUniqueList              : loaded 2 times (x 195B)
Class com.google.common.collect.SingletonImmutableList                                : loaded 2 times (x 203B)
Class com.google.common.collect.UnmodifiableIterator                                  : loaded 2 times (x 76B)
Class Settings_gradle$1                                                               : loaded 2 times (x 70B)
Class org.gradle.internal.classpath.ClassPath                                         : loaded 2 times (x 66B)
Class org.gradle.api.UncheckedIOException                                             : loaded 2 times (x 78B)
Class com.google.common.collect.ImmutableList$ReverseImmutableList                    : loaded 2 times (x 205B)
Class com.google.common.base.JdkPattern                                               : loaded 2 times (x 71B)
Class org.jetbrains.kotlin.idea.gradleTooling.KotlinGradleModel                       : loaded 2 times (x 66B)
Class com.google.common.collect.Iterators$1                                           : loaded 2 times (x 77B)
Class org.gradle.tooling.model.Model                                                  : loaded 2 times (x 66B)
Class com.google.common.collect.SingletonImmutableSet                                 : loaded 2 times (x 142B)
Class com.google.common.collect.ImmutableMap$IteratorBasedImmutableMap                : loaded 2 times (x 122B)
Class kotlin.UninitializedPropertyAccessException                                     : loaded 2 times (x 78B)
Class org.jetbrains.kotlin.idea.gradleTooling.model.annotation.AnnotationBasedPluginModel: loaded 2 times (x 66B)
Class org.jetbrains.plugins.gradle.model.IntelliJProjectSettings                      : loaded 2 times (x 66B)
Class com.google.common.collect.Iterators$4                                           : loaded 2 times (x 78B)
Class com.google.common.collect.ImmutableBiMap                                        : loaded 2 times (x 139B)
Class org.gradle.internal.installation.GradleInstallation$1                           : loaded 2 times (x 71B)
Class org.gradle.api.internal.classpath.ModuleRegistry                                : loaded 2 times (x 66B)
Class com.google.common.collect.Iterators$5                                           : loaded 2 times (x 78B)
Class com.google.common.collect.ImmutableSet$JdkBackedSetBuilderImpl                  : loaded 2 times (x 72B)
Class com.google.common.base.Splitter$SplittingIterator                               : loaded 2 times (x 80B)
Class org.jetbrains.plugins.gradle.model.VersionCatalogsModel                         : loaded 2 times (x 66B)
Class com.google.common.base.CharMatcher$ForPredicate                                 : loaded 2 times (x 108B)
Class sync_studio_tooling25235_eyt4zzg7ctk4b2wuwo1xqr28e                              : loaded 2 times (x 175B)
Class com.google.common.collect.ImmutableCollection                                   : loaded 2 times (x 121B)
Class com.google.common.base.CharMatcher$AnyOf                                        : loaded 2 times (x 108B)
Class org.gradle.api.internal.classpath.DefaultModuleRegistry                         : loaded 2 times (x 82B)
Class com.google.common.base.Converter                                                : loaded 2 times (x 86B)
Class com.google.common.collect.ImmutableSet$CachingAsList                            : loaded 2 times (x 144B)
Class com.google.common.collect.Lists                                                 : loaded 2 times (x 67B)
Class com.google.common.collect.Iterators$9                                           : loaded 2 times (x 77B)
Class com.google.common.collect.ImmutableAsList                                       : loaded 2 times (x 205B)
Class com.google.common.collect.Maps$EntryTransformer                                 : loaded 2 times (x 66B)
Class org.gradle.internal.time.MonotonicClock                                         : loaded 2 times (x 73B)
Class org.gradle.internal.service.ServiceLookupException                              : loaded 2 times (x 78B)
Class org.gradle.internal.classloader.ClassLoaderFactory                              : loaded 2 times (x 66B)
Class com.google.common.base.CharMatcher$IsNot                                        : loaded 2 times (x 107B)
Class com.google.common.base.CommonPattern                                            : loaded 2 times (x 70B)
Class org.gradle.internal.service.CachingServiceLocator                               : loaded 2 times (x 78B)
Class com.google.common.math.IntMath                                                  : loaded 2 times (x 67B)
Class org.jetbrains.plugins.gradle.model.RepositoryModels                             : loaded 2 times (x 66B)
Class com.google.common.collect.ImmutableMapEntry                                     : loaded 2 times (x 81B)
Class org.gradle.internal.time.TimeSource                                             : loaded 2 times (x 66B)
Class com.google.common.base.Function                                                 : loaded 2 times (x 66B)
Class com.google.common.collect.ImmutableMapEntry$NonTerminalImmutableMapEntry        : loaded 2 times (x 81B)
Class org.gradle.tooling.internal.gradle.GradleBuildIdentity                          : loaded 2 times (x 66B)
Class kotlin.enums.EnumEntries                                                        : loaded 2 times (x 66B)
Class com.google.common.collect.RegularImmutableList                                  : loaded 2 times (x 209B)
Class org.gradle.internal.exceptions.ResolutionProvider                               : loaded 2 times (x 66B)
Class org.gradle.tooling.model.ProjectIdentifier                                      : loaded 2 times (x 66B)
Class org.gradle.internal.classloader.ClasspathUtil                                   : loaded 2 times (x 67B)
Class com.google.common.collect.Maps                                                  : loaded 2 times (x 67B)
Class org.gradle.internal.time.TimeSource$1                                           : loaded 2 times (x 73B)
Class kotlin.jvm.internal.DefaultConstructorMarker                                    : loaded 2 times (x 67B)
Class org.gradle.api.specs.Spec                                                       : loaded 2 times (x 66B)
Class [Lcom.google.common.collect.ImmutableEntry;                                     : loaded 2 times (x 65B)
Class org.gradle.internal.time.Clock                                                  : loaded 2 times (x 66B)
Class com.google.common.collect.Maps$8                                                : loaded 2 times (x 78B)
Class kotlin.collections.AbstractList                                                 : loaded 2 times (x 193B)
Class kotlin.collections.AbstractCollection                                           : loaded 2 times (x 113B)
Class org.gradle.internal.classloader.VisitableURLClassLoader$InstrumentingVisitableURLClassLoader: loaded 2 times (x 119B)
Class com.google.common.math.IntMath$1                                                : loaded 2 times (x 67B)
Class org.gradle.internal.classloader.VisitableURLClassLoader$Spec                    : loaded 2 times (x 70B)
Class org.gradle.internal.classpath.DefaultClassPath                                  : loaded 2 times (x 86B)
Class com.google.common.base.AbstractIterator                                         : loaded 2 times (x 76B)
Class com.google.common.collect.RegularImmutableMap$Values                            : loaded 2 times (x 203B)
Class com.google.common.collect.ImmutableSet                                          : loaded 2 times (x 141B)
Class com.google.common.base.CharMatcher$BitSetMatcher                                : loaded 2 times (x 108B)
Class org.gradle.internal.classloader.ClassLoaderSpec                                 : loaded 2 times (x 67B)
Class com.google.common.base.CharMatcher$Or                                           : loaded 2 times (x 108B)
Class Settings_gradle$1$1                                                             : loaded 2 times (x 70B)
Class kotlin.Unit                                                                     : loaded 2 times (x 67B)
Class org.gradle.internal.classloader.VisitableURLClassLoader                         : loaded 2 times (x 113B)
Class Settings_gradle                                                                 : loaded 2 times (x 124B)
Class org.gradle.internal.Cast                                                        : loaded 2 times (x 67B)
Class org.gradle.api.Action                                                           : loaded 2 times (x 66B)
Class com.google.common.base.CharMatcher$FastMatcher                                  : loaded 2 times (x 107B)
Class kotlin.jvm.functions.Function1                                                  : loaded 2 times (x 66B)
Class com.google.common.collect.ImmutableMap                                          : loaded 2 times (x 116B)
Class com.google.common.base.Predicate                                                : loaded 2 times (x 66B)
Class org.gradle.internal.classpath.DefaultClassPath$ImmutableUniqueList$Builder      : loaded 2 times (x 71B)
Class com.google.common.base.CharMatcher$NegatedFastMatcher                           : loaded 2 times (x 109B)
Class [Lcom.google.common.collect.AbstractMapEntry;                                   : loaded 2 times (x 65B)
Class com.google.common.collect.ImmutableEntry                                        : loaded 2 times (x 78B)
Class org.jetbrains.kotlin.idea.gradleTooling.model.samWithReceiver.SamWithReceiverModel: loaded 2 times (x 66B)
Class com.google.common.collect.RegularImmutableMap$KeySet                            : loaded 2 times (x 148B)
Class org.gradle.internal.exceptions.NonGradleCauseExceptionsHolder                   : loaded 2 times (x 66B)
Class com.google.common.collect.CollectPreconditions                                  : loaded 2 times (x 67B)
Class com.google.common.collect.SortedMapDifference                                   : loaded 2 times (x 66B)
Class org.jetbrains.plugins.gradle.tooling.ModelBuilderService$Parameter              : loaded 2 times (x 66B)
Class com.google.common.base.Splitter$1$1                                             : loaded 2 times (x 82B)
Class org.jetbrains.kotlin.idea.gradleTooling.model.assignment.AssignmentModel        : loaded 2 times (x 66B)
Class kotlin.enums.EnumEntriesKt                                                      : loaded 2 times (x 67B)
Class org.gradle.internal.IoActions                                                   : loaded 2 times (x 67B)
Class com.google.common.collect.ImmutableSet$RegularSetBuilderImpl                    : loaded 2 times (x 73B)
Class org.gradle.internal.classloader.SystemClassLoaderSpec                           : loaded 2 times (x 67B)
Class org.gradle.internal.exceptions.MultiCauseException                              : loaded 2 times (x 66B)
Class org.gradle.internal.time.CountdownTimer                                         : loaded 2 times (x 66B)
Class kotlin.jvm.internal.Intrinsics                                                  : loaded 2 times (x 67B)
Class com.google.common.collect.RegularImmutableMap$BucketOverflowException           : loaded 2 times (x 78B)
Class org.jetbrains.kotlin.idea.gradleTooling.model.parcelize.ParcelizeGradleModel    : loaded 2 times (x 66B)
Class org.gradle.tooling.model.ProjectModel                                           : loaded 2 times (x 66B)
Class kotlin.KotlinNullPointerException                                               : loaded 2 times (x 79B)
Class com.google.common.base.CharMatcher$Negated                                      : loaded 2 times (x 109B)
Class com.google.common.base.CharMatcher$Is                                           : loaded 2 times (x 107B)
Class org.jetbrains.plugins.gradle.model.tests.ExternalTestsModel                     : loaded 2 times (x 66B)
Class org.gradle.internal.exceptions.DefaultMultiCauseException                       : loaded 2 times (x 91B)
Class com.google.common.collect.Hashing                                               : loaded 2 times (x 67B)
Class com.google.common.base.Preconditions                                            : loaded 2 times (x 67B)
Class com.google.common.collect.PeekingIterator                                       : loaded 2 times (x 66B)
Class com.google.common.base.CharMatcher                                              : loaded 2 times (x 107B)
Class org.gradle.internal.time.Time                                                   : loaded 2 times (x 67B)
Class com.google.common.base.CharMatcher$NamedFastMatcher                             : loaded 2 times (x 108B)
Class com.google.common.base.CharMatcher$1                                            : loaded 2 times (x 109B)
Class org.jetbrains.plugins.gradle.model.DependencyAccessorsModel                     : loaded 2 times (x 66B)
Class org.gradle.api.internal.classpath.GlobalCacheRootsProvider                      : loaded 2 times (x 66B)
Class com.google.common.collect.Maps$BiMapConverter                                   : loaded 2 times (x 86B)
Class com.google.common.collect.ImmutableMapEntrySet$RegularEntrySet                  : loaded 2 times (x 148B)
Class org.jetbrains.kotlin.idea.gradleTooling.KotlinMPPGradleModel                    : loaded 2 times (x 66B)
Class org.gradle.tooling.model.BuildIdentifier                                        : loaded 2 times (x 66B)
Class com.google.common.collect.ImmutableSet$Builder                                  : loaded 2 times (x 81B)
Class com.google.common.base.CharMatcher$InRange                                      : loaded 2 times (x 107B)
Class org.jetbrains.kotlin.idea.gradleTooling.PrepareKotlinIdeImportTaskModel         : loaded 2 times (x 66B)
Class org.gradle.internal.time.Timer                                                  : loaded 2 times (x 66B)
Class kotlin.jvm.internal.markers.KMappedMarker                                       : loaded 2 times (x 66B)
Class org.gradle.internal.installation.CurrentGradleInstallationLocator               : loaded 2 times (x 67B)
Class com.google.common.collect.ImmutableSet$EmptySetBuilderImpl                      : loaded 2 times (x 72B)
Class com.google.common.collect.ImmutableList                                         : loaded 2 times (x 202B)
Class org.gradle.internal.service.DefaultServiceLocator                               : loaded 2 times (x 79B)
Class com.google.common.collect.ImmutableSet$SetBuilderImpl                           : loaded 2 times (x 72B)
Class org.gradle.util.GradleVersion                                                   : loaded 2 times (x 79B)
Class org.gradle.internal.installation.CurrentGradleInstallation                      : loaded 2 times (x 69B)
Class com.google.common.collect.ImmutableList$SubList                                 : loaded 2 times (x 205B)
Class org.jetbrains.plugins.gradle.javaModel.JavaGradleManifestModel                  : loaded 2 times (x 66B)
Class org.gradle.util.internal.GUtil                                                  : loaded 2 times (x 67B)
Class com.google.common.collect.Iterators$MergingIterator                             : loaded 2 times (x 77B)
Class com.google.common.collect.RegularImmutableSet                                   : loaded 2 times (x 145B)
Class org.gradle.internal.installation.GradleInstallation                             : loaded 2 times (x 71B)
Class com.google.common.collect.Iterables                                             : loaded 2 times (x 67B)
Class com.google.common.base.Splitter$Strategy                                        : loaded 2 times (x 66B)

---------------  S Y S T E M  ---------------

OS:
 Windows 11 , 64 bit Build 26100 (10.0.26100.4202)
OS uptime: 4 days 1:53 hours
Hyper-V role detected

CPU: total 12 (initial active 12) (12 cores per cpu, 2 threads per core) family 25 model 80 stepping 0 microcode 0xa50000f, cx8, cmov, fxsr, ht, mmx, 3dnowpref, sse, sse2, sse3, ssse3, sse4a, sse4.1, sse4.2, popcnt, lzcnt, tsc, tscinvbit, avx, avx2, aes, erms, clmul, bmi1, bmi2, adx, sha, fma, vzeroupper, clflush, clflushopt, hv, rdtscp, rdpid, fsrm, f16c, cet_ss
Processor Information for the first 12 processors :
  Max Mhz: 2301, Current Mhz: 1851, Mhz Limit: 2301

Memory: 4k page, system-wide physical 7531M (1M free)
TotalPageFile size 31083M (AvailPageFile size 63M)
current process WorkingSet (physical memory assigned to process): 47M, peak: 130M
current process commit charge ("private bytes"): 547M, peak: 857M

vm_info: OpenJDK 64-Bit Server VM (21.0.6+-13368085-b895.109) for windows-amd64 JRE (21.0.6+-13368085-b895.109), built on 2025-04-16T17:01:31Z by "builder" with MS VC++ 16.10 / 16.11 (VS2019)

END.
