#
# There is insufficient memory for the Java Runtime Environment to continue.
# Native memory allocation (malloc) failed to allocate 1420176 bytes. Error detail: Chunk::new
# Possible reasons:
#   The system is out of physical RAM or swap space
#   This process is running with CompressedOops enabled, and the Java Heap may be blocking the growth of the native heap
# Possible solutions:
#   Reduce memory load on the system
#   Increase physical memory or swap space
#   Check if swap backing store is full
#   Decrease Java heap size (-Xmx/-Xms)
#   Decrease number of Java threads
#   Decrease Java thread stack sizes (-Xss)
#   Set larger code cache with -XX:ReservedCodeCacheSize=
#   JVM is running with Unscaled Compressed Oops mode in which the Java heap is
#     placed in the first 4GB address space. The Java Heap base address is the
#     maximum limit for the native heap growth. Please use -XX:HeapBaseMinAddress
#     to set the Java Heap base and to place the Java Heap above 4GB virtual address.
# This output file may be truncated or incomplete.
#
#  Out of Memory Error (arena.cpp:168), pid=20300, tid=22776
#
# JRE version: OpenJDK Runtime Environment (21.0.6) (build 21.0.6+-13368085-b895.109)
# Java VM: OpenJDK 64-Bit Server VM (21.0.6+-13368085-b895.109, mixed mode, tiered, compressed oops, compressed class ptrs, g1 gc, windows-amd64)
# No core dump will be written. Minidumps are not enabled by default on client versions of Windows
#

---------------  S U M M A R Y ------------

Command Line: --add-opens=java.base/java.lang=ALL-UNNAMED --add-opens=java.base/java.lang.invoke=ALL-UNNAMED --add-opens=java.base/java.util=ALL-UNNAMED --add-opens=java.prefs/java.util.prefs=ALL-UNNAMED --add-exports=jdk.compiler/com.sun.tools.javac.api=ALL-UNNAMED --add-exports=jdk.compiler/com.sun.tools.javac.util=ALL-UNNAMED --add-opens=java.base/java.util=ALL-UNNAMED --add-opens=java.prefs/java.util.prefs=ALL-UNNAMED --add-opens=java.base/java.nio.charset=ALL-UNNAMED --add-opens=java.base/java.net=ALL-UNNAMED --add-opens=java.base/java.util.concurrent.atomic=ALL-UNNAMED --add-opens=java.xml/javax.xml.namespace=ALL-UNNAMED -Xmx2048m -Dfile.encoding=UTF-8 -Duser.country=GB -Duser.language=en -Duser.variant -javaagent:C:\Users\natas\.gradle\wrapper\dists\gradle-8.11.1-bin\bpt9gzteqjrbo1mjrsomdt32c\gradle-8.11.1\lib\agents\gradle-instrumentation-agent-8.11.1.jar org.gradle.launcher.daemon.bootstrap.GradleDaemon 8.11.1

Host: AMD Ryzen 5 5625U with Radeon Graphics         , 12 cores, 7G,  Windows 11 , 64 bit Build 26100 (10.0.26100.4202)
Time: Fri Jul  4 20:32:18 2025 E. Africa Standard Time elapsed time: 726.839783 seconds (0d 0h 12m 6s)

---------------  T H R E A D  ---------------

Current thread (0x000001704c3e57e0):  JavaThread "C2 CompilerThread0" daemon [_thread_in_native, id=22776, stack(0x000000141be00000,0x000000141bf00000) (1024K)]


Current CompileTask:
C2:726840 7202   !   4       java.net.URLClassLoader::findClass (47 bytes)

Stack: [0x000000141be00000,0x000000141bf00000]
Native frames: (J=compiled Java code, j=interpreted, Vv=VM code, C=native code)
V  [jvm.dll+0x6d0639]
V  [jvm.dll+0x85eb03]
V  [jvm.dll+0x86105e]
V  [jvm.dll+0x861743]
V  [jvm.dll+0x27e6e6]
V  [jvm.dll+0xbff6d]
V  [jvm.dll+0xc04a3]
V  [jvm.dll+0x3b6171]
V  [jvm.dll+0x3820c7]
V  [jvm.dll+0x38153a]
V  [jvm.dll+0x247c82]
V  [jvm.dll+0x247251]
V  [jvm.dll+0x1c5f04]
V  [jvm.dll+0x2569ac]
V  [jvm.dll+0x254ef6]
V  [jvm.dll+0x3f0e96]
V  [jvm.dll+0x806ed8]
V  [jvm.dll+0x6cef0d]
C  [ucrtbase.dll+0x37b0]
C  [KERNEL32.DLL+0x2e8d7]
C  [ntdll.dll+0x3c34c]


---------------  P R O C E S S  ---------------

Threads class SMR info:
_java_thread_list=0x0000017053ec7a00, length=66, elements={
0x00000170346fb4a0, 0x000001704c3f6250, 0x000001704c3f6ca0, 0x000001704c3e2b70,
0x000001704c3e35c0, 0x000001704c3e4010, 0x000001704c3e4a60, 0x000001704c3e57e0,
0x000001704c3fe100, 0x000001704c567ef0, 0x000001704c6ff370, 0x00000170513a2660,
0x0000017051e270e0, 0x000001705133b7e0, 0x000001704c7ccc10, 0x00000170515def40,
0x00000170511c6370, 0x00000170510864d0, 0x00000170513cf260, 0x00000170515749f0,
0x0000017051573640, 0x0000017051574360, 0x0000017051575080, 0x0000017051571c00,
0x0000017051572fb0, 0x000001705241a150, 0x000001705241ae70, 0x000001705241b500,
0x000001705241a7e0, 0x0000017052418710, 0x000001705241c220, 0x0000017052419ac0,
0x0000017052418da0, 0x000001705241c8b0, 0x0000017052419430, 0x000001705241d5d0,
0x000001705241cf40, 0x000001705241e2f0, 0x000001705241dc60, 0x000001705241fd30,
0x000001705241e980, 0x000001705241f010, 0x000001705241f6a0, 0x0000017051572290,
0x0000017054187150, 0x0000017054186430, 0x0000017054188b90, 0x0000017054189220,
0x0000017054186ac0, 0x0000017054188500, 0x0000017054185da0, 0x000001705418cd30,
0x0000017054189f40, 0x000001705418a5d0, 0x00000170541898b0, 0x000001705418ac60,
0x000001705418b2f0, 0x000001705418b980, 0x000001705418c010, 0x000001705418c6a0,
0x000001705418d3c0, 0x000001705376b690, 0x000001705376bd20, 0x000001705376c3b0,
0x000001705376ddf0, 0x000001705376ca40
}

Java Threads: ( => current thread )
  0x00000170346fb4a0 JavaThread "main"                              [_thread_blocked, id=15432, stack(0x000000141b000000,0x000000141b100000) (1024K)]
  0x000001704c3f6250 JavaThread "Reference Handler"          daemon [_thread_blocked, id=33504, stack(0x000000141b800000,0x000000141b900000) (1024K)]
  0x000001704c3f6ca0 JavaThread "Finalizer"                  daemon [_thread_blocked, id=34580, stack(0x000000141b900000,0x000000141ba00000) (1024K)]
  0x000001704c3e2b70 JavaThread "Signal Dispatcher"          daemon [_thread_blocked, id=17288, stack(0x000000141ba00000,0x000000141bb00000) (1024K)]
  0x000001704c3e35c0 JavaThread "Attach Listener"            daemon [_thread_blocked, id=40472, stack(0x000000141bb00000,0x000000141bc00000) (1024K)]
  0x000001704c3e4010 JavaThread "Service Thread"             daemon [_thread_blocked, id=15976, stack(0x000000141bc00000,0x000000141bd00000) (1024K)]
  0x000001704c3e4a60 JavaThread "Monitor Deflation Thread"   daemon [_thread_blocked, id=23032, stack(0x000000141bd00000,0x000000141be00000) (1024K)]
=>0x000001704c3e57e0 JavaThread "C2 CompilerThread0"         daemon [_thread_in_native, id=22776, stack(0x000000141be00000,0x000000141bf00000) (1024K)]
  0x000001704c3fe100 JavaThread "C1 CompilerThread0"         daemon [_thread_blocked, id=28232, stack(0x000000141bf00000,0x000000141c000000) (1024K)]
  0x000001704c567ef0 JavaThread "Common-Cleaner"             daemon [_thread_blocked, id=24632, stack(0x000000141c000000,0x000000141c100000) (1024K)]
  0x000001704c6ff370 JavaThread "Notification Thread"        daemon [_thread_blocked, id=23400, stack(0x000000141c100000,0x000000141c200000) (1024K)]
  0x00000170513a2660 JavaThread "Daemon health stats"               [_thread_blocked, id=34008, stack(0x000000141af00000,0x000000141b000000) (1024K)]
  0x0000017051e270e0 JavaThread "Incoming local TCP Connector on port 48202"        [_thread_in_native, id=31196, stack(0x000000141c600000,0x000000141c700000) (1024K)]
  0x000001705133b7e0 JavaThread "Daemon periodic checks"            [_thread_blocked, id=5892, stack(0x000000141c700000,0x000000141c800000) (1024K)]
  0x000001704c7ccc10 JavaThread "Daemon"                            [_thread_blocked, id=22044, stack(0x000000141ae00000,0x000000141af00000) (1024K)]
  0x00000170515def40 JavaThread "Handler for socket connection from /127.0.0.1:48202 to /127.0.0.1:48224"        [_thread_in_native, id=40504, stack(0x000000141c800000,0x000000141c900000) (1024K)]
  0x00000170511c6370 JavaThread "Cancel handler"                    [_thread_blocked, id=31140, stack(0x000000141c900000,0x000000141ca00000) (1024K)]
  0x00000170510864d0 JavaThread "Daemon worker"                     [_thread_in_vm, id=36364, stack(0x000000141ca00000,0x000000141cb00000) (1024K)]
  0x00000170513cf260 JavaThread "Asynchronous log dispatcher for DefaultDaemonConnection: socket connection from /127.0.0.1:48202 to /127.0.0.1:48224"        [_thread_blocked, id=40524, stack(0x000000141cb00000,0x000000141cc00000) (1024K)]
  0x00000170515749f0 JavaThread "Stdin handler"                     [_thread_blocked, id=13684, stack(0x000000141cc00000,0x000000141cd00000) (1024K)]
  0x0000017051573640 JavaThread "Daemon client event forwarder"        [_thread_blocked, id=27052, stack(0x000000141cd00000,0x000000141ce00000) (1024K)]
  0x0000017051574360 JavaThread "Cache worker for journal cache (C:\Users\natas\.gradle\caches\journal-1)"        [_thread_blocked, id=18796, stack(0x000000141d500000,0x000000141d600000) (1024K)]
  0x0000017051575080 JavaThread "File lock request listener"        [_thread_in_native, id=22908, stack(0x000000141d600000,0x000000141d700000) (1024K)]
  0x0000017051571c00 JavaThread "Cache worker for file hash cache (C:\Users\natas\.gradle\caches\8.11.1\fileHashes)"        [_thread_blocked, id=7244, stack(0x000000141d700000,0x000000141d800000) (1024K)]
  0x0000017051572fb0 JavaThread "Cache worker for file content cache (C:\Users\natas\.gradle\caches\8.11.1\fileContent)"        [_thread_blocked, id=34792, stack(0x000000141da00000,0x000000141db00000) (1024K)]
  0x000001705241a150 JavaThread "Cache worker for file hash cache (C:\Users\natas\AndroidStudioProjects\MyApplication3\.gradle\8.11.1\fileHashes)"        [_thread_blocked, id=29288, stack(0x000000141db00000,0x000000141dc00000) (1024K)]
  0x000001705241ae70 JavaThread "Cache worker for Build Output Cleanup Cache (C:\Users\natas\AndroidStudioProjects\MyApplication3\.gradle\buildOutputCleanup)"        [_thread_blocked, id=23896, stack(0x000000141dc00000,0x000000141dd00000) (1024K)]
  0x000001705241b500 JavaThread "File watcher server"        daemon [_thread_in_native, id=34732, stack(0x000000141ad00000,0x000000141ae00000) (1024K)]
  0x000001705241a7e0 JavaThread "File watcher consumer"      daemon [_thread_blocked, id=35484, stack(0x000000141dd00000,0x000000141de00000) (1024K)]
  0x0000017052418710 JavaThread "jar transforms"                    [_thread_blocked, id=26720, stack(0x000000141d900000,0x000000141da00000) (1024K)]
  0x000001705241c220 JavaThread "jar transforms Thread 2"           [_thread_blocked, id=38272, stack(0x000000141de00000,0x000000141df00000) (1024K)]
  0x0000017052419ac0 JavaThread "jar transforms Thread 3"           [_thread_blocked, id=26024, stack(0x000000141df00000,0x000000141e000000) (1024K)]
  0x0000017052418da0 JavaThread "jar transforms Thread 4"           [_thread_blocked, id=14612, stack(0x000000141e000000,0x000000141e100000) (1024K)]
  0x000001705241c8b0 JavaThread "jar transforms Thread 5"           [_thread_blocked, id=34048, stack(0x000000141e100000,0x000000141e200000) (1024K)]
  0x0000017052419430 JavaThread "jar transforms Thread 6"           [_thread_blocked, id=35748, stack(0x000000141e200000,0x000000141e300000) (1024K)]
  0x000001705241d5d0 JavaThread "jar transforms Thread 7"           [_thread_blocked, id=6004, stack(0x000000141e300000,0x000000141e400000) (1024K)]
  0x000001705241cf40 JavaThread "jar transforms Thread 8"           [_thread_blocked, id=40452, stack(0x000000141e400000,0x000000141e500000) (1024K)]
  0x000001705241e2f0 JavaThread "jar transforms Thread 9"           [_thread_blocked, id=25824, stack(0x000000141e500000,0x000000141e600000) (1024K)]
  0x000001705241dc60 JavaThread "jar transforms Thread 10"          [_thread_blocked, id=13152, stack(0x000000141e600000,0x000000141e700000) (1024K)]
  0x000001705241fd30 JavaThread "jar transforms Thread 11"          [_thread_blocked, id=37152, stack(0x000000141e700000,0x000000141e800000) (1024K)]
  0x000001705241e980 JavaThread "jar transforms Thread 12"          [_thread_blocked, id=4088, stack(0x000000141e800000,0x000000141e900000) (1024K)]
  0x000001705241f010 JavaThread "Cache worker for checksums cache (C:\Users\natas\AndroidStudioProjects\MyApplication3\.gradle\8.11.1\checksums)"        [_thread_blocked, id=38832, stack(0x000000141e900000,0x000000141ea00000) (1024K)]
  0x000001705241f6a0 JavaThread "Cache worker for cache directory md-rule (C:\Users\natas\.gradle\caches\8.11.1\md-rule)"        [_thread_blocked, id=25812, stack(0x000000141ea00000,0x000000141eb00000) (1024K)]
  0x0000017051572290 JavaThread "Cache worker for cache directory md-supplier (C:\Users\natas\.gradle\caches\8.11.1\md-supplier)"        [_thread_blocked, id=34688, stack(0x000000141eb00000,0x000000141ec00000) (1024K)]
  0x0000017054187150 JavaThread "Unconstrained build operations"        [_thread_blocked, id=34324, stack(0x000000141ee00000,0x000000141ef00000) (1024K)]
  0x0000017054186430 JavaThread "Unconstrained build operations Thread 2"        [_thread_blocked, id=38836, stack(0x000000141ef00000,0x000000141f000000) (1024K)]
  0x0000017054188b90 JavaThread "Unconstrained build operations Thread 3"        [_thread_blocked, id=20244, stack(0x000000141f000000,0x000000141f100000) (1024K)]
  0x0000017054189220 JavaThread "Unconstrained build operations Thread 4"        [_thread_blocked, id=38672, stack(0x000000141f100000,0x000000141f200000) (1024K)]
  0x0000017054186ac0 JavaThread "File lock release action executor Thread 4"        [_thread_blocked, id=31188, stack(0x000000141ec00000,0x000000141ed00000) (1024K)]
  0x0000017054188500 JavaThread "Unconstrained build operations Thread 5"        [_thread_blocked, id=21188, stack(0x000000141ed00000,0x000000141ee00000) (1024K)]
  0x0000017054185da0 JavaThread "Unconstrained build operations Thread 6"        [_thread_blocked, id=40336, stack(0x000000141f200000,0x000000141f300000) (1024K)]
  0x000001705418cd30 JavaThread "Unconstrained build operations Thread 7"        [_thread_blocked, id=39132, stack(0x000000141f300000,0x000000141f400000) (1024K)]
  0x0000017054189f40 JavaThread "Unconstrained build operations Thread 8"        [_thread_blocked, id=28608, stack(0x000000141f400000,0x000000141f500000) (1024K)]
  0x000001705418a5d0 JavaThread "Unconstrained build operations Thread 9"        [_thread_blocked, id=29708, stack(0x000000141f500000,0x000000141f600000) (1024K)]
  0x00000170541898b0 JavaThread "Unconstrained build operations Thread 10"        [_thread_blocked, id=40664, stack(0x000000141f600000,0x000000141f700000) (1024K)]
  0x000001705418ac60 JavaThread "Unconstrained build operations Thread 11"        [_thread_blocked, id=35704, stack(0x000000141f700000,0x000000141f800000) (1024K)]
  0x000001705418b2f0 JavaThread "Unconstrained build operations Thread 12"        [_thread_blocked, id=39844, stack(0x000000141f800000,0x000000141f900000) (1024K)]
  0x000001705418b980 JavaThread "Unconstrained build operations Thread 13"        [_thread_blocked, id=34112, stack(0x000000141f900000,0x000000141fa00000) (1024K)]
  0x000001705418c010 JavaThread "Unconstrained build operations Thread 14"        [_thread_blocked, id=39760, stack(0x000000141fa00000,0x000000141fb00000) (1024K)]
  0x000001705418c6a0 JavaThread "Unconstrained build operations Thread 15"        [_thread_blocked, id=8588, stack(0x000000141fb00000,0x000000141fc00000) (1024K)]
  0x000001705418d3c0 JavaThread "Unconstrained build operations Thread 16"        [_thread_blocked, id=16992, stack(0x000000141fc00000,0x000000141fd00000) (1024K)]
  0x000001705376b690 JavaThread "Unconstrained build operations Thread 17"        [_thread_blocked, id=14704, stack(0x000000141fd00000,0x000000141fe00000) (1024K)]
  0x000001705376bd20 JavaThread "Unconstrained build operations Thread 18"        [_thread_blocked, id=17424, stack(0x000000141fe00000,0x000000141ff00000) (1024K)]
  0x000001705376c3b0 JavaThread "Unconstrained build operations Thread 19"        [_thread_blocked, id=40484, stack(0x000000141ff00000,0x0000001420000000) (1024K)]
  0x000001705376ddf0 JavaThread "Unconstrained build operations Thread 20"        [_thread_blocked, id=4192, stack(0x0000001420000000,0x0000001420100000) (1024K)]
  0x000001705376ca40 JavaThread "Unconstrained build operations Thread 21"        [_thread_blocked, id=23196, stack(0x0000001420100000,0x0000001420200000) (1024K)]
Total: 66

Other Threads:
  0x000001704c232b80 VMThread "VM Thread"                           [id=17692, stack(0x000000141b700000,0x000000141b800000) (1024K)]
  0x000001704c1d38e0 WatcherThread "VM Periodic Task Thread"        [id=31424, stack(0x000000141b600000,0x000000141b700000) (1024K)]
  0x0000017034754150 WorkerThread "GC Thread#0"                     [id=40456, stack(0x000000141b100000,0x000000141b200000) (1024K)]
  0x000001704cb52c70 WorkerThread "GC Thread#1"                     [id=27552, stack(0x000000141c200000,0x000000141c300000) (1024K)]
  0x000001704c974a80 WorkerThread "GC Thread#2"                     [id=38188, stack(0x000000141c300000,0x000000141c400000) (1024K)]
  0x000001704c600000 WorkerThread "GC Thread#3"                     [id=22748, stack(0x000000141c400000,0x000000141c500000) (1024K)]
  0x000001704c6003a0 WorkerThread "GC Thread#4"                     [id=29232, stack(0x000000141c500000,0x000000141c600000) (1024K)]
  0x0000017051575fd0 WorkerThread "GC Thread#5"                     [id=39552, stack(0x000000141ce00000,0x000000141cf00000) (1024K)]
  0x000001704c743290 WorkerThread "GC Thread#6"                     [id=37736, stack(0x000000141cf00000,0x000000141d000000) (1024K)]
  0x000001704c743630 WorkerThread "GC Thread#7"                     [id=19964, stack(0x000000141d000000,0x000000141d100000) (1024K)]
  0x000001704c7439d0 WorkerThread "GC Thread#8"                     [id=38632, stack(0x000000141d100000,0x000000141d200000) (1024K)]
  0x0000017051e10dc0 WorkerThread "GC Thread#9"                     [id=30992, stack(0x000000141d200000,0x000000141d300000) (1024K)]
  0x0000017034765130 ConcurrentGCThread "G1 Main Marker"            [id=38976, stack(0x000000141b200000,0x000000141b300000) (1024K)]
  0x0000017034765c30 WorkerThread "G1 Conc#0"                       [id=26240, stack(0x000000141b300000,0x000000141b400000) (1024K)]
  0x0000017051e11500 WorkerThread "G1 Conc#1"                       [id=14384, stack(0x000000141d300000,0x000000141d400000) (1024K)]
  0x0000017051e11160 WorkerThread "G1 Conc#2"                       [id=33036, stack(0x000000141d400000,0x000000141d500000) (1024K)]
  0x000001704c099930 ConcurrentGCThread "G1 Refine#0"               [id=21396, stack(0x000000141b400000,0x000000141b500000) (1024K)]
  0x000001704c09a2b0 ConcurrentGCThread "G1 Service"                [id=13408, stack(0x000000141b500000,0x000000141b600000) (1024K)]
Total: 18

Threads with active compile tasks:
C2 CompilerThread0  727072 7202   !   4       java.net.URLClassLoader::findClass (47 bytes)
Total: 1

VM state: not at safepoint (normal execution)

VM Mutex/Monitor currently owned by a thread: None

Heap address: 0x0000000080000000, size: 2048 MB, Compressed Oops mode: 32-bit

CDS archive(s) not mapped
Compressed class space mapped at: 0x0000000100000000-0x0000000140000000, reserved size: 1073741824
Narrow klass base: 0x0000000000000000, Narrow klass shift: 3, Narrow klass range: 0x140000000

GC Precious Log:
 CardTable entry size: 512
 Card Set container configuration: InlinePtr #cards 5 size 8 Array Of Cards #cards 12 size 40 Howl #buckets 4 coarsen threshold 1843 Howl Bitmap #cards 512 size 80 coarsen threshold 460 Card regions per heap region 1 cards per card region 2048
 CPUs: 12 total, 12 available
 Memory: 7531M
 Large Page Support: Disabled
 NUMA Support: Disabled
 Compressed Oops: Enabled (32-bit)
 Heap Region Size: 1M
 Heap Min Capacity: 8M
 Heap Initial Capacity: 118M
 Heap Max Capacity: 2G
 Pre-touch: Disabled
 Parallel Workers: 10
 Concurrent Workers: 3
 Concurrent Refinement Workers: 10
 Periodic GC: Disabled

Heap:
 garbage-first heap   total 218112K, used 75955K [0x0000000080000000, 0x0000000100000000)
  region size 1024K, 4 young (4096K), 2 survivors (2048K)
 Metaspace       used 68503K, committed 70272K, reserved 1114112K
  class space    used 9250K, committed 10176K, reserved 1048576K

Heap Regions: E=young(eden), S=young(survivor), O=old, HS=humongous(starts), HC=humongous(continues), CS=collection set, F=free, TAMS=top-at-mark-start, PB=parsable bottom
|   0|0x0000000080000000, 0x0000000080100000, 0x0000000080100000|100%| O|  |TAMS 0x0000000080100000| PB 0x0000000080000000| Untracked 
|   1|0x0000000080100000, 0x0000000080200000, 0x0000000080200000|100%|HS|  |TAMS 0x0000000080200000| PB 0x0000000080100000| Complete 
|   2|0x0000000080200000, 0x0000000080300000, 0x0000000080300000|100%|HC|  |TAMS 0x0000000080300000| PB 0x0000000080200000| Complete 
|   3|0x0000000080300000, 0x0000000080400000, 0x0000000080400000|100%|HC|  |TAMS 0x0000000080400000| PB 0x0000000080300000| Complete 
|   4|0x0000000080400000, 0x0000000080500000, 0x0000000080500000|100%| O|  |TAMS 0x0000000080500000| PB 0x0000000080400000| Untracked 
|   5|0x0000000080500000, 0x0000000080600000, 0x0000000080600000|100%| O|  |TAMS 0x0000000080600000| PB 0x0000000080500000| Untracked 
|   6|0x0000000080600000, 0x0000000080700000, 0x0000000080700000|100%| O|  |TAMS 0x0000000080700000| PB 0x0000000080600000| Untracked 
|   7|0x0000000080700000, 0x0000000080800000, 0x0000000080800000|100%| O|  |TAMS 0x0000000080800000| PB 0x0000000080700000| Untracked 
|   8|0x0000000080800000, 0x0000000080900000, 0x0000000080900000|100%| O|  |TAMS 0x0000000080900000| PB 0x0000000080800000| Untracked 
|   9|0x0000000080900000, 0x0000000080a00000, 0x0000000080a00000|100%| O|  |TAMS 0x0000000080a00000| PB 0x0000000080900000| Untracked 
|  10|0x0000000080a00000, 0x0000000080b00000, 0x0000000080b00000|100%| O|  |TAMS 0x0000000080b00000| PB 0x0000000080a00000| Untracked 
|  11|0x0000000080b00000, 0x0000000080c00000, 0x0000000080c00000|100%|HS|  |TAMS 0x0000000080c00000| PB 0x0000000080b00000| Complete 
|  12|0x0000000080c00000, 0x0000000080d00000, 0x0000000080d00000|100%| O|  |TAMS 0x0000000080d00000| PB 0x0000000080c00000| Untracked 
|  13|0x0000000080d00000, 0x0000000080e00000, 0x0000000080e00000|100%| O|  |TAMS 0x0000000080e00000| PB 0x0000000080d00000| Untracked 
|  14|0x0000000080e00000, 0x0000000080f00000, 0x0000000080f00000|100%| O|  |TAMS 0x0000000080f00000| PB 0x0000000080e00000| Untracked 
|  15|0x0000000080f00000, 0x0000000081000000, 0x0000000081000000|100%| O|  |TAMS 0x0000000081000000| PB 0x0000000080f00000| Untracked 
|  16|0x0000000081000000, 0x0000000081100000, 0x0000000081100000|100%| O|  |TAMS 0x0000000081100000| PB 0x0000000081000000| Untracked 
|  17|0x0000000081100000, 0x0000000081200000, 0x0000000081200000|100%| O|  |TAMS 0x0000000081200000| PB 0x0000000081100000| Untracked 
|  18|0x0000000081200000, 0x0000000081300000, 0x0000000081300000|100%| O|  |TAMS 0x0000000081300000| PB 0x0000000081300000| Untracked 
|  19|0x0000000081300000, 0x0000000081400000, 0x0000000081400000|100%| O|  |TAMS 0x0000000081400000| PB 0x0000000081400000| Untracked 
|  20|0x0000000081400000, 0x0000000081500000, 0x0000000081500000|100%| O|  |TAMS 0x0000000081500000| PB 0x0000000081500000| Untracked 
|  21|0x0000000081500000, 0x0000000081600000, 0x0000000081600000|100%| O|  |TAMS 0x0000000081600000| PB 0x0000000081600000| Untracked 
|  22|0x0000000081600000, 0x0000000081700000, 0x0000000081700000|100%| O|  |TAMS 0x0000000081700000| PB 0x0000000081700000| Untracked 
|  23|0x0000000081700000, 0x0000000081800000, 0x0000000081800000|100%|HS|  |TAMS 0x0000000081800000| PB 0x0000000081700000| Complete 
|  24|0x0000000081800000, 0x0000000081900000, 0x0000000081900000|100%|HC|  |TAMS 0x0000000081900000| PB 0x0000000081800000| Complete 
|  25|0x0000000081900000, 0x0000000081a00000, 0x0000000081a00000|100%|HC|  |TAMS 0x0000000081a00000| PB 0x0000000081900000| Complete 
|  26|0x0000000081a00000, 0x0000000081b00000, 0x0000000081b00000|100%|HC|  |TAMS 0x0000000081b00000| PB 0x0000000081a00000| Complete 
|  27|0x0000000081b00000, 0x0000000081c00000, 0x0000000081c00000|100%|HC|  |TAMS 0x0000000081c00000| PB 0x0000000081b00000| Complete 
|  28|0x0000000081c00000, 0x0000000081d00000, 0x0000000081d00000|100%|HC|  |TAMS 0x0000000081d00000| PB 0x0000000081c00000| Complete 
|  29|0x0000000081d00000, 0x0000000081e00000, 0x0000000081e00000|100%|HS|  |TAMS 0x0000000081e00000| PB 0x0000000081d00000| Complete 
|  30|0x0000000081e00000, 0x0000000081f00000, 0x0000000081f00000|100%|HC|  |TAMS 0x0000000081f00000| PB 0x0000000081e00000| Complete 
|  31|0x0000000081f00000, 0x0000000082000000, 0x0000000082000000|100%|HC|  |TAMS 0x0000000082000000| PB 0x0000000081f00000| Complete 
|  32|0x0000000082000000, 0x0000000082100000, 0x0000000082100000|100%|HC|  |TAMS 0x0000000082100000| PB 0x0000000082000000| Complete 
|  33|0x0000000082100000, 0x0000000082200000, 0x0000000082200000|100%|HS|  |TAMS 0x0000000082200000| PB 0x0000000082100000| Complete 
|  34|0x0000000082200000, 0x0000000082300000, 0x0000000082300000|100%|HC|  |TAMS 0x0000000082300000| PB 0x0000000082200000| Complete 
|  35|0x0000000082300000, 0x0000000082400000, 0x0000000082400000|100%|HS|  |TAMS 0x0000000082400000| PB 0x0000000082300000| Complete 
|  36|0x0000000082400000, 0x0000000082500000, 0x0000000082500000|100%| O|  |TAMS 0x0000000082500000| PB 0x0000000082500000| Untracked 
|  37|0x0000000082500000, 0x0000000082600000, 0x0000000082600000|100%| O|  |TAMS 0x0000000082600000| PB 0x0000000082600000| Untracked 
|  38|0x0000000082600000, 0x0000000082700000, 0x0000000082700000|100%| O|  |TAMS 0x0000000082700000| PB 0x0000000082700000| Updating 
|  39|0x0000000082700000, 0x0000000082800000, 0x0000000082800000|100%| O|  |TAMS 0x0000000082800000| PB 0x0000000082800000| Untracked 
|  40|0x0000000082800000, 0x0000000082900000, 0x0000000082900000|100%| O|  |TAMS 0x0000000082900000| PB 0x0000000082900000| Untracked 
|  41|0x0000000082900000, 0x0000000082a00000, 0x0000000082a00000|100%| O|  |TAMS 0x0000000082a00000| PB 0x0000000082a00000| Untracked 
|  42|0x0000000082a00000, 0x0000000082b00000, 0x0000000082b00000|100%| O|  |TAMS 0x0000000082b00000| PB 0x0000000082b00000| Untracked 
|  43|0x0000000082b00000, 0x0000000082c00000, 0x0000000082c00000|100%| O|  |TAMS 0x0000000082c00000| PB 0x0000000082c00000| Untracked 
|  44|0x0000000082c00000, 0x0000000082d00000, 0x0000000082d00000|100%| O|  |TAMS 0x0000000082d00000| PB 0x0000000082d00000| Untracked 
|  45|0x0000000082d00000, 0x0000000082e00000, 0x0000000082e00000|100%| O|  |TAMS 0x0000000082e00000| PB 0x0000000082e00000| Untracked 
|  46|0x0000000082e00000, 0x0000000082f00000, 0x0000000082f00000|100%| O|  |TAMS 0x0000000082f00000| PB 0x0000000082f00000| Updating 
|  47|0x0000000082f00000, 0x0000000083000000, 0x0000000083000000|100%| O|  |TAMS 0x0000000083000000| PB 0x0000000083000000| Untracked 
|  48|0x0000000083000000, 0x0000000083100000, 0x0000000083100000|100%| O|  |TAMS 0x0000000083100000| PB 0x0000000083100000| Untracked 
|  49|0x0000000083100000, 0x0000000083200000, 0x0000000083200000|100%| O|  |TAMS 0x0000000083200000| PB 0x0000000083200000| Updating 
|  50|0x0000000083200000, 0x0000000083300000, 0x0000000083300000|100%| O|  |TAMS 0x0000000083300000| PB 0x0000000083300000| Untracked 
|  51|0x0000000083300000, 0x0000000083400000, 0x0000000083400000|100%| O|  |TAMS 0x0000000083400000| PB 0x0000000083400000| Updating 
|  52|0x0000000083400000, 0x0000000083500000, 0x0000000083500000|100%| O|  |TAMS 0x0000000083500000| PB 0x0000000083500000| Untracked 
|  53|0x0000000083500000, 0x0000000083600000, 0x0000000083600000|100%|HS|  |TAMS 0x0000000083600000| PB 0x0000000083500000| Complete 
|  54|0x0000000083600000, 0x0000000083700000, 0x0000000083700000|100%|HC|  |TAMS 0x0000000083700000| PB 0x0000000083600000| Complete 
|  55|0x0000000083700000, 0x0000000083800000, 0x0000000083800000|100%| O|  |TAMS 0x0000000083800000| PB 0x0000000083800000| Untracked 
|  56|0x0000000083800000, 0x0000000083800000, 0x0000000083900000|  0%| F|  |TAMS 0x0000000083800000| PB 0x0000000083800000| Untracked 
|  57|0x0000000083900000, 0x0000000083a00000, 0x0000000083a00000|100%|HS|  |TAMS 0x0000000083a00000| PB 0x0000000083900000| Complete 
|  58|0x0000000083a00000, 0x0000000083b00000, 0x0000000083b00000|100%|HC|  |TAMS 0x0000000083b00000| PB 0x0000000083a00000| Complete 
|  59|0x0000000083b00000, 0x0000000083c00000, 0x0000000083c00000|100%|HC|  |TAMS 0x0000000083c00000| PB 0x0000000083b00000| Complete 
|  60|0x0000000083c00000, 0x0000000083d00000, 0x0000000083d00000|100%|HC|  |TAMS 0x0000000083d00000| PB 0x0000000083c00000| Complete 
|  61|0x0000000083d00000, 0x0000000083e00000, 0x0000000083e00000|100%|HC|  |TAMS 0x0000000083e00000| PB 0x0000000083d00000| Complete 
|  62|0x0000000083e00000, 0x0000000083f00000, 0x0000000083f00000|100%|HC|  |TAMS 0x0000000083f00000| PB 0x0000000083e00000| Complete 
|  63|0x0000000083f00000, 0x0000000084000000, 0x0000000084000000|100%|HS|  |TAMS 0x0000000084000000| PB 0x0000000083f00000| Complete 
|  64|0x0000000084000000, 0x0000000084100000, 0x0000000084100000|100%|HC|  |TAMS 0x0000000084100000| PB 0x0000000084000000| Complete 
|  65|0x0000000084100000, 0x0000000084200000, 0x0000000084200000|100%|HC|  |TAMS 0x0000000084200000| PB 0x0000000084100000| Complete 
|  66|0x0000000084200000, 0x0000000084300000, 0x0000000084300000|100%|HC|  |TAMS 0x0000000084300000| PB 0x0000000084200000| Complete 
|  67|0x0000000084300000, 0x0000000084400000, 0x0000000084400000|100%|HC|  |TAMS 0x0000000084400000| PB 0x0000000084300000| Complete 
|  68|0x0000000084400000, 0x0000000084500000, 0x0000000084500000|100%|HC|  |TAMS 0x0000000084500000| PB 0x0000000084400000| Complete 
|  69|0x0000000084500000, 0x0000000084600000, 0x0000000084600000|100%|HS|  |TAMS 0x0000000084600000| PB 0x0000000084500000| Complete 
|  70|0x0000000084600000, 0x0000000084700000, 0x0000000084700000|100%| O|  |TAMS 0x0000000084700000| PB 0x0000000084700000| Untracked 
|  71|0x0000000084700000, 0x0000000084776500, 0x0000000084800000| 46%| O|  |TAMS 0x0000000084776500| PB 0x0000000084700000| Updating 
|  72|0x0000000084800000, 0x0000000084900000, 0x0000000084900000|100%| O|  |TAMS 0x0000000084900000| PB 0x0000000084800000| Untracked 
|  73|0x0000000084900000, 0x0000000084900000, 0x0000000084a00000|  0%| F|  |TAMS 0x0000000084900000| PB 0x0000000084900000| Untracked 
|  74|0x0000000084a00000, 0x0000000084a00000, 0x0000000084b00000|  0%| F|  |TAMS 0x0000000084a00000| PB 0x0000000084a00000| Untracked 
|  75|0x0000000084b00000, 0x0000000084b00000, 0x0000000084c00000|  0%| F|  |TAMS 0x0000000084b00000| PB 0x0000000084b00000| Untracked 
|  76|0x0000000084c00000, 0x0000000084c00000, 0x0000000084d00000|  0%| F|  |TAMS 0x0000000084c00000| PB 0x0000000084c00000| Untracked 
|  77|0x0000000084d00000, 0x0000000084d00000, 0x0000000084e00000|  0%| F|  |TAMS 0x0000000084d00000| PB 0x0000000084d00000| Untracked 
|  78|0x0000000084e00000, 0x0000000084e00000, 0x0000000084f00000|  0%| F|  |TAMS 0x0000000084e00000| PB 0x0000000084e00000| Untracked 
|  79|0x0000000084f00000, 0x0000000084f00000, 0x0000000085000000|  0%| F|  |TAMS 0x0000000084f00000| PB 0x0000000084f00000| Untracked 
|  80|0x0000000085000000, 0x0000000085000000, 0x0000000085100000|  0%| F|  |TAMS 0x0000000085000000| PB 0x0000000085000000| Untracked 
|  81|0x0000000085100000, 0x0000000085100000, 0x0000000085200000|  0%| F|  |TAMS 0x0000000085100000| PB 0x0000000085100000| Untracked 
|  82|0x0000000085200000, 0x0000000085200000, 0x0000000085300000|  0%| F|  |TAMS 0x0000000085200000| PB 0x0000000085200000| Untracked 
|  83|0x0000000085300000, 0x0000000085300000, 0x0000000085400000|  0%| F|  |TAMS 0x0000000085300000| PB 0x0000000085300000| Untracked 
|  84|0x0000000085400000, 0x0000000085400000, 0x0000000085500000|  0%| F|  |TAMS 0x0000000085400000| PB 0x0000000085400000| Untracked 
|  85|0x0000000085500000, 0x0000000085500000, 0x0000000085600000|  0%| F|  |TAMS 0x0000000085500000| PB 0x0000000085500000| Untracked 
|  86|0x0000000085600000, 0x0000000085600000, 0x0000000085700000|  0%| F|  |TAMS 0x0000000085600000| PB 0x0000000085600000| Untracked 
|  87|0x0000000085700000, 0x0000000085700000, 0x0000000085800000|  0%| F|  |TAMS 0x0000000085700000| PB 0x0000000085700000| Untracked 
|  88|0x0000000085800000, 0x0000000085800000, 0x0000000085900000|  0%| F|  |TAMS 0x0000000085800000| PB 0x0000000085800000| Untracked 
|  89|0x0000000085900000, 0x0000000085900000, 0x0000000085a00000|  0%| F|  |TAMS 0x0000000085900000| PB 0x0000000085900000| Untracked 
|  90|0x0000000085a00000, 0x0000000085a00000, 0x0000000085b00000|  0%| F|  |TAMS 0x0000000085a00000| PB 0x0000000085a00000| Untracked 
|  91|0x0000000085b00000, 0x0000000085b00000, 0x0000000085c00000|  0%| F|  |TAMS 0x0000000085b00000| PB 0x0000000085b00000| Untracked 
|  92|0x0000000085c00000, 0x0000000085c00000, 0x0000000085d00000|  0%| F|  |TAMS 0x0000000085c00000| PB 0x0000000085c00000| Untracked 
|  93|0x0000000085d00000, 0x0000000085d00000, 0x0000000085e00000|  0%| F|  |TAMS 0x0000000085d00000| PB 0x0000000085d00000| Untracked 
|  94|0x0000000085e00000, 0x0000000085e00000, 0x0000000085f00000|  0%| F|  |TAMS 0x0000000085e00000| PB 0x0000000085e00000| Untracked 
|  95|0x0000000085f00000, 0x0000000085f00000, 0x0000000086000000|  0%| F|  |TAMS 0x0000000085f00000| PB 0x0000000085f00000| Untracked 
|  96|0x0000000086000000, 0x0000000086000000, 0x0000000086100000|  0%| F|  |TAMS 0x0000000086000000| PB 0x0000000086000000| Untracked 
|  97|0x0000000086100000, 0x0000000086100000, 0x0000000086200000|  0%| F|  |TAMS 0x0000000086100000| PB 0x0000000086100000| Untracked 
|  98|0x0000000086200000, 0x0000000086200000, 0x0000000086300000|  0%| F|  |TAMS 0x0000000086200000| PB 0x0000000086200000| Untracked 
|  99|0x0000000086300000, 0x0000000086300000, 0x0000000086400000|  0%| F|  |TAMS 0x0000000086300000| PB 0x0000000086300000| Untracked 
| 100|0x0000000086400000, 0x0000000086400000, 0x0000000086500000|  0%| F|  |TAMS 0x0000000086400000| PB 0x0000000086400000| Untracked 
| 101|0x0000000086500000, 0x0000000086500000, 0x0000000086600000|  0%| F|  |TAMS 0x0000000086500000| PB 0x0000000086500000| Untracked 
| 102|0x0000000086600000, 0x0000000086600000, 0x0000000086700000|  0%| F|  |TAMS 0x0000000086600000| PB 0x0000000086600000| Untracked 
| 103|0x0000000086700000, 0x0000000086700000, 0x0000000086800000|  0%| F|  |TAMS 0x0000000086700000| PB 0x0000000086700000| Untracked 
| 104|0x0000000086800000, 0x0000000086800000, 0x0000000086900000|  0%| F|  |TAMS 0x0000000086800000| PB 0x0000000086800000| Untracked 
| 105|0x0000000086900000, 0x0000000086900000, 0x0000000086a00000|  0%| F|  |TAMS 0x0000000086900000| PB 0x0000000086900000| Untracked 
| 106|0x0000000086a00000, 0x0000000086a00000, 0x0000000086b00000|  0%| F|  |TAMS 0x0000000086a00000| PB 0x0000000086a00000| Untracked 
| 107|0x0000000086b00000, 0x0000000086b00000, 0x0000000086c00000|  0%| F|  |TAMS 0x0000000086b00000| PB 0x0000000086b00000| Untracked 
| 108|0x0000000086c00000, 0x0000000086c00000, 0x0000000086d00000|  0%| F|  |TAMS 0x0000000086c00000| PB 0x0000000086c00000| Untracked 
| 109|0x0000000086d00000, 0x0000000086d00000, 0x0000000086e00000|  0%| F|  |TAMS 0x0000000086d00000| PB 0x0000000086d00000| Untracked 
| 110|0x0000000086e00000, 0x0000000086e00000, 0x0000000086f00000|  0%| F|  |TAMS 0x0000000086e00000| PB 0x0000000086e00000| Untracked 
| 111|0x0000000086f00000, 0x0000000086f00000, 0x0000000087000000|  0%| F|  |TAMS 0x0000000086f00000| PB 0x0000000086f00000| Untracked 
| 112|0x0000000087000000, 0x0000000087000000, 0x0000000087100000|  0%| F|  |TAMS 0x0000000087000000| PB 0x0000000087000000| Untracked 
| 113|0x0000000087100000, 0x0000000087100000, 0x0000000087200000|  0%| F|  |TAMS 0x0000000087100000| PB 0x0000000087100000| Untracked 
| 114|0x0000000087200000, 0x0000000087200000, 0x0000000087300000|  0%| F|  |TAMS 0x0000000087200000| PB 0x0000000087200000| Untracked 
| 115|0x0000000087300000, 0x0000000087300000, 0x0000000087400000|  0%| F|  |TAMS 0x0000000087300000| PB 0x0000000087300000| Untracked 
| 116|0x0000000087400000, 0x0000000087400000, 0x0000000087500000|  0%| F|  |TAMS 0x0000000087400000| PB 0x0000000087400000| Untracked 
| 117|0x0000000087500000, 0x0000000087500000, 0x0000000087600000|  0%| F|  |TAMS 0x0000000087500000| PB 0x0000000087500000| Untracked 
| 118|0x0000000087600000, 0x0000000087600000, 0x0000000087700000|  0%| F|  |TAMS 0x0000000087600000| PB 0x0000000087600000| Untracked 
| 119|0x0000000087700000, 0x0000000087700000, 0x0000000087800000|  0%| F|  |TAMS 0x0000000087700000| PB 0x0000000087700000| Untracked 
| 120|0x0000000087800000, 0x0000000087800000, 0x0000000087900000|  0%| F|  |TAMS 0x0000000087800000| PB 0x0000000087800000| Untracked 
| 121|0x0000000087900000, 0x0000000087900000, 0x0000000087a00000|  0%| F|  |TAMS 0x0000000087900000| PB 0x0000000087900000| Untracked 
| 122|0x0000000087a00000, 0x0000000087a00000, 0x0000000087b00000|  0%| F|  |TAMS 0x0000000087a00000| PB 0x0000000087a00000| Untracked 
| 123|0x0000000087b00000, 0x0000000087b00000, 0x0000000087c00000|  0%| F|  |TAMS 0x0000000087b00000| PB 0x0000000087b00000| Untracked 
| 124|0x0000000087c00000, 0x0000000087c00000, 0x0000000087d00000|  0%| F|  |TAMS 0x0000000087c00000| PB 0x0000000087c00000| Untracked 
| 125|0x0000000087d00000, 0x0000000087d00000, 0x0000000087e00000|  0%| F|  |TAMS 0x0000000087d00000| PB 0x0000000087d00000| Untracked 
| 126|0x0000000087e00000, 0x0000000087e00000, 0x0000000087f00000|  0%| F|  |TAMS 0x0000000087e00000| PB 0x0000000087e00000| Untracked 
| 127|0x0000000087f00000, 0x0000000087f00000, 0x0000000088000000|  0%| F|  |TAMS 0x0000000087f00000| PB 0x0000000087f00000| Untracked 
| 128|0x0000000088000000, 0x0000000088000000, 0x0000000088100000|  0%| F|  |TAMS 0x0000000088000000| PB 0x0000000088000000| Untracked 
| 129|0x0000000088100000, 0x0000000088100000, 0x0000000088200000|  0%| F|  |TAMS 0x0000000088100000| PB 0x0000000088100000| Untracked 
| 130|0x0000000088200000, 0x0000000088200000, 0x0000000088300000|  0%| F|  |TAMS 0x0000000088200000| PB 0x0000000088200000| Untracked 
| 131|0x0000000088300000, 0x0000000088300000, 0x0000000088400000|  0%| F|  |TAMS 0x0000000088300000| PB 0x0000000088300000| Untracked 
| 132|0x0000000088400000, 0x0000000088400000, 0x0000000088500000|  0%| F|  |TAMS 0x0000000088400000| PB 0x0000000088400000| Untracked 
| 133|0x0000000088500000, 0x0000000088500000, 0x0000000088600000|  0%| F|  |TAMS 0x0000000088500000| PB 0x0000000088500000| Untracked 
| 134|0x0000000088600000, 0x0000000088600000, 0x0000000088700000|  0%| F|  |TAMS 0x0000000088600000| PB 0x0000000088600000| Untracked 
| 135|0x0000000088700000, 0x0000000088700000, 0x0000000088800000|  0%| F|  |TAMS 0x0000000088700000| PB 0x0000000088700000| Untracked 
| 136|0x0000000088800000, 0x0000000088800000, 0x0000000088900000|  0%| F|  |TAMS 0x0000000088800000| PB 0x0000000088800000| Untracked 
| 137|0x0000000088900000, 0x0000000088900000, 0x0000000088a00000|  0%| F|  |TAMS 0x0000000088900000| PB 0x0000000088900000| Untracked 
| 138|0x0000000088a00000, 0x0000000088a00000, 0x0000000088b00000|  0%| F|  |TAMS 0x0000000088a00000| PB 0x0000000088a00000| Untracked 
| 139|0x0000000088b00000, 0x0000000088b00000, 0x0000000088c00000|  0%| F|  |TAMS 0x0000000088b00000| PB 0x0000000088b00000| Untracked 
| 140|0x0000000088c00000, 0x0000000088c00000, 0x0000000088d00000|  0%| F|  |TAMS 0x0000000088c00000| PB 0x0000000088c00000| Untracked 
| 141|0x0000000088d00000, 0x0000000088d00000, 0x0000000088e00000|  0%| F|  |TAMS 0x0000000088d00000| PB 0x0000000088d00000| Untracked 
| 142|0x0000000088e00000, 0x0000000088e00000, 0x0000000088f00000|  0%| F|  |TAMS 0x0000000088e00000| PB 0x0000000088e00000| Untracked 
| 143|0x0000000088f00000, 0x0000000088f00000, 0x0000000089000000|  0%| F|  |TAMS 0x0000000088f00000| PB 0x0000000088f00000| Untracked 
| 144|0x0000000089000000, 0x0000000089000000, 0x0000000089100000|  0%| F|  |TAMS 0x0000000089000000| PB 0x0000000089000000| Untracked 
| 145|0x0000000089100000, 0x0000000089100000, 0x0000000089200000|  0%| F|  |TAMS 0x0000000089100000| PB 0x0000000089100000| Untracked 
| 146|0x0000000089200000, 0x0000000089200000, 0x0000000089300000|  0%| F|  |TAMS 0x0000000089200000| PB 0x0000000089200000| Untracked 
| 147|0x0000000089300000, 0x0000000089300000, 0x0000000089400000|  0%| F|  |TAMS 0x0000000089300000| PB 0x0000000089300000| Untracked 
| 148|0x0000000089400000, 0x0000000089400000, 0x0000000089500000|  0%| F|  |TAMS 0x0000000089400000| PB 0x0000000089400000| Untracked 
| 149|0x0000000089500000, 0x0000000089500000, 0x0000000089600000|  0%| F|  |TAMS 0x0000000089500000| PB 0x0000000089500000| Untracked 
| 150|0x0000000089600000, 0x0000000089600000, 0x0000000089700000|  0%| F|  |TAMS 0x0000000089600000| PB 0x0000000089600000| Untracked 
| 151|0x0000000089700000, 0x0000000089700000, 0x0000000089800000|  0%| F|  |TAMS 0x0000000089700000| PB 0x0000000089700000| Untracked 
| 152|0x0000000089800000, 0x0000000089800000, 0x0000000089900000|  0%| F|  |TAMS 0x0000000089800000| PB 0x0000000089800000| Untracked 
| 153|0x0000000089900000, 0x0000000089900000, 0x0000000089a00000|  0%| F|  |TAMS 0x0000000089900000| PB 0x0000000089900000| Untracked 
| 154|0x0000000089a00000, 0x0000000089a00000, 0x0000000089b00000|  0%| F|  |TAMS 0x0000000089a00000| PB 0x0000000089a00000| Untracked 
| 155|0x0000000089b00000, 0x0000000089b00000, 0x0000000089c00000|  0%| F|  |TAMS 0x0000000089b00000| PB 0x0000000089b00000| Untracked 
| 156|0x0000000089c00000, 0x0000000089c00000, 0x0000000089d00000|  0%| F|  |TAMS 0x0000000089c00000| PB 0x0000000089c00000| Untracked 
| 157|0x0000000089d00000, 0x0000000089d00000, 0x0000000089e00000|  0%| F|  |TAMS 0x0000000089d00000| PB 0x0000000089d00000| Untracked 
| 158|0x0000000089e00000, 0x0000000089e00000, 0x0000000089f00000|  0%| F|  |TAMS 0x0000000089e00000| PB 0x0000000089e00000| Untracked 
| 159|0x0000000089f00000, 0x0000000089f00000, 0x000000008a000000|  0%| F|  |TAMS 0x0000000089f00000| PB 0x0000000089f00000| Untracked 
| 160|0x000000008a000000, 0x000000008a000000, 0x000000008a100000|  0%| F|  |TAMS 0x000000008a000000| PB 0x000000008a000000| Untracked 
| 161|0x000000008a100000, 0x000000008a100000, 0x000000008a200000|  0%| F|  |TAMS 0x000000008a100000| PB 0x000000008a100000| Untracked 
| 162|0x000000008a200000, 0x000000008a200000, 0x000000008a300000|  0%| F|  |TAMS 0x000000008a200000| PB 0x000000008a200000| Untracked 
| 163|0x000000008a300000, 0x000000008a300000, 0x000000008a400000|  0%| F|  |TAMS 0x000000008a300000| PB 0x000000008a300000| Untracked 
| 164|0x000000008a400000, 0x000000008a400000, 0x000000008a500000|  0%| F|  |TAMS 0x000000008a400000| PB 0x000000008a400000| Untracked 
| 165|0x000000008a500000, 0x000000008a500000, 0x000000008a600000|  0%| F|  |TAMS 0x000000008a500000| PB 0x000000008a500000| Untracked 
| 166|0x000000008a600000, 0x000000008a600000, 0x000000008a700000|  0%| F|  |TAMS 0x000000008a600000| PB 0x000000008a600000| Untracked 
| 167|0x000000008a700000, 0x000000008a700000, 0x000000008a800000|  0%| F|  |TAMS 0x000000008a700000| PB 0x000000008a700000| Untracked 
| 168|0x000000008a800000, 0x000000008a800000, 0x000000008a900000|  0%| F|  |TAMS 0x000000008a800000| PB 0x000000008a800000| Untracked 
| 169|0x000000008a900000, 0x000000008a900000, 0x000000008aa00000|  0%| F|  |TAMS 0x000000008a900000| PB 0x000000008a900000| Untracked 
| 170|0x000000008aa00000, 0x000000008aa00000, 0x000000008ab00000|  0%| F|  |TAMS 0x000000008aa00000| PB 0x000000008aa00000| Untracked 
| 171|0x000000008ab00000, 0x000000008ab00000, 0x000000008ac00000|  0%| F|  |TAMS 0x000000008ab00000| PB 0x000000008ab00000| Untracked 
| 172|0x000000008ac00000, 0x000000008ac00000, 0x000000008ad00000|  0%| F|  |TAMS 0x000000008ac00000| PB 0x000000008ac00000| Untracked 
| 173|0x000000008ad00000, 0x000000008ad00000, 0x000000008ae00000|  0%| F|  |TAMS 0x000000008ad00000| PB 0x000000008ad00000| Untracked 
| 174|0x000000008ae00000, 0x000000008ae00000, 0x000000008af00000|  0%| F|  |TAMS 0x000000008ae00000| PB 0x000000008ae00000| Untracked 
| 175|0x000000008af00000, 0x000000008af00000, 0x000000008b000000|  0%| F|  |TAMS 0x000000008af00000| PB 0x000000008af00000| Untracked 
| 176|0x000000008b000000, 0x000000008b000000, 0x000000008b100000|  0%| F|  |TAMS 0x000000008b000000| PB 0x000000008b000000| Untracked 
| 177|0x000000008b100000, 0x000000008b100000, 0x000000008b200000|  0%| F|  |TAMS 0x000000008b100000| PB 0x000000008b100000| Untracked 
| 178|0x000000008b200000, 0x000000008b200000, 0x000000008b300000|  0%| F|  |TAMS 0x000000008b200000| PB 0x000000008b200000| Untracked 
| 179|0x000000008b300000, 0x000000008b300000, 0x000000008b400000|  0%| F|  |TAMS 0x000000008b300000| PB 0x000000008b300000| Untracked 
| 180|0x000000008b400000, 0x000000008b400000, 0x000000008b500000|  0%| F|  |TAMS 0x000000008b400000| PB 0x000000008b400000| Untracked 
| 181|0x000000008b500000, 0x000000008b500000, 0x000000008b600000|  0%| F|  |TAMS 0x000000008b500000| PB 0x000000008b500000| Untracked 
| 182|0x000000008b600000, 0x000000008b600000, 0x000000008b700000|  0%| F|  |TAMS 0x000000008b600000| PB 0x000000008b600000| Untracked 
| 183|0x000000008b700000, 0x000000008b700000, 0x000000008b800000|  0%| F|  |TAMS 0x000000008b700000| PB 0x000000008b700000| Untracked 
| 184|0x000000008b800000, 0x000000008b800000, 0x000000008b900000|  0%| F|  |TAMS 0x000000008b800000| PB 0x000000008b800000| Untracked 
| 185|0x000000008b900000, 0x000000008b900000, 0x000000008ba00000|  0%| F|  |TAMS 0x000000008b900000| PB 0x000000008b900000| Untracked 
| 186|0x000000008ba00000, 0x000000008ba00000, 0x000000008bb00000|  0%| F|  |TAMS 0x000000008ba00000| PB 0x000000008ba00000| Untracked 
| 187|0x000000008bb00000, 0x000000008bbb69a8, 0x000000008bc00000| 71%| S|CS|TAMS 0x000000008bb00000| PB 0x000000008bb00000| Complete 
| 188|0x000000008bc00000, 0x000000008bd00000, 0x000000008bd00000|100%| S|CS|TAMS 0x000000008bc00000| PB 0x000000008bc00000| Complete 
| 189|0x000000008bd00000, 0x000000008bd00000, 0x000000008be00000|  0%| F|  |TAMS 0x000000008bd00000| PB 0x000000008bd00000| Untracked 
| 190|0x000000008be00000, 0x000000008be00000, 0x000000008bf00000|  0%| F|  |TAMS 0x000000008be00000| PB 0x000000008be00000| Untracked 
| 191|0x000000008bf00000, 0x000000008bf00000, 0x000000008c000000|  0%| F|  |TAMS 0x000000008bf00000| PB 0x000000008bf00000| Untracked 
| 192|0x000000008c000000, 0x000000008c000000, 0x000000008c100000|  0%| F|  |TAMS 0x000000008c000000| PB 0x000000008c000000| Untracked 
| 193|0x000000008c100000, 0x000000008c100000, 0x000000008c200000|  0%| F|  |TAMS 0x000000008c100000| PB 0x000000008c100000| Untracked 
| 194|0x000000008c200000, 0x000000008c200000, 0x000000008c300000|  0%| F|  |TAMS 0x000000008c200000| PB 0x000000008c200000| Untracked 
| 195|0x000000008c300000, 0x000000008c300000, 0x000000008c400000|  0%| F|  |TAMS 0x000000008c300000| PB 0x000000008c300000| Untracked 
| 196|0x000000008c400000, 0x000000008c400000, 0x000000008c500000|  0%| F|  |TAMS 0x000000008c400000| PB 0x000000008c400000| Untracked 
| 197|0x000000008c500000, 0x000000008c500000, 0x000000008c600000|  0%| F|  |TAMS 0x000000008c500000| PB 0x000000008c500000| Untracked 
| 198|0x000000008c600000, 0x000000008c600000, 0x000000008c700000|  0%| F|  |TAMS 0x000000008c600000| PB 0x000000008c600000| Untracked 
| 199|0x000000008c700000, 0x000000008c700000, 0x000000008c800000|  0%| F|  |TAMS 0x000000008c700000| PB 0x000000008c700000| Untracked 
| 200|0x000000008c800000, 0x000000008c800000, 0x000000008c900000|  0%| F|  |TAMS 0x000000008c800000| PB 0x000000008c800000| Untracked 
| 201|0x000000008c900000, 0x000000008c900000, 0x000000008ca00000|  0%| F|  |TAMS 0x000000008c900000| PB 0x000000008c900000| Untracked 
| 202|0x000000008ca00000, 0x000000008ca00000, 0x000000008cb00000|  0%| F|  |TAMS 0x000000008ca00000| PB 0x000000008ca00000| Untracked 
| 203|0x000000008cb00000, 0x000000008cb00000, 0x000000008cc00000|  0%| F|  |TAMS 0x000000008cb00000| PB 0x000000008cb00000| Untracked 
| 204|0x000000008cc00000, 0x000000008cc00000, 0x000000008cd00000|  0%| F|  |TAMS 0x000000008cc00000| PB 0x000000008cc00000| Untracked 
| 205|0x000000008cd00000, 0x000000008cd00000, 0x000000008ce00000|  0%| F|  |TAMS 0x000000008cd00000| PB 0x000000008cd00000| Untracked 
| 206|0x000000008ce00000, 0x000000008ce00000, 0x000000008cf00000|  0%| F|  |TAMS 0x000000008ce00000| PB 0x000000008ce00000| Untracked 
| 207|0x000000008cf00000, 0x000000008cf00000, 0x000000008d000000|  0%| F|  |TAMS 0x000000008cf00000| PB 0x000000008cf00000| Untracked 
| 208|0x000000008d000000, 0x000000008d000000, 0x000000008d100000|  0%| F|  |TAMS 0x000000008d000000| PB 0x000000008d000000| Untracked 
| 209|0x000000008d100000, 0x000000008d100000, 0x000000008d200000|  0%| F|  |TAMS 0x000000008d100000| PB 0x000000008d100000| Untracked 
| 210|0x000000008d200000, 0x000000008d200000, 0x000000008d300000|  0%| F|  |TAMS 0x000000008d200000| PB 0x000000008d200000| Untracked 
| 211|0x000000008d300000, 0x000000008d30c560, 0x000000008d400000|  4%| E|  |TAMS 0x000000008d300000| PB 0x000000008d300000| Complete 
| 212|0x000000008d400000, 0x000000008d500000, 0x000000008d500000|100%| E|CS|TAMS 0x000000008d400000| PB 0x000000008d400000| Complete 

Card table byte_map: [0x00000170471b0000,0x00000170475b0000] _byte_map_base: 0x0000017046db0000

Marking Bits: (CMBitMap*) 0x0000017034754850
 Bits: [0x00000170475b0000, 0x00000170495b0000)

Polling page: 0x0000017032500000

Metaspace:

Usage:
  Non-class:     57.86 MB used.
      Class:      9.03 MB used.
       Both:     66.90 MB used.

Virtual space:
  Non-class space:       64.00 MB reserved,      58.69 MB ( 92%) committed,  1 nodes.
      Class space:        1.00 GB reserved,       9.94 MB ( <1%) committed,  1 nodes.
             Both:        1.06 GB reserved,      68.62 MB (  6%) committed. 

Chunk freelists:
   Non-Class:  4.95 MB
       Class:  5.98 MB
        Both:  10.94 MB

MaxMetaspaceSize: unlimited
CompressedClassSpaceSize: 1.00 GB
Initial GC threshold: 21.00 MB
Current GC threshold: 114.38 MB
CDS: off
 - commit_granule_bytes: 65536.
 - commit_granule_words: 8192.
 - virtual_space_node_default_size: 8388608.
 - enlarge_chunks_in_place: 1.
 - use_allocation_guard: 0.


Internal statistics:

num_allocs_failed_limit: 6.
num_arena_births: 3138.
num_arena_deaths: 0.
num_vsnodes_births: 2.
num_vsnodes_deaths: 0.
num_space_committed: 1098.
num_space_uncommitted: 0.
num_chunks_returned_to_freelist: 6.
num_chunks_taken_from_freelist: 5924.
num_chunk_merges: 3.
num_chunk_splits: 3845.
num_chunks_enlarged: 2391.
num_inconsistent_stats: 0.

CodeHeap 'non-profiled nmethods': size=120000Kb used=3243Kb max_used=3268Kb free=116757Kb
 bounds [0x000001703f320000, 0x000001703f660000, 0x0000017046850000]
CodeHeap 'profiled nmethods': size=120000Kb used=11100Kb max_used=11224Kb free=108899Kb
 bounds [0x0000017037850000, 0x0000017038350000, 0x000001703ed80000]
CodeHeap 'non-nmethods': size=5760Kb used=2736Kb max_used=2768Kb free=3024Kb
 bounds [0x000001703ed80000, 0x000001703f050000, 0x000001703f320000]
 total_blobs=6867 nmethods=5982 adapters=789
 compilation: enabled
              stopped_count=0, restarted_count=0
 full_count=0

Compilation events (20 events):
Event: 716.844 Thread 0x000001704c3fe100 nmethod 7192 0x0000017038343190 code [0x00000170383433a0, 0x0000017038343d40]
Event: 716.861 Thread 0x000001704c3fe100 7193       3       jdk.internal.org.objectweb.asm.ClassReader::readUTF8 (23 bytes)
Event: 716.861 Thread 0x000001704c3fe100 nmethod 7193 0x0000017038344090 code [0x0000017038344260, 0x00000170383444a8]
Event: 716.861 Thread 0x000001704c3fe100 7194       3       jdk.internal.org.objectweb.asm.ClassReader::readUtf (44 bytes)
Event: 716.862 Thread 0x000001704c3fe100 nmethod 7194 0x0000017038344590 code [0x0000017038344780, 0x0000017038344b68]
Event: 718.269 Thread 0x000001704c3e57e0 7195   !   4       java.lang.invoke.MemberName$Factory::resolve (159 bytes)
Event: 718.348 Thread 0x000001704c3e57e0 nmethod 7195 0x000001703f64d810 code [0x000001703f64dae0, 0x000001703f64ea00]
Event: 718.348 Thread 0x000001704c3e57e0 7196       4       java.lang.invoke.MethodHandle::isAncestorLoaderOf (35 bytes)
Event: 718.354 Thread 0x000001704c3e57e0 nmethod 7196 0x000001703f64f710 code [0x000001703f64f8a0, 0x000001703f64f9d0]
Event: 718.383 Thread 0x000001704c3e57e0 7197       4       java.util.HashMap::put (13 bytes)
Event: 718.404 Thread 0x000001704c3e57e0 nmethod 7197 0x000001703f64fb90 code [0x000001703f64fdc0, 0x000001703f6506d8]
Event: 718.404 Thread 0x000001704c3e57e0 7198       4       java.util.ArrayList::contains (14 bytes)
Event: 718.407 Thread 0x000001704c3e57e0 nmethod 7198 0x000001703f650c90 code [0x000001703f650e20, 0x000001703f650fa8]
Event: 722.867 Thread 0x000001704c3fe100 7199       3       org.gradle.internal.serialize.graph.codecs.Binding::encodingForType (17 bytes)
Event: 722.882 Thread 0x000001704c3fe100 nmethod 7199 0x0000017038344d10 code [0x0000017038344f60, 0x00000170383456d8]
Event: 722.882 Thread 0x000001704c3fe100 7200       3       org.gradle.internal.serialize.graph.codecs.BindingsBuilder$producerForSubtypesOf$1::encodingForType (9 bytes)
Event: 722.882 Thread 0x000001704c3fe100 nmethod 7200 0x0000017038345a10 code [0x0000017038345bc0, 0x0000017038345df0]
Event: 723.024 Thread 0x000001704c3fe100 7201       3       org.gradle.internal.serialize.graph.codecs.BindingsBuilder$producerForSubtypesOf$1::encodingForType (36 bytes)
Event: 723.029 Thread 0x000001704c3fe100 nmethod 7201 0x0000017038345e90 code [0x00000170383460c0, 0x00000170383466f8]
Event: 724.862 Thread 0x000001704c3e57e0 7202   !   4       java.net.URLClassLoader::findClass (47 bytes)

GC Heap History (20 events):
Event: 567.278 GC heap before
{Heap before GC invocations=33 (full 0):
 garbage-first heap   total 166912K, used 73715K [0x0000000080000000, 0x0000000100000000)
  region size 1024K, 5 young (5120K), 1 survivors (1024K)
 Metaspace       used 57971K, committed 59584K, reserved 1114112K
  class space    used 7793K, committed 8576K, reserved 1048576K
}
Event: 567.336 GC heap after
{Heap after GC invocations=34 (full 0):
 garbage-first heap   total 166912K, used 72645K [0x0000000080000000, 0x0000000100000000)
  region size 1024K, 2 young (2048K), 2 survivors (2048K)
 Metaspace       used 57971K, committed 59584K, reserved 1114112K
  class space    used 7793K, committed 8576K, reserved 1048576K
}
Event: 585.324 GC heap before
{Heap before GC invocations=35 (full 0):
 garbage-first heap   total 166912K, used 80837K [0x0000000080000000, 0x0000000100000000)
  region size 1024K, 8 young (8192K), 2 survivors (2048K)
 Metaspace       used 59362K, committed 60992K, reserved 1114112K
  class space    used 7893K, committed 8704K, reserved 1048576K
}
Event: 585.496 GC heap after
{Heap after GC invocations=36 (full 0):
 garbage-first heap   total 166912K, used 72300K [0x0000000080000000, 0x0000000100000000)
  region size 1024K, 1 young (1024K), 1 survivors (1024K)
 Metaspace       used 59362K, committed 60992K, reserved 1114112K
  class space    used 7893K, committed 8704K, reserved 1048576K
}
Event: 590.349 GC heap before
{Heap before GC invocations=36 (full 0):
 garbage-first heap   total 166912K, used 79468K [0x0000000080000000, 0x0000000100000000)
  region size 1024K, 8 young (8192K), 1 survivors (1024K)
 Metaspace       used 59518K, committed 61120K, reserved 1114112K
  class space    used 7916K, committed 8704K, reserved 1048576K
}
Event: 590.760 GC heap after
{Heap after GC invocations=37 (full 0):
 garbage-first heap   total 166912K, used 72227K [0x0000000080000000, 0x0000000100000000)
  region size 1024K, 1 young (1024K), 1 survivors (1024K)
 Metaspace       used 59518K, committed 61120K, reserved 1114112K
  class space    used 7916K, committed 8704K, reserved 1048576K
}
Event: 610.910 GC heap before
{Heap before GC invocations=37 (full 0):
 garbage-first heap   total 166912K, used 93731K [0x0000000080000000, 0x0000000100000000)
  region size 1024K, 22 young (22528K), 1 survivors (1024K)
 Metaspace       used 59694K, committed 61376K, reserved 1114112K
  class space    used 7944K, committed 8768K, reserved 1048576K
}
Event: 611.932 GC heap after
{Heap after GC invocations=38 (full 0):
 garbage-first heap   total 166912K, used 72447K [0x0000000080000000, 0x0000000100000000)
  region size 1024K, 1 young (1024K), 1 survivors (1024K)
 Metaspace       used 59694K, committed 61376K, reserved 1114112K
  class space    used 7944K, committed 8768K, reserved 1048576K
}
Event: 635.158 GC heap before
{Heap before GC invocations=39 (full 0):
 garbage-first heap   total 166912K, used 78591K [0x0000000080000000, 0x0000000100000000)
  region size 1024K, 8 young (8192K), 1 survivors (1024K)
 Metaspace       used 60452K, committed 62144K, reserved 1114112K
  class space    used 8080K, committed 8896K, reserved 1048576K
}
Event: 635.416 GC heap after
{Heap after GC invocations=40 (full 0):
 garbage-first heap   total 166912K, used 72762K [0x0000000080000000, 0x0000000100000000)
  region size 1024K, 1 young (1024K), 1 survivors (1024K)
 Metaspace       used 60452K, committed 62144K, reserved 1114112K
  class space    used 8080K, committed 8896K, reserved 1048576K
}
Event: 651.734 GC heap before
{Heap before GC invocations=40 (full 0):
 garbage-first heap   total 166912K, used 79930K [0x0000000080000000, 0x0000000100000000)
  region size 1024K, 8 young (8192K), 1 survivors (1024K)
 Metaspace       used 61446K, committed 63104K, reserved 1114112K
  class space    used 8204K, committed 9024K, reserved 1048576K
}
Event: 651.789 GC heap after
{Heap after GC invocations=41 (full 0):
 garbage-first heap   total 166912K, used 72811K [0x0000000080000000, 0x0000000100000000)
  region size 1024K, 1 young (1024K), 1 survivors (1024K)
 Metaspace       used 61446K, committed 63104K, reserved 1114112K
  class space    used 8204K, committed 9024K, reserved 1048576K
}
Event: 663.774 GC heap before
{Heap before GC invocations=41 (full 0):
 garbage-first heap   total 166912K, used 90219K [0x0000000080000000, 0x0000000100000000)
  region size 1024K, 19 young (19456K), 1 survivors (1024K)
 Metaspace       used 64027K, committed 65664K, reserved 1114112K
  class space    used 8543K, committed 9344K, reserved 1048576K
}
Event: 663.855 GC heap after
{Heap after GC invocations=42 (full 0):
 garbage-first heap   total 166912K, used 73300K [0x0000000080000000, 0x0000000100000000)
  region size 1024K, 2 young (2048K), 2 survivors (2048K)
 Metaspace       used 64027K, committed 65664K, reserved 1114112K
  class space    used 8543K, committed 9344K, reserved 1048576K
}
Event: 677.002 GC heap before
{Heap before GC invocations=43 (full 0):
 garbage-first heap   total 166912K, used 79444K [0x0000000080000000, 0x0000000100000000)
  region size 1024K, 8 young (8192K), 2 survivors (2048K)
 Metaspace       used 64593K, committed 66240K, reserved 1114112K
  class space    used 8645K, committed 9472K, reserved 1048576K
}
Event: 677.387 GC heap after
{Heap after GC invocations=44 (full 0):
 garbage-first heap   total 166912K, used 73586K [0x0000000080000000, 0x0000000100000000)
  region size 1024K, 1 young (1024K), 1 survivors (1024K)
 Metaspace       used 64593K, committed 66240K, reserved 1114112K
  class space    used 8645K, committed 9472K, reserved 1048576K
}
Event: 689.988 GC heap before
{Heap before GC invocations=44 (full 0):
 garbage-first heap   total 166912K, used 80754K [0x0000000080000000, 0x0000000100000000)
  region size 1024K, 8 young (8192K), 1 survivors (1024K)
 Metaspace       used 65499K, committed 67200K, reserved 1114112K
  class space    used 8782K, committed 9600K, reserved 1048576K
}
Event: 690.499 GC heap after
{Heap after GC invocations=45 (full 0):
 garbage-first heap   total 218112K, used 73775K [0x0000000080000000, 0x0000000100000000)
  region size 1024K, 1 young (1024K), 1 survivors (1024K)
 Metaspace       used 65499K, committed 67200K, reserved 1114112K
  class space    used 8782K, committed 9600K, reserved 1048576K
}
Event: 724.622 GC heap before
{Heap before GC invocations=45 (full 0):
 garbage-first heap   total 218112K, used 98351K [0x0000000080000000, 0x0000000100000000)
  region size 1024K, 25 young (25600K), 1 survivors (1024K)
 Metaspace       used 68415K, committed 70144K, reserved 1114112K
  class space    used 9235K, committed 10112K, reserved 1048576K
}
Event: 724.682 GC heap after
{Heap after GC invocations=46 (full 0):
 garbage-first heap   total 218112K, used 74931K [0x0000000080000000, 0x0000000100000000)
  region size 1024K, 2 young (2048K), 2 survivors (2048K)
 Metaspace       used 68415K, committed 70144K, reserved 1114112K
  class space    used 9235K, committed 10112K, reserved 1048576K
}

Dll operation events (3 events):
Event: 0.033 Loaded shared library C:\Program Files\Android\Android Studio1\jbr\bin\java.dll
Event: 0.060 Loaded shared library C:\Program Files\Android\Android Studio1\jbr\bin\zip.dll
Event: 6.587 Loaded shared library C:\Program Files\Android\Android Studio1\jbr\bin\verify.dll

Deoptimization events (20 events):
Event: 716.389 Thread 0x00000170510864d0 Uncommon trap: trap_request=0xffffff45 fr.pc=0x000001703f63c784 relative=0x0000000000001ae4
Event: 716.389 Thread 0x00000170510864d0 Uncommon trap: reason=unstable_if action=reinterpret pc=0x000001703f63c784 method=java.util.HashMap.getNode(Ljava/lang/Object;)Ljava/util/HashMap$Node; @ 85 c2
Event: 716.389 Thread 0x00000170510864d0 DEOPT PACKING pc=0x000001703f63c784 sp=0x000000141caf8220
Event: 716.390 Thread 0x00000170510864d0 DEOPT UNPACKING pc=0x000001703edd46a2 sp=0x000000141caf8108 mode 2
Event: 716.390 Thread 0x00000170510864d0 Uncommon trap: trap_request=0xffffff45 fr.pc=0x000001703f57f4fc relative=0x00000000000006dc
Event: 716.390 Thread 0x00000170510864d0 Uncommon trap: reason=unstable_if action=reinterpret pc=0x000001703f57f4fc method=java.util.HashMap.putVal(ILjava/lang/Object;Ljava/lang/Object;ZZ)Ljava/lang/Object; @ 109 c2
Event: 716.390 Thread 0x00000170510864d0 DEOPT PACKING pc=0x000001703f57f4fc sp=0x000000141caf8120
Event: 716.390 Thread 0x00000170510864d0 DEOPT UNPACKING pc=0x000001703edd46a2 sp=0x000000141caf80a8 mode 2
Event: 716.390 Thread 0x00000170510864d0 Uncommon trap: trap_request=0xffffff45 fr.pc=0x000001703f351f80 relative=0x0000000000000960
Event: 716.390 Thread 0x00000170510864d0 Uncommon trap: reason=unstable_if action=reinterpret pc=0x000001703f351f80 method=java.util.HashMap.resize()[Ljava/util/HashMap$Node; @ 203 c2
Event: 716.390 Thread 0x00000170510864d0 DEOPT PACKING pc=0x000001703f351f80 sp=0x000000141caf8040
Event: 716.390 Thread 0x00000170510864d0 DEOPT UNPACKING pc=0x000001703edd46a2 sp=0x000000141caf7fd8 mode 2
Event: 716.391 Thread 0x00000170510864d0 Uncommon trap: trap_request=0xffffff45 fr.pc=0x000001703f4c484c relative=0x00000000000002ec
Event: 716.391 Thread 0x00000170510864d0 Uncommon trap: reason=unstable_if action=reinterpret pc=0x000001703f4c484c method=java.util.HashMap.getNode(Ljava/lang/Object;)Ljava/util/HashMap$Node; @ 85 c2
Event: 716.391 Thread 0x00000170510864d0 DEOPT PACKING pc=0x000001703f4c484c sp=0x000000141caf81f0
Event: 716.391 Thread 0x00000170510864d0 DEOPT UNPACKING pc=0x000001703edd46a2 sp=0x000000141caf8100 mode 2
Event: 716.391 Thread 0x00000170510864d0 Uncommon trap: trap_request=0xffffff45 fr.pc=0x000001703f579e74 relative=0x0000000000000234
Event: 716.391 Thread 0x00000170510864d0 Uncommon trap: reason=unstable_if action=reinterpret pc=0x000001703f579e74 method=java.util.HashMap.getNode(Ljava/lang/Object;)Ljava/util/HashMap$Node; @ 85 c2
Event: 716.391 Thread 0x00000170510864d0 DEOPT PACKING pc=0x000001703f579e74 sp=0x000000141caf8180
Event: 716.391 Thread 0x00000170510864d0 DEOPT UNPACKING pc=0x000001703edd46a2 sp=0x000000141caf8100 mode 2

Classes loaded (20 events):
Event: 685.173 Loading class javax/naming/InvalidNameException
Event: 685.174 Loading class javax/naming/InvalidNameException done
Event: 685.178 Loading class java/security/cert/CertificateParsingException
Event: 685.179 Loading class java/security/cert/CertificateException
Event: 685.181 Loading class java/security/cert/CertificateException done
Event: 685.182 Loading class java/security/cert/CertificateParsingException done
Event: 688.733 Loading class java/nio/channels/Channels$ReadableByteChannelImpl
Event: 688.774 Loading class java/nio/channels/Channels$ReadableByteChannelImpl done
Event: 693.135 Loading class java/util/EmptyStackException
Event: 693.142 Loading class java/util/EmptyStackException done
Event: 694.397 Loading class java/io/InvalidClassException
Event: 694.400 Loading class java/io/InvalidClassException done
Event: 702.725 Loading class java/util/Comparators$NaturalOrderComparator
Event: 703.023 Loading class java/util/Comparators$NaturalOrderComparator done
Event: 712.253 Loading class java/nio/file/AtomicMoveNotSupportedException
Event: 712.323 Loading class java/nio/file/AtomicMoveNotSupportedException done
Event: 713.398 Loading class java/lang/foreign/MemorySegment
Event: 713.734 Loading class java/lang/foreign/MemorySegment done
Event: 714.510 Loading class java/io/FileWriter
Event: 714.585 Loading class java/io/FileWriter done

Classes unloaded (0 events):
No events

Classes redefined (0 events):
No events

Internal exceptions (20 events):
Event: 557.876 Thread 0x00000170510864d0 Exception <a 'java/lang/ClassNotFoundException'{0x000000008a0bdce0}: com/intellij/gradle/toolingExtension/impl/modelBuilder/ExtraModelBuilderBeanInfo> (0x000000008a0bdce0) 
thrown [s\src\hotspot\share\classfile\systemDictionary.cpp, line 312]
Event: 557.880 Thread 0x00000170510864d0 Exception <a 'java/lang/ClassNotFoundException'{0x000000008a0ca4d0}: com/intellij/gradle/toolingExtension/impl/modelBuilder/ExtraModelBuilderCustomizer> (0x000000008a0ca4d0) 
thrown [s\src\hotspot\share\classfile\systemDictionary.cpp, line 312]
Event: 577.687 Thread 0x00000170510864d0 Exception <a 'java/lang/IncompatibleClassChangeError'{0x0000000089fa67c8}: Found class java.lang.Object, but interface was expected> (0x0000000089fa67c8) 
thrown [s\src\hotspot\share\interpreter\linkResolver.cpp, line 851]
Event: 579.143 Thread 0x00000170510864d0 Exception <a 'sun/nio/fs/WindowsException'{0x0000000089fe4ef0}> (0x0000000089fe4ef0) 
thrown [s\src\hotspot\share\prims\jni.cpp, line 535]
Event: 579.154 Thread 0x00000170510864d0 Exception <a 'sun/nio/fs/WindowsException'{0x0000000089fe66b0}> (0x0000000089fe66b0) 
thrown [s\src\hotspot\share\prims\jni.cpp, line 535]
Event: 579.155 Thread 0x00000170510864d0 Exception <a 'sun/nio/fs/WindowsException'{0x0000000089fe7e30}> (0x0000000089fe7e30) 
thrown [s\src\hotspot\share\prims\jni.cpp, line 535]
Event: 579.156 Thread 0x00000170510864d0 Exception <a 'sun/nio/fs/WindowsException'{0x0000000089fe91d8}> (0x0000000089fe91d8) 
thrown [s\src\hotspot\share\prims\jni.cpp, line 535]
Event: 579.782 Thread 0x00000170510864d0 Exception <a 'java/lang/NoSuchMethodError'{0x0000000089ffa0a0}: 'java.lang.Object java.lang.invoke.Invokers$Holder.invoker(java.lang.Object, java.lang.Object, java.lang.Object, java.lang.Object, java.lang.Object, java.lang.Object)'> (0x0000000089ffa0a0) 
thrown [s\src\hotspot\share\interpreter\linkResolver.cpp, line 784]
Event: 584.168 Thread 0x00000170510864d0 Exception <a 'java/lang/NoSuchMethodError'{0x0000000089b0a0d8}: 'java.lang.Object java.lang.invoke.Invokers$Holder.invoker(java.lang.Object, java.lang.Object, java.lang.Object, java.lang.Object, java.lang.Object, java.lang.Object, java.lang.Object, java.lang.Object, java.lang.Object, java.lang.Object, java.lang.Object, java.lang.Object, java.lang.Object, java.lang.Object, java.lang.Object, java.lang.Object, java.lang.Object, java.lang.Object, java.lang.Object, java.lang.Object, java.lang.Object, java.lang.
Event: 584.217 Thread 0x00000170510864d0 Exception <a 'java/lang/NoSuchMethodError'{0x0000000089b10ca0}: 'java.lang.Object java.lang.invoke.DelegatingMethodHandle$Holder.delegate(java.lang.Object, java.lang.Object, java.lang.Object, java.lang.Object, java.lang.Object, java.lang.Object, java.lang.Object, java.lang.Object, java.lang.Object, java.lang.Object, java.lang.Object, java.lang.Object, java.lang.Object, java.lang.Object, java.lang.Object, java.lang.Object, java.lang.Object, java.lang.Object, java.lang.Object, java.lang.Object, java.lang.Obj
Event: 634.008 Thread 0x00000170510864d0 Exception <a 'java/lang/IncompatibleClassChangeError'{0x0000000089c70780}: Found class java.lang.Object, but interface was expected> (0x0000000089c70780) 
thrown [s\src\hotspot\share\interpreter\linkResolver.cpp, line 851]
Event: 678.804 Thread 0x0000017051573640 Exception <a 'java/lang/NoSuchMethodError'{0x000000008a28eee8}: static Lorg/gradle/internal/build/event/types/DefaultOperationStartedProgressEvent;.<clinit>()V> (0x000000008a28eee8) 
thrown [s\src\hotspot\share\prims\jni.cpp, line 1139]
Event: 678.820 Thread 0x0000017051573640 Exception <a 'java/lang/NoSuchMethodError'{0x000000008a2909a8}: static Lorg/gradle/internal/build/event/types/AbstractProgressEvent;.<clinit>()V> (0x000000008a2909a8) 
thrown [s\src\hotspot\share\prims\jni.cpp, line 1139]
Event: 678.830 Thread 0x0000017051573640 Exception <a 'java/lang/NoSuchMethodError'{0x000000008a2bbb38}: static Lorg/gradle/internal/build/event/types/DefaultBuildPhaseDescriptor;.<clinit>()V> (0x000000008a2bbb38) 
thrown [s\src\hotspot\share\prims\jni.cpp, line 1139]
Event: 678.831 Thread 0x0000017051573640 Exception <a 'java/lang/NoSuchMethodError'{0x000000008a2bf6f0}: static Lorg/gradle/internal/build/event/types/DefaultOperationDescriptor;.<clinit>()V> (0x000000008a2bf6f0) 
thrown [s\src\hotspot\share\prims\jni.cpp, line 1139]
Event: 678.872 Thread 0x0000017051573640 Exception <a 'java/lang/NoSuchMethodError'{0x000000008a2dac38}: static Lorg/gradle/internal/operations/OperationIdentifier;.<clinit>()V> (0x000000008a2dac38) 
thrown [s\src\hotspot\share\prims\jni.cpp, line 1139]
Event: 686.561 Thread 0x00000170510864d0 Exception <a 'sun/nio/fs/WindowsException'{0x0000000089b317b0}> (0x0000000089b317b0) 
thrown [s\src\hotspot\share\prims\jni.cpp, line 535]
Event: 686.567 Thread 0x00000170510864d0 Exception <a 'sun/nio/fs/WindowsException'{0x0000000089b32eb0}> (0x0000000089b32eb0) 
thrown [s\src\hotspot\share\prims\jni.cpp, line 535]
Event: 687.102 Thread 0x00000170510864d0 Exception <a 'sun/nio/fs/WindowsException'{0x0000000089b53ac0}> (0x0000000089b53ac0) 
thrown [s\src\hotspot\share\prims\jni.cpp, line 535]
Event: 700.581 Thread 0x00000170510864d0 Exception <a 'java/lang/NoSuchMethodError'{0x000000008cef5348}: 'void java.lang.invoke.DirectMethodHandle$Holder.invokeStatic(java.lang.Object, java.lang.Object, java.lang.Object, java.lang.Object, java.lang.Object, java.lang.Object, java.lang.Object)'> (0x000000008cef5348) 
thrown [s\src\hotspot\share\interpreter\linkResolver.cpp, line 784]

ZGC Phase Switch (0 events):
No events

VM Operations (20 events):
Event: 708.672 Executing VM operation: Cleanup done
Event: 712.725 Executing VM operation: Cleanup
Event: 712.756 Executing VM operation: Cleanup done
Event: 714.694 Executing VM operation: HandshakeAllThreads (Deoptimize)
Event: 714.723 Executing VM operation: HandshakeAllThreads (Deoptimize) done
Event: 714.723 Executing VM operation: Cleanup
Event: 714.724 Executing VM operation: Cleanup done
Event: 716.749 Executing VM operation: Cleanup
Event: 716.765 Executing VM operation: Cleanup done
Event: 717.780 Executing VM operation: Cleanup
Event: 717.795 Executing VM operation: Cleanup done
Event: 718.807 Executing VM operation: Cleanup
Event: 718.807 Executing VM operation: Cleanup done
Event: 719.810 Executing VM operation: Cleanup
Event: 720.122 Executing VM operation: Cleanup done
Event: 724.621 Executing VM operation: G1CollectForAllocation (G1 Evacuation Pause)
Event: 724.683 Executing VM operation: G1CollectForAllocation (G1 Evacuation Pause) done
Event: 725.318 Executing VM operation: HandshakeAllThreads (Deoptimize)
Event: 725.348 Executing VM operation: HandshakeAllThreads (Deoptimize) done
Event: 726.457 Executing VM operation: G1PauseRemark

Memory protections (0 events):
No events

Nmethod flushes (20 events):
Event: 665.729 Thread 0x000001704c232b80 flushing  nmethod 0x0000017037dd9b90
Event: 665.729 Thread 0x000001704c232b80 flushing  nmethod 0x0000017037a86a90
Event: 665.729 Thread 0x000001704c232b80 flushing  nmethod 0x0000017037b3e010
Event: 665.730 Thread 0x000001704c232b80 flushing  nmethod 0x0000017037bcc210
Event: 665.730 Thread 0x000001704c232b80 flushing  nmethod 0x0000017037bcc510
Event: 665.730 Thread 0x000001704c232b80 flushing  nmethod 0x0000017037f76d90
Event: 665.730 Thread 0x000001704c232b80 flushing  nmethod 0x00000170378c0690
Event: 665.730 Thread 0x000001704c232b80 flushing  nmethod 0x0000017037be6310
Event: 665.731 Thread 0x000001704c232b80 flushing  nmethod 0x00000170379c6590
Event: 665.731 Thread 0x000001704c232b80 flushing  nmethod 0x000001703f3fdf10
Event: 665.731 Thread 0x000001704c232b80 flushing  nmethod 0x0000017037ad4a90
Event: 665.731 Thread 0x000001704c232b80 flushing  nmethod 0x0000017037bd2f90
Event: 665.731 Thread 0x000001704c232b80 flushing  nmethod 0x0000017037913b90
Event: 665.731 Thread 0x000001704c232b80 flushing  nmethod 0x0000017037a00a10
Event: 665.731 Thread 0x000001704c232b80 flushing  nmethod 0x00000170379dc810
Event: 665.731 Thread 0x000001704c232b80 flushing  nmethod 0x0000017037e97010
Event: 665.731 Thread 0x000001704c232b80 flushing  nmethod 0x0000017037e99290
Event: 665.731 Thread 0x000001704c232b80 flushing  nmethod 0x00000170378d6b90
Event: 665.731 Thread 0x000001704c232b80 flushing  nmethod 0x0000017037b24d90
Event: 665.731 Thread 0x000001704c232b80 flushing  nmethod 0x0000017037f5ab90

Events (20 events):
Event: 392.717 Thread 0x00000170510864d0 Thread added: 0x0000017054189220
Event: 486.641 Thread 0x0000017051575080 Thread added: 0x0000017054186ac0
Event: 538.683 Thread 0x00000170510864d0 Thread added: 0x0000017054188500
Event: 538.718 Thread 0x00000170510864d0 Thread added: 0x0000017054185da0
Event: 538.721 Thread 0x00000170510864d0 Thread added: 0x000001705418cd30
Event: 538.722 Thread 0x00000170510864d0 Thread added: 0x0000017054189f40
Event: 538.723 Thread 0x00000170510864d0 Thread added: 0x000001705418a5d0
Event: 538.724 Thread 0x00000170510864d0 Thread added: 0x00000170541898b0
Event: 538.841 Thread 0x00000170510864d0 Thread added: 0x000001705418ac60
Event: 538.845 Thread 0x00000170510864d0 Thread added: 0x000001705418b2f0
Event: 539.329 Thread 0x00000170510864d0 Thread added: 0x000001705418b980
Event: 539.336 Thread 0x00000170510864d0 Thread added: 0x000001705418c010
Event: 539.352 Thread 0x00000170510864d0 Thread added: 0x000001705418c6a0
Event: 539.366 Thread 0x00000170510864d0 Thread added: 0x000001705418d3c0
Event: 539.377 Thread 0x00000170510864d0 Thread added: 0x000001705376b690
Event: 539.378 Thread 0x00000170510864d0 Thread added: 0x000001705376bd20
Event: 539.383 Thread 0x00000170510864d0 Thread added: 0x000001705376c3b0
Event: 539.391 Thread 0x00000170510864d0 Thread added: 0x000001705376ddf0
Event: 539.397 Thread 0x00000170510864d0 Thread added: 0x000001705376ca40
Event: 546.688 Thread 0x000001705241bb90 Thread exited: 0x000001705241bb90


Dynamic libraries:
0x00007ff6e5c40000 - 0x00007ff6e5c4a000 	C:\Program Files\Android\Android Studio1\jbr\bin\java.exe
0x00007ffe0e5c0000 - 0x00007ffe0e825000 	C:\WINDOWS\SYSTEM32\ntdll.dll
0x00007ffe0d9a0000 - 0x00007ffe0da69000 	C:\WINDOWS\System32\KERNEL32.DLL
0x00007ffe0bbf0000 - 0x00007ffe0bfd8000 	C:\WINDOWS\System32\KERNELBASE.dll
0x00007ffe0b7d0000 - 0x00007ffe0b91b000 	C:\WINDOWS\System32\ucrtbase.dll
0x00007ffdf2030000 - 0x00007ffdf2048000 	C:\Program Files\Android\Android Studio1\jbr\bin\jli.dll
0x00007ffe0dd70000 - 0x00007ffe0df3a000 	C:\WINDOWS\System32\USER32.dll
0x00007ffe0bfe0000 - 0x00007ffe0c007000 	C:\WINDOWS\System32\win32u.dll
0x00007ffe0e440000 - 0x00007ffe0e46b000 	C:\WINDOWS\System32\GDI32.dll
0x00007ffe0c190000 - 0x00007ffe0c2c7000 	C:\WINDOWS\System32\gdi32full.dll
0x00007ffe0bb40000 - 0x00007ffe0bbe3000 	C:\WINDOWS\System32\msvcp_win.dll
0x00007ffdf0fb0000 - 0x00007ffdf124a000 	C:\WINDOWS\WinSxS\amd64_microsoft.windows.common-controls_6595b64144ccf1df_6.0.26100.4202_none_3e0698d4e335f517\COMCTL32.dll
0x00007ffe0c590000 - 0x00007ffe0c639000 	C:\WINDOWS\System32\msvcrt.dll
0x00007ffd9da60000 - 0x00007ffd9da7b000 	C:\Program Files\Android\Android Studio1\jbr\bin\VCRUNTIME140.dll
0x00007ffe0df40000 - 0x00007ffe0df70000 	C:\WINDOWS\System32\IMM32.DLL
0x00007ffd9dd30000 - 0x00007ffd9dd3c000 	C:\Program Files\Android\Android Studio1\jbr\bin\vcruntime140_1.dll
0x00007ffdf01b0000 - 0x00007ffdf023d000 	C:\Program Files\Android\Android Studio1\jbr\bin\msvcp140.dll
0x00007ffd9b9f0000 - 0x00007ffd9c67b000 	C:\Program Files\Android\Android Studio1\jbr\bin\server\jvm.dll
0x00007ffe0cb40000 - 0x00007ffe0cbf3000 	C:\WINDOWS\System32\ADVAPI32.dll
0x00007ffe0e390000 - 0x00007ffe0e436000 	C:\WINDOWS\System32\sechost.dll
0x00007ffe0da70000 - 0x00007ffe0db85000 	C:\WINDOWS\System32\RPCRT4.dll
0x00007ffe0df80000 - 0x00007ffe0dff4000 	C:\WINDOWS\System32\WS2_32.dll
0x00007ffe0b560000 - 0x00007ffe0b5be000 	C:\WINDOWS\SYSTEM32\POWRPROF.dll
0x00007ffe04de0000 - 0x00007ffe04deb000 	C:\WINDOWS\SYSTEM32\VERSION.dll
0x00007ffe04d00000 - 0x00007ffe04d35000 	C:\WINDOWS\SYSTEM32\WINMM.dll
0x00007ffe0b540000 - 0x00007ffe0b554000 	C:\WINDOWS\SYSTEM32\UMPDC.dll
0x00007ffe0a430000 - 0x00007ffe0a44b000 	C:\WINDOWS\SYSTEM32\kernel.appcore.dll
0x00007ffd9da50000 - 0x00007ffd9da5a000 	C:\Program Files\Android\Android Studio1\jbr\bin\jimage.dll
0x00007ffe00700000 - 0x00007ffe00941000 	C:\WINDOWS\SYSTEM32\DBGHELP.DLL
0x00007ffe0e000000 - 0x00007ffe0e385000 	C:\WINDOWS\System32\combase.dll
0x00007ffe0c460000 - 0x00007ffe0c541000 	C:\WINDOWS\System32\OLEAUT32.dll
0x00007ffdec8c0000 - 0x00007ffdec8f9000 	C:\WINDOWS\SYSTEM32\dbgcore.DLL
0x00007ffe0baa0000 - 0x00007ffe0bb39000 	C:\WINDOWS\System32\bcryptPrimitives.dll
0x00007ffe06620000 - 0x00007ffe0662e000 	C:\Program Files\Android\Android Studio1\jbr\bin\instrument.dll
0x00007ffd9d380000 - 0x00007ffd9d3a0000 	C:\Program Files\Android\Android Studio1\jbr\bin\java.dll
0x00007ffd9d2c0000 - 0x00007ffd9d2d8000 	C:\Program Files\Android\Android Studio1\jbr\bin\zip.dll
0x00007ffe0d250000 - 0x00007ffe0d992000 	C:\WINDOWS\System32\SHELL32.dll
0x00007ffe0b920000 - 0x00007ffe0ba94000 	C:\WINDOWS\System32\wintypes.dll
0x00007ffe09360000 - 0x00007ffe09bb8000 	C:\WINDOWS\SYSTEM32\windows.storage.dll
0x00007ffe0c360000 - 0x00007ffe0c451000 	C:\WINDOWS\System32\SHCORE.dll
0x00007ffe0cad0000 - 0x00007ffe0cb3a000 	C:\WINDOWS\System32\shlwapi.dll
0x00007ffe0b620000 - 0x00007ffe0b64f000 	C:\WINDOWS\SYSTEM32\profapi.dll
0x00007ffd9d2b0000 - 0x00007ffd9d2c0000 	C:\Program Files\Android\Android Studio1\jbr\bin\net.dll
0x00007ffe01fd0000 - 0x00007ffe020ee000 	C:\WINDOWS\SYSTEM32\WINHTTP.dll
0x00007ffe0aa40000 - 0x00007ffe0aaaa000 	C:\WINDOWS\system32\mswsock.dll
0x00007ffd9d290000 - 0x00007ffd9d2a6000 	C:\Program Files\Android\Android Studio1\jbr\bin\nio.dll
0x00007ffe06790000 - 0x00007ffe067a0000 	C:\Program Files\Android\Android Studio1\jbr\bin\verify.dll
0x00007ffdc3d20000 - 0x00007ffdc3d47000 	C:\Users\natas\.gradle\native\c067742578af261105cb4f569cf0c3c89f3d7b1fecec35dd04571415982c5e48\windows-amd64\native-platform.dll
0x00007ffdcfc00000 - 0x00007ffdcfd44000 	C:\Users\natas\.gradle\native\100fb08df4bc3b14c8652ba06237920a3bd2aa13389f12d3474272988ae205f9\windows-amd64\native-platform-file-events.dll
0x00007ffdc9d20000 - 0x00007ffdc9d29000 	C:\Program Files\Android\Android Studio1\jbr\bin\management.dll
0x00007ffdc9d10000 - 0x00007ffdc9d1b000 	C:\Program Files\Android\Android Studio1\jbr\bin\management_ext.dll
0x00007ffe0e570000 - 0x00007ffe0e578000 	C:\WINDOWS\System32\PSAPI.DLL
0x00007ffe0acf0000 - 0x00007ffe0ad0b000 	C:\WINDOWS\SYSTEM32\CRYPTSP.dll
0x00007ffe0a450000 - 0x00007ffe0a48a000 	C:\WINDOWS\system32\rsaenh.dll
0x00007ffe0aae0000 - 0x00007ffe0ab0b000 	C:\WINDOWS\SYSTEM32\USERENV.dll
0x00007ffe0b5f0000 - 0x00007ffe0b616000 	C:\WINDOWS\SYSTEM32\bcrypt.dll
0x00007ffe0ad10000 - 0x00007ffe0ad1c000 	C:\WINDOWS\SYSTEM32\CRYPTBASE.dll
0x00007ffe09ec0000 - 0x00007ffe09ef3000 	C:\WINDOWS\SYSTEM32\IPHLPAPI.DLL
0x00007ffe0dd40000 - 0x00007ffe0dd4a000 	C:\WINDOWS\System32\NSI.dll
0x00007ffdc9d50000 - 0x00007ffdc9d59000 	C:\Program Files\Android\Android Studio1\jbr\bin\extnet.dll
0x00007ffdcad70000 - 0x00007ffdcad78000 	C:\WINDOWS\system32\wshunix.dll

dbghelp: loaded successfully - version: 4.0.5 - missing functions: none
symbol engine: initialized successfully - sym options: 0x614 - pdb path: .;C:\Program Files\Android\Android Studio1\jbr\bin;C:\WINDOWS\SYSTEM32;C:\WINDOWS\WinSxS\amd64_microsoft.windows.common-controls_6595b64144ccf1df_6.0.26100.4202_none_3e0698d4e335f517;C:\Program Files\Android\Android Studio1\jbr\bin\server;C:\Users\natas\.gradle\native\c067742578af261105cb4f569cf0c3c89f3d7b1fecec35dd04571415982c5e48\windows-amd64;C:\Users\natas\.gradle\native\100fb08df4bc3b14c8652ba06237920a3bd2aa13389f12d3474272988ae205f9\windows-amd64

VM Arguments:
jvm_args: --add-opens=java.base/java.lang=ALL-UNNAMED --add-opens=java.base/java.lang.invoke=ALL-UNNAMED --add-opens=java.base/java.util=ALL-UNNAMED --add-opens=java.prefs/java.util.prefs=ALL-UNNAMED --add-exports=jdk.compiler/com.sun.tools.javac.api=ALL-UNNAMED --add-exports=jdk.compiler/com.sun.tools.javac.util=ALL-UNNAMED --add-opens=java.base/java.util=ALL-UNNAMED --add-opens=java.prefs/java.util.prefs=ALL-UNNAMED --add-opens=java.base/java.nio.charset=ALL-UNNAMED --add-opens=java.base/java.net=ALL-UNNAMED --add-opens=java.base/java.util.concurrent.atomic=ALL-UNNAMED --add-opens=java.xml/javax.xml.namespace=ALL-UNNAMED -Xmx2048m -Dfile.encoding=UTF-8 -Duser.country=GB -Duser.language=en -Duser.variant -javaagent:C:\Users\natas\.gradle\wrapper\dists\gradle-8.11.1-bin\bpt9gzteqjrbo1mjrsomdt32c\gradle-8.11.1\lib\agents\gradle-instrumentation-agent-8.11.1.jar 
java_command: org.gradle.launcher.daemon.bootstrap.GradleDaemon 8.11.1
java_class_path (initial): C:\Users\natas\.gradle\wrapper\dists\gradle-8.11.1-bin\bpt9gzteqjrbo1mjrsomdt32c\gradle-8.11.1\lib\gradle-daemon-main-8.11.1.jar
Launcher Type: SUN_STANDARD

[Global flags]
     intx CICompilerCount                          = 4                                         {product} {ergonomic}
     uint ConcGCThreads                            = 3                                         {product} {ergonomic}
     uint G1ConcRefinementThreads                  = 10                                        {product} {ergonomic}
   size_t G1HeapRegionSize                         = 1048576                                   {product} {ergonomic}
    uintx GCDrainStackTargetSize                   = 64                                        {product} {ergonomic}
   size_t InitialHeapSize                          = 123731968                                 {product} {ergonomic}
   size_t MarkStackSize                            = 4194304                                   {product} {ergonomic}
   size_t MaxHeapSize                              = 2147483648                                {product} {command line}
   size_t MaxNewSize                               = 1287651328                                {product} {ergonomic}
   size_t MinHeapDeltaBytes                        = 1048576                                   {product} {ergonomic}
   size_t MinHeapSize                              = 8388608                                   {product} {ergonomic}
    uintx NonNMethodCodeHeapSize                   = 5839372                                {pd product} {ergonomic}
    uintx NonProfiledCodeHeapSize                  = 122909434                              {pd product} {ergonomic}
    uintx ProfiledCodeHeapSize                     = 122909434                              {pd product} {ergonomic}
    uintx ReservedCodeCacheSize                    = 251658240                              {pd product} {ergonomic}
     bool SegmentedCodeCache                       = true                                      {product} {ergonomic}
   size_t SoftMaxHeapSize                          = 2147483648                             {manageable} {ergonomic}
     bool UseCompressedOops                        = true                           {product lp64_product} {ergonomic}
     bool UseG1GC                                  = true                                      {product} {ergonomic}
     bool UseLargePagesIndividualAllocation        = false                                  {pd product} {ergonomic}

Logging:
Log output configuration:
 #0: stdout all=warning uptime,level,tags foldmultilines=false
 #1: stderr all=off uptime,level,tags foldmultilines=false

Environment Variables:
JAVA_HOME=C:\Program Files\Java\jdk-20
PATH=C:\Program Files\Eclipse Adoptium\jdk-17.0.8.101-hotspot\bin;C:\Program Files\Common Files\Oracle\Java\javapath;C:\Program Files (x86)\VMware\VMware Workstation\bin\;C:\windows\system32;C:\windows;C:\windows\System32\Wbem;C:\windows\System32\WindowsPowerShell\v1.0\;C:\windows\System32\OpenSSH\;C:\Program Files\HP\HP One Agent;C:\Program Files\PuTTY\;C:\Program Files\Git\cmd;C:\Program Files\nodejs\;C:\WINDOWS\system32;C:\WINDOWS;C:\WINDOWS\System32\Wbem;C:\WINDOWS\System32\WindowsPowerShell\v1.0\;C:\WINDOWS\System32\OpenSSH\;C:\Program Files (x86)\Windows Kits\10\Windows Performance Toolkit\;C:\Users\natas\AppData\Local\Programs\Python\Python311\Scripts\;C:\Users\natas\AppData\Local\Programs\Python\Python311\;C:\Users\natas\AppData\Local\Microsoft\WindowsApps;C:\Users\natas\OneDrive\Desktop\PyCharm Community Edition 2023.1.1\bin;;C:\Program Files\Java\jdk-20\bin;C:\Users\natas\AppData\Local\Programs\Microsoft VS Code\bin;N:\xampp2\php;C:\Users\natas\AppData\Roaming\npm;C:\Program Files (x86)\Nmap;C:\Users\natas\AppData\Local\Programs\Swift\Runtimes\6.0.3\usr\bin\;C:\Users\natas\AppData\Local\Programs\Swift\Toolchains\6.0.3+Asserts\usr\bin\;C:\Users\natas\AppData\Local\Programs\Swift\Tools\6.0.3\;C:\Swift\bin\Swift for Windows.exe;;C:\Program Files\JetBrains\IntelliJ IDEA 2024.3.5\bin;
USERNAME=penzi
OS=Windows_NT
PROCESSOR_IDENTIFIER=AMD64 Family 25 Model 80 Stepping 0, AuthenticAMD
TMP=C:\Users\natas\AppData\Local\Temp
TEMP=C:\Users\natas\AppData\Local\Temp




Periodic native trim disabled

JNI global refs:
JNI global refs: 27, weak refs: 0

JNI global refs memory usage: 835, weak refs: 833

Process memory usage:
Resident Set Size: 20660K (0% of 7711748K total physical memory with 2576K free physical memory)

OOME stack traces (most recent first):
Classloader memory used:
Loader org.gradle.internal.classloader.VisitableURLClassLoader                         : 34559K
Loader bootstrap                                                                       : 23067K
Loader org.gradle.initialization.MixInLegacyTypesClassLoader                           : 8335K
Loader org.gradle.internal.classloader.VisitableURLClassLoader                         : 848K
Loader org.gradle.internal.classloader.VisitableURLClassLoader$InstrumentingVisitableURLClassLoader: 626K
Loader jdk.internal.loader.ClassLoaders$PlatformClassLoader                            : 509K
Loader jdk.internal.loader.ClassLoaders$AppClassLoader                                 : 234K
Loader jdk.internal.reflect.DelegatingClassLoader                                      : 187K
Loader org.gradle.groovy.scripts.internal.DefaultScriptCompilationHandler$ScriptClassLoader: 90648B
Loader org.codehaus.groovy.runtime.callsite.CallSiteClassLoader                        : 49592B

Classes loaded by more than one classloader:
Class org.gradle.api.GradleException                                                  : loaded 3 times (x 78B)
Class org.gradle.internal.classloader.FilteringClassLoader                            : loaded 2 times (x 101B)
Class org.gradle.internal.classloader.ClassLoaderHierarchy                            : loaded 2 times (x 66B)
Class org.gradle.api.internal.classpath.ManifestUtil                                  : loaded 2 times (x 67B)
Class org.jetbrains.plugins.gradle.model.GradleExtensions                             : loaded 2 times (x 66B)
Class org.jetbrains.plugins.gradle.model.AnnotationProcessingModel                    : loaded 2 times (x 66B)
Class org.gradle.internal.operations.MultipleBuildOperationFailures                   : loaded 2 times (x 91B)
Class org.jetbrains.kotlin.idea.gradleTooling.model.noarg.NoArgModel                  : loaded 2 times (x 66B)
Class org.gradle.internal.classloader.DefaultClassLoaderFactory                       : loaded 2 times (x 78B)
Class kotlin.collections.AbstractList$Companion                                       : loaded 2 times (x 67B)
Class org.gradle.internal.classloader.ClassLoaderVisitor                              : loaded 2 times (x 72B)
Class org.gradle.api.internal.classpath.EffectiveClassPath                            : loaded 2 times (x 86B)
Class org.gradle.tooling.internal.gradle.DefaultProjectIdentifier                     : loaded 2 times (x 82B)
Class org.jetbrains.kotlin.idea.gradleTooling.model.allopen.AllOpenModel              : loaded 2 times (x 66B)
Class org.gradle.api.internal.DefaultClassPathProvider                                : loaded 2 times (x 72B)
Class [Lorg.gradle.api.internal.ClassPathProvider;                                    : loaded 2 times (x 65B)
Class org.gradle.api.internal.ClassPathProvider                                       : loaded 2 times (x 66B)
Class org.gradle.internal.service.UnknownServiceException                             : loaded 2 times (x 79B)
Class org.jetbrains.kotlin.idea.gradleTooling.KotlinDslScriptAdditionalTask           : loaded 2 times (x 66B)
Class org.gradle.internal.classpath.TransformedClassPath                              : loaded 2 times (x 92B)
Class org.gradle.internal.classloader.InstrumentingClassLoader                        : loaded 2 times (x 66B)
Class kotlin.enums.EnumEntriesList                                                    : loaded 2 times (x 219B)
Class org.jetbrains.kotlin.idea.gradleTooling.KotlinSourceSetContainer                : loaded 2 times (x 66B)
Class org.jetbrains.plugins.gradle.model.IntelliJSettings                             : loaded 2 times (x 66B)
Class ijInit2_75ii1zzq7xcvcfnpzrcvcniuu                                               : loaded 2 times (x 175B)
Class org.gradle.internal.service.ServiceLocator                                      : loaded 2 times (x 66B)
Class org.jetbrains.kotlin.android.synthetic.idea.AndroidExtensionsGradleModel        : loaded 2 times (x 66B)
Class org.gradle.tooling.model.UnsupportedMethodException                             : loaded 2 times (x 78B)
Class org.gradle.internal.InternalTransformer                                         : loaded 2 times (x 66B)
Class org.gradle.internal.time.DefaultTimer                                           : loaded 2 times (x 76B)
Class org.gradle.internal.classloader.ClasspathUtil$1                                 : loaded 2 times (x 72B)
Class org.gradle.api.internal.classpath.DefaultModuleRegistry$DefaultModule           : loaded 2 times (x 82B)
Class org.jetbrains.kotlin.idea.gradleTooling.model.lombok.LombokModel                : loaded 2 times (x 66B)
Class org.gradle.internal.time.DefaultCountdownTimer                                  : loaded 2 times (x 84B)
Class org.gradle.tooling.internal.gradle.DefaultBuildIdentifier                       : loaded 2 times (x 75B)
Class kotlin.Function                                                                 : loaded 2 times (x 66B)
Class org.gradle.api.internal.classpath.Module                                        : loaded 2 times (x 66B)
Class org.gradle.api.internal.classpath.UnknownModuleException                        : loaded 2 times (x 78B)
Class com.intellij.openapi.externalSystem.model.project.dependencies.ProjectDependencies: loaded 2 times (x 66B)
Class org.gradle.tooling.internal.gradle.GradleProjectIdentity                        : loaded 2 times (x 66B)
Class org.gradle.api.internal.DefaultClassPathRegistry                                : loaded 2 times (x 72B)
Class org.gradle.api.internal.ClassPathRegistry                                       : loaded 2 times (x 66B)
Class org.gradle.internal.classpath.DefaultClassPath$ImmutableUniqueList              : loaded 2 times (x 195B)
Class Settings_gradle$1                                                               : loaded 2 times (x 70B)
Class Program                                                                         : loaded 2 times (x 68B)
Class org.gradle.internal.classpath.ClassPath                                         : loaded 2 times (x 66B)
Class org.gradle.api.UncheckedIOException                                             : loaded 2 times (x 78B)
Class org.jetbrains.kotlin.idea.gradleTooling.KotlinGradleModel                       : loaded 2 times (x 66B)
Class org.gradle.tooling.model.Model                                                  : loaded 2 times (x 66B)
Class kotlin.UninitializedPropertyAccessException                                     : loaded 2 times (x 78B)
Class org.jetbrains.kotlin.idea.gradleTooling.model.annotation.AnnotationBasedPluginModel: loaded 2 times (x 66B)
Class org.jetbrains.plugins.gradle.model.IntelliJProjectSettings                      : loaded 2 times (x 66B)
Class org.gradle.internal.installation.GradleInstallation$1                           : loaded 2 times (x 71B)
Class org.gradle.api.internal.classpath.ModuleRegistry                                : loaded 2 times (x 66B)
Class org.jetbrains.plugins.gradle.model.VersionCatalogsModel                         : loaded 2 times (x 66B)
Class org.gradle.api.internal.classpath.DefaultModuleRegistry                         : loaded 2 times (x 82B)
Class org.gradle.internal.time.MonotonicClock                                         : loaded 2 times (x 73B)
Class org.gradle.internal.service.ServiceLookupException                              : loaded 2 times (x 78B)
Class org.gradle.internal.classloader.ClassLoaderFactory                              : loaded 2 times (x 66B)
Class org.gradle.internal.service.CachingServiceLocator                               : loaded 2 times (x 78B)
Class org.jetbrains.plugins.gradle.model.RepositoryModels                             : loaded 2 times (x 66B)
Class org.gradle.internal.time.TimeSource                                             : loaded 2 times (x 66B)
Class org.gradle.tooling.internal.gradle.GradleBuildIdentity                          : loaded 2 times (x 66B)
Class kotlin.enums.EnumEntries                                                        : loaded 2 times (x 66B)
Class org.gradle.internal.exceptions.ResolutionProvider                               : loaded 2 times (x 66B)
Class org.gradle.tooling.model.ProjectIdentifier                                      : loaded 2 times (x 66B)
Class org.gradle.internal.classloader.ClasspathUtil                                   : loaded 2 times (x 67B)
Class org.gradle.internal.time.TimeSource$1                                           : loaded 2 times (x 73B)
Class kotlin.jvm.internal.DefaultConstructorMarker                                    : loaded 2 times (x 67B)
Class org.gradle.api.specs.Spec                                                       : loaded 2 times (x 66B)
Class org.gradle.internal.time.Clock                                                  : loaded 2 times (x 66B)
Class kotlin.collections.AbstractList                                                 : loaded 2 times (x 193B)
Class kotlin.collections.AbstractCollection                                           : loaded 2 times (x 113B)
Class org.gradle.internal.classloader.VisitableURLClassLoader$InstrumentingVisitableURLClassLoader: loaded 2 times (x 119B)
Class org.gradle.internal.classloader.VisitableURLClassLoader$Spec                    : loaded 2 times (x 70B)
Class org.gradle.internal.classpath.DefaultClassPath                                  : loaded 2 times (x 86B)
Class org.gradle.internal.classloader.ClassLoaderSpec                                 : loaded 2 times (x 67B)
Class Settings_gradle$1$1                                                             : loaded 2 times (x 70B)
Class kotlin.Unit                                                                     : loaded 2 times (x 67B)
Class org.gradle.internal.classloader.VisitableURLClassLoader                         : loaded 2 times (x 113B)
Class Settings_gradle                                                                 : loaded 2 times (x 124B)
Class org.gradle.internal.Cast                                                        : loaded 2 times (x 67B)
Class org.gradle.api.Action                                                           : loaded 2 times (x 66B)
Class kotlin.jvm.functions.Function1                                                  : loaded 2 times (x 66B)
Class org.gradle.internal.classpath.DefaultClassPath$ImmutableUniqueList$Builder      : loaded 2 times (x 71B)
Class org.jetbrains.kotlin.idea.gradleTooling.model.samWithReceiver.SamWithReceiverModel: loaded 2 times (x 66B)
Class kotlin.NotImplementedError                                                      : loaded 2 times (x 78B)
Class org.gradle.internal.exceptions.NonGradleCauseExceptionsHolder                   : loaded 2 times (x 66B)
Class org.jetbrains.plugins.gradle.tooling.ModelBuilderService$Parameter              : loaded 2 times (x 66B)
Class org.jetbrains.kotlin.idea.gradleTooling.model.assignment.AssignmentModel        : loaded 2 times (x 66B)
Class kotlin.enums.EnumEntriesKt                                                      : loaded 2 times (x 67B)
Class org.gradle.internal.IoActions                                                   : loaded 2 times (x 67B)
Class org.gradle.internal.classloader.SystemClassLoaderSpec                           : loaded 2 times (x 67B)
Class org.gradle.internal.exceptions.MultiCauseException                              : loaded 2 times (x 66B)
Class org.gradle.internal.time.CountdownTimer                                         : loaded 2 times (x 66B)
Class kotlin.jvm.internal.Intrinsics                                                  : loaded 2 times (x 67B)
Class org.jetbrains.kotlin.idea.gradleTooling.model.parcelize.ParcelizeGradleModel    : loaded 2 times (x 66B)
Class org.gradle.tooling.model.ProjectModel                                           : loaded 2 times (x 66B)
Class kotlin.KotlinNullPointerException                                               : loaded 2 times (x 79B)
Class org.jetbrains.plugins.gradle.model.tests.ExternalTestsModel                     : loaded 2 times (x 66B)
Class sync_studio_tooling9520_bngszz6y2p9tp5kndmlak4g3c                               : loaded 2 times (x 175B)
Class org.gradle.internal.exceptions.DefaultMultiCauseException                       : loaded 2 times (x 91B)
Class org.gradle.internal.time.Time                                                   : loaded 2 times (x 67B)
Class org.jetbrains.plugins.gradle.model.DependencyAccessorsModel                     : loaded 2 times (x 66B)
Class org.gradle.api.internal.classpath.GlobalCacheRootsProvider                      : loaded 2 times (x 66B)
Class org.jetbrains.kotlin.idea.gradleTooling.KotlinMPPGradleModel                    : loaded 2 times (x 66B)
Class org.gradle.tooling.model.BuildIdentifier                                        : loaded 2 times (x 66B)
Class org.jetbrains.kotlin.idea.gradleTooling.PrepareKotlinIdeImportTaskModel         : loaded 2 times (x 66B)
Class org.gradle.internal.time.Timer                                                  : loaded 2 times (x 66B)
Class kotlin.jvm.internal.markers.KMappedMarker                                       : loaded 2 times (x 66B)
Class org.gradle.internal.installation.CurrentGradleInstallationLocator               : loaded 2 times (x 67B)
Class org.gradle.internal.service.DefaultServiceLocator                               : loaded 2 times (x 79B)
Class org.gradle.util.GradleVersion                                                   : loaded 2 times (x 79B)
Class org.gradle.internal.installation.CurrentGradleInstallation                      : loaded 2 times (x 69B)
Class org.jetbrains.plugins.gradle.javaModel.JavaGradleManifestModel                  : loaded 2 times (x 66B)
Class org.gradle.util.internal.GUtil                                                  : loaded 2 times (x 67B)
Class org.gradle.internal.installation.GradleInstallation                             : loaded 2 times (x 71B)

---------------  S Y S T E M  ---------------

OS:
 Windows 11 , 64 bit Build 26100 (10.0.26100.4202)
OS uptime: 4 days 1:56 hours
Hyper-V role detected

CPU: total 12 (initial active 12) (12 cores per cpu, 2 threads per core) family 25 model 80 stepping 0 microcode 0xa50000f, cx8, cmov, fxsr, ht, mmx, 3dnowpref, sse, sse2, sse3, ssse3, sse4a, sse4.1, sse4.2, popcnt, lzcnt, tsc, tscinvbit, avx, avx2, aes, erms, clmul, bmi1, bmi2, adx, sha, fma, vzeroupper, clflush, clflushopt, hv, rdtscp, rdpid, fsrm, f16c, cet_ss
Processor Information for the first 12 processors :
  Max Mhz: 2301, Current Mhz: 1851, Mhz Limit: 2301

Memory: 4k page, system-wide physical 7531M (0M free)
TotalPageFile size 31083M (AvailPageFile size 4M)
current process WorkingSet (physical memory assigned to process): 18M, peak: 130M
current process commit charge ("private bytes"): 443M, peak: 446M

vm_info: OpenJDK 64-Bit Server VM (21.0.6+-13368085-b895.109) for windows-amd64 JRE (21.0.6+-13368085-b895.109), built on 2025-04-16T17:01:31Z by "builder" with MS VC++ 16.10 / 16.11 (VS2019)

END.
