#
# There is insufficient memory for the Java Runtime Environment to continue.
# Native memory allocation (malloc) failed to allocate 441136 bytes. Error detail: Chunk::new
# Possible reasons:
#   The system is out of physical RAM or swap space
#   This process is running with CompressedOops enabled, and the Java Heap may be blocking the growth of the native heap
# Possible solutions:
#   Reduce memory load on the system
#   Increase physical memory or swap space
#   Check if swap backing store is full
#   Decrease Java heap size (-Xmx/-Xms)
#   Decrease number of Java threads
#   Decrease Java thread stack sizes (-Xss)
#   Set larger code cache with -XX:ReservedCodeCacheSize=
#   JVM is running with Unscaled Compressed Oops mode in which the Java heap is
#     placed in the first 4GB address space. The Java Heap base address is the
#     maximum limit for the native heap growth. Please use -XX:HeapBaseMinAddress
#     to set the Java Heap base and to place the Java Heap above 4GB virtual address.
# This output file may be truncated or incomplete.
#
#  Out of Memory Error (arena.cpp:168), pid=22028, tid=23204
#
# JRE version: OpenJDK Runtime Environment (21.0.6) (build 21.0.6+-13368085-b895.109)
# Java VM: OpenJDK 64-Bit Server VM (21.0.6+-13368085-b895.109, mixed mode, tiered, compressed oops, compressed class ptrs, g1 gc, windows-amd64)
# No core dump will be written. Minidumps are not enabled by default on client versions of Windows
#

---------------  S U M M A R Y ------------

Command Line: --add-opens=java.base/java.lang=ALL-UNNAMED --add-opens=java.base/java.lang.invoke=ALL-UNNAMED --add-opens=java.base/java.util=ALL-UNNAMED --add-opens=java.prefs/java.util.prefs=ALL-UNNAMED --add-exports=jdk.compiler/com.sun.tools.javac.api=ALL-UNNAMED --add-exports=jdk.compiler/com.sun.tools.javac.util=ALL-UNNAMED --add-opens=java.base/java.util=ALL-UNNAMED --add-opens=java.prefs/java.util.prefs=ALL-UNNAMED --add-opens=java.base/java.nio.charset=ALL-UNNAMED --add-opens=java.base/java.net=ALL-UNNAMED --add-opens=java.base/java.util.concurrent.atomic=ALL-UNNAMED --add-opens=java.xml/javax.xml.namespace=ALL-UNNAMED -Xmx2048m -Dfile.encoding=UTF-8 -Duser.country=GB -Duser.language=en -Duser.variant -javaagent:C:\Users\natas\.gradle\wrapper\dists\gradle-8.11.1-bin\bpt9gzteqjrbo1mjrsomdt32c\gradle-8.11.1\lib\agents\gradle-instrumentation-agent-8.11.1.jar org.gradle.launcher.daemon.bootstrap.GradleDaemon 8.11.1

Host: AMD Ryzen 5 5625U with Radeon Graphics         , 12 cores, 7G,  Windows 11 , 64 bit Build 26100 (10.0.26100.4202)
Time: Fri Jul  4 20:32:31 2025 E. Africa Standard Time elapsed time: 736.507825 seconds (0d 0h 12m 16s)

---------------  T H R E A D  ---------------

Current thread (0x00000228f609b0f0):  JavaThread "C2 CompilerThread0" daemon [_thread_in_native, id=23204, stack(0x000000f2d1600000,0x000000f2d1700000) (1024K)]


Current CompileTask:
C2:736508 7186       4       org.gradle.internal.service.DefaultServiceRegistry$ClassInspector::getDetailsForClass (50 bytes)

Stack: [0x000000f2d1600000,0x000000f2d1700000]
Native frames: (J=compiled Java code, j=interpreted, Vv=VM code, C=native code)
V  [jvm.dll+0x6d0639]
V  [jvm.dll+0x85eb03]
V  [jvm.dll+0x86105e]
V  [jvm.dll+0x861743]
V  [jvm.dll+0x27e6e6]
V  [jvm.dll+0xbff6d]
V  [jvm.dll+0xc04a3]
V  [jvm.dll+0x3b6171]
V  [jvm.dll+0x3820c7]
V  [jvm.dll+0x38153a]
V  [jvm.dll+0x247c82]
V  [jvm.dll+0x247251]
V  [jvm.dll+0x1c5f04]
V  [jvm.dll+0x2569ac]
V  [jvm.dll+0x254ef6]
V  [jvm.dll+0x3f0e96]
V  [jvm.dll+0x806ed8]
V  [jvm.dll+0x6cef0d]
C  [ucrtbase.dll+0x37b0]
C  [KERNEL32.DLL+0x2e8d7]
C  [ntdll.dll+0x3c34c]


---------------  P R O C E S S  ---------------

Threads class SMR info:
_java_thread_list=0x00000228f8546960, length=66, elements={
0x00000228da281620, 0x00000228f6080210, 0x00000228f6085960, 0x00000228f6090f00,
0x00000228f608e790, 0x00000228f6099c50, 0x00000228f609a6a0, 0x00000228f609b0f0,
0x00000228f606d550, 0x00000228f619b320, 0x00000228f63ed910, 0x00000228f7033cb0,
0x00000228f7033620, 0x00000228f7031be0, 0x00000228f7034340, 0x00000228f7035060,
0x00000228f7032f90, 0x00000228f70349d0, 0x00000228f7032900, 0x00000228f7032270,
0x00000228f7c47920, 0x00000228f7c4ada0, 0x00000228f7c499f0, 0x00000228f7c48cd0,
0x00000228f7c4a080, 0x00000228f7c48640, 0x00000228f7c4b430, 0x00000228f7c4bac0,
0x00000228f7c4c7e0, 0x00000228f7c4c150, 0x00000228f7c4ce70, 0x00000228f7c4d500,
0x00000228f7c4db90, 0x00000228f7c4a710, 0x00000228f7c4ef40, 0x00000228f7c4e220,
0x00000228f7c4e8b0, 0x00000228f8a7ae80, 0x00000228f8a7a7f0, 0x00000228f8a7e300,
0x00000228f8a7bba0, 0x00000228f8a7c230, 0x00000228f8a7b510, 0x00000228f8a7f020,
0x00000228f8a803d0, 0x00000228f8a7cf50, 0x00000228f8a7dc70, 0x00000228f8a80a60,
0x00000228f8a7d5e0, 0x00000228f8a810f0, 0x00000228f8a81780, 0x00000228f8a81e10,
0x00000228f7c47fb0, 0x00000228f9708090, 0x00000228f9708720, 0x00000228f9707370,
0x00000228f9707a00, 0x00000228f97052a0, 0x00000228f9705fc0, 0x00000228f9706ce0,
0x00000228f9708db0, 0x00000228f9705930, 0x00000228f9709440, 0x00000228f9709ad0,
0x00000228f9706650, 0x00000228f970a7f0
}

Java Threads: ( => current thread )
  0x00000228da281620 JavaThread "main"                              [_thread_blocked, id=16516, stack(0x000000f2d0800000,0x000000f2d0900000) (1024K)]
  0x00000228f6080210 JavaThread "Reference Handler"          daemon [_thread_blocked, id=27068, stack(0x000000f2d1000000,0x000000f2d1100000) (1024K)]
  0x00000228f6085960 JavaThread "Finalizer"                  daemon [_thread_blocked, id=21908, stack(0x000000f2d1100000,0x000000f2d1200000) (1024K)]
  0x00000228f6090f00 JavaThread "Signal Dispatcher"          daemon [_thread_blocked, id=3976, stack(0x000000f2d1200000,0x000000f2d1300000) (1024K)]
  0x00000228f608e790 JavaThread "Attach Listener"            daemon [_thread_blocked, id=36260, stack(0x000000f2d1300000,0x000000f2d1400000) (1024K)]
  0x00000228f6099c50 JavaThread "Service Thread"             daemon [_thread_blocked, id=37896, stack(0x000000f2d1400000,0x000000f2d1500000) (1024K)]
  0x00000228f609a6a0 JavaThread "Monitor Deflation Thread"   daemon [_thread_blocked, id=15352, stack(0x000000f2d1500000,0x000000f2d1600000) (1024K)]
=>0x00000228f609b0f0 JavaThread "C2 CompilerThread0"         daemon [_thread_in_native, id=23204, stack(0x000000f2d1600000,0x000000f2d1700000) (1024K)]
  0x00000228f606d550 JavaThread "C1 CompilerThread0"         daemon [_thread_blocked, id=33004, stack(0x000000f2d1700000,0x000000f2d1800000) (1024K)]
  0x00000228f619b320 JavaThread "Common-Cleaner"             daemon [_thread_blocked, id=34152, stack(0x000000f2d1800000,0x000000f2d1900000) (1024K)]
  0x00000228f63ed910 JavaThread "Notification Thread"        daemon [_thread_blocked, id=2660, stack(0x000000f2d1900000,0x000000f2d1a00000) (1024K)]
  0x00000228f7033cb0 JavaThread "Daemon health stats"               [_thread_blocked, id=27264, stack(0x000000f2d1e00000,0x000000f2d1f00000) (1024K)]
  0x00000228f7033620 JavaThread "Incoming local TCP Connector on port 48206"        [_thread_in_native, id=38612, stack(0x000000f2d1f00000,0x000000f2d2000000) (1024K)]
  0x00000228f7031be0 JavaThread "Daemon periodic checks"            [_thread_blocked, id=32424, stack(0x000000f2d2000000,0x000000f2d2100000) (1024K)]
  0x00000228f7034340 JavaThread "Daemon"                            [_thread_blocked, id=31792, stack(0x000000f2d0500000,0x000000f2d0600000) (1024K)]
  0x00000228f7035060 JavaThread "Handler for socket connection from /127.0.0.1:48206 to /127.0.0.1:48225"        [_thread_in_native, id=18116, stack(0x000000f2d0600000,0x000000f2d0700000) (1024K)]
  0x00000228f7032f90 JavaThread "Cancel handler"                    [_thread_blocked, id=33776, stack(0x000000f2d2100000,0x000000f2d2200000) (1024K)]
  0x00000228f70349d0 JavaThread "Daemon worker"                     [_thread_in_vm, id=40376, stack(0x000000f2d2200000,0x000000f2d2300000) (1024K)]
  0x00000228f7032900 JavaThread "Asynchronous log dispatcher for DefaultDaemonConnection: socket connection from /127.0.0.1:48206 to /127.0.0.1:48225"        [_thread_blocked, id=27412, stack(0x000000f2d2300000,0x000000f2d2400000) (1024K)]
  0x00000228f7032270 JavaThread "Stdin handler"                     [_thread_blocked, id=22796, stack(0x000000f2d2400000,0x000000f2d2500000) (1024K)]
  0x00000228f7c47920 JavaThread "Daemon client event forwarder"        [_thread_blocked, id=36964, stack(0x000000f2d2500000,0x000000f2d2600000) (1024K)]
  0x00000228f7c4ada0 JavaThread "Cache worker for journal cache (C:\Users\natas\.gradle\caches\journal-1)"        [_thread_blocked, id=39996, stack(0x000000f2d2d00000,0x000000f2d2e00000) (1024K)]
  0x00000228f7c499f0 JavaThread "File lock request listener"        [_thread_in_native, id=1924, stack(0x000000f2d2e00000,0x000000f2d2f00000) (1024K)]
  0x00000228f7c48cd0 JavaThread "Cache worker for file hash cache (C:\Users\natas\.gradle\caches\8.11.1\fileHashes)"        [_thread_blocked, id=19500, stack(0x000000f2d3000000,0x000000f2d3100000) (1024K)]
  0x00000228f7c4a080 JavaThread "Cache worker for file content cache (C:\Users\natas\.gradle\caches\8.11.1\fileContent)"        [_thread_blocked, id=9472, stack(0x000000f2d3100000,0x000000f2d3200000) (1024K)]
  0x00000228f7c48640 JavaThread "Cache worker for file hash cache (C:\Users\natas\AndroidStudioProjects\MyApplication3\.gradle\8.11.1\fileHashes)"        [_thread_blocked, id=13376, stack(0x000000f2d3200000,0x000000f2d3300000) (1024K)]
  0x00000228f7c4b430 JavaThread "Cache worker for Build Output Cleanup Cache (C:\Users\natas\AndroidStudioProjects\MyApplication3\.gradle\buildOutputCleanup)"        [_thread_blocked, id=36428, stack(0x000000f2d3300000,0x000000f2d3400000) (1024K)]
  0x00000228f7c4bac0 JavaThread "File watcher server"        daemon [_thread_in_native, id=40200, stack(0x000000f2d3400000,0x000000f2d3500000) (1024K)]
  0x00000228f7c4c7e0 JavaThread "File watcher consumer"      daemon [_thread_blocked, id=29876, stack(0x000000f2d3500000,0x000000f2d3600000) (1024K)]
  0x00000228f7c4c150 JavaThread "jar transforms"                    [_thread_blocked, id=39000, stack(0x000000f2d0700000,0x000000f2d0800000) (1024K)]
  0x00000228f7c4ce70 JavaThread "jar transforms Thread 2"           [_thread_blocked, id=22872, stack(0x000000f2d3600000,0x000000f2d3700000) (1024K)]
  0x00000228f7c4d500 JavaThread "jar transforms Thread 3"           [_thread_blocked, id=16028, stack(0x000000f2d3700000,0x000000f2d3800000) (1024K)]
  0x00000228f7c4db90 JavaThread "jar transforms Thread 4"           [_thread_blocked, id=40424, stack(0x000000f2d3800000,0x000000f2d3900000) (1024K)]
  0x00000228f7c4a710 JavaThread "jar transforms Thread 5"           [_thread_blocked, id=6260, stack(0x000000f2d3900000,0x000000f2d3a00000) (1024K)]
  0x00000228f7c4ef40 JavaThread "jar transforms Thread 6"           [_thread_blocked, id=37036, stack(0x000000f2d3a00000,0x000000f2d3b00000) (1024K)]
  0x00000228f7c4e220 JavaThread "jar transforms Thread 7"           [_thread_blocked, id=13560, stack(0x000000f2d3b00000,0x000000f2d3c00000) (1024K)]
  0x00000228f7c4e8b0 JavaThread "jar transforms Thread 8"           [_thread_blocked, id=35912, stack(0x000000f2d3c00000,0x000000f2d3d00000) (1024K)]
  0x00000228f8a7ae80 JavaThread "jar transforms Thread 9"           [_thread_blocked, id=7256, stack(0x000000f2d3d00000,0x000000f2d3e00000) (1024K)]
  0x00000228f8a7a7f0 JavaThread "jar transforms Thread 10"          [_thread_blocked, id=37576, stack(0x000000f2d3e00000,0x000000f2d3f00000) (1024K)]
  0x00000228f8a7e300 JavaThread "jar transforms Thread 11"          [_thread_blocked, id=38680, stack(0x000000f2d3f00000,0x000000f2d4000000) (1024K)]
  0x00000228f8a7bba0 JavaThread "jar transforms Thread 12"          [_thread_blocked, id=4080, stack(0x000000f2d4000000,0x000000f2d4100000) (1024K)]
  0x00000228f8a7c230 JavaThread "Cache worker for checksums cache (C:\Users\natas\AndroidStudioProjects\MyApplication3\.gradle\8.11.1\checksums)"        [_thread_blocked, id=26068, stack(0x000000f2d4100000,0x000000f2d4200000) (1024K)]
  0x00000228f8a7b510 JavaThread "Cache worker for cache directory md-rule (C:\Users\natas\.gradle\caches\8.11.1\md-rule)"        [_thread_blocked, id=28848, stack(0x000000f2d4200000,0x000000f2d4300000) (1024K)]
  0x00000228f8a7f020 JavaThread "Cache worker for cache directory md-supplier (C:\Users\natas\.gradle\caches\8.11.1\md-supplier)"        [_thread_blocked, id=2412, stack(0x000000f2d4300000,0x000000f2d4400000) (1024K)]
  0x00000228f8a803d0 JavaThread "Unconstrained build operations"        [_thread_blocked, id=26404, stack(0x000000f2d2f00000,0x000000f2d3000000) (1024K)]
  0x00000228f8a7cf50 JavaThread "Unconstrained build operations Thread 2"        [_thread_blocked, id=38628, stack(0x000000f2d4400000,0x000000f2d4500000) (1024K)]
  0x00000228f8a7dc70 JavaThread "File lock release action executor Thread 3"        [_thread_blocked, id=19364, stack(0x000000f2d4500000,0x000000f2d4600000) (1024K)]
  0x00000228f8a80a60 JavaThread "Unconstrained build operations Thread 3"        [_thread_blocked, id=8464, stack(0x000000f2d4600000,0x000000f2d4700000) (1024K)]
  0x00000228f8a7d5e0 JavaThread "Unconstrained build operations Thread 4"        [_thread_blocked, id=5280, stack(0x000000f2d4700000,0x000000f2d4800000) (1024K)]
  0x00000228f8a810f0 JavaThread "Unconstrained build operations Thread 5"        [_thread_blocked, id=36640, stack(0x000000f2d4800000,0x000000f2d4900000) (1024K)]
  0x00000228f8a81780 JavaThread "Unconstrained build operations Thread 6"        [_thread_blocked, id=39784, stack(0x000000f2d4900000,0x000000f2d4a00000) (1024K)]
  0x00000228f8a81e10 JavaThread "Unconstrained build operations Thread 7"        [_thread_blocked, id=30940, stack(0x000000f2d4a00000,0x000000f2d4b00000) (1024K)]
  0x00000228f7c47fb0 JavaThread "Unconstrained build operations Thread 8"        [_thread_blocked, id=37660, stack(0x000000f2d4b00000,0x000000f2d4c00000) (1024K)]
  0x00000228f9708090 JavaThread "Unconstrained build operations Thread 9"        [_thread_blocked, id=36916, stack(0x000000f2d4c00000,0x000000f2d4d00000) (1024K)]
  0x00000228f9708720 JavaThread "Unconstrained build operations Thread 10"        [_thread_blocked, id=13524, stack(0x000000f2d4d00000,0x000000f2d4e00000) (1024K)]
  0x00000228f9707370 JavaThread "Unconstrained build operations Thread 11"        [_thread_blocked, id=37680, stack(0x000000f2d4e00000,0x000000f2d4f00000) (1024K)]
  0x00000228f9707a00 JavaThread "Unconstrained build operations Thread 12"        [_thread_blocked, id=23728, stack(0x000000f2d4f00000,0x000000f2d5000000) (1024K)]
  0x00000228f97052a0 JavaThread "Unconstrained build operations Thread 13"        [_thread_blocked, id=31776, stack(0x000000f2d5000000,0x000000f2d5100000) (1024K)]
  0x00000228f9705fc0 JavaThread "Unconstrained build operations Thread 14"        [_thread_blocked, id=37512, stack(0x000000f2d5100000,0x000000f2d5200000) (1024K)]
  0x00000228f9706ce0 JavaThread "Unconstrained build operations Thread 15"        [_thread_blocked, id=25232, stack(0x000000f2d5200000,0x000000f2d5300000) (1024K)]
  0x00000228f9708db0 JavaThread "Unconstrained build operations Thread 16"        [_thread_blocked, id=28208, stack(0x000000f2d5300000,0x000000f2d5400000) (1024K)]
  0x00000228f9705930 JavaThread "Unconstrained build operations Thread 17"        [_thread_blocked, id=38240, stack(0x000000f2d5400000,0x000000f2d5500000) (1024K)]
  0x00000228f9709440 JavaThread "Unconstrained build operations Thread 18"        [_thread_blocked, id=13992, stack(0x000000f2d5500000,0x000000f2d5600000) (1024K)]
  0x00000228f9709ad0 JavaThread "Unconstrained build operations Thread 19"        [_thread_blocked, id=34712, stack(0x000000f2d5600000,0x000000f2d5700000) (1024K)]
  0x00000228f9706650 JavaThread "Unconstrained build operations Thread 20"        [_thread_blocked, id=26152, stack(0x000000f2d5700000,0x000000f2d5800000) (1024K)]
  0x00000228f970a7f0 JavaThread "Unconstrained build operations Thread 21"        [_thread_blocked, id=36904, stack(0x000000f2d5800000,0x000000f2d5900000) (1024K)]
Total: 66

Other Threads:
  0x00000228f1dcb5b0 VMThread "VM Thread"                           [id=26884, stack(0x000000f2d0f00000,0x000000f2d1000000) (1024K)]
  0x00000228f1d6ab80 WatcherThread "VM Periodic Task Thread"        [id=9396, stack(0x000000f2d0e00000,0x000000f2d0f00000) (1024K)]
  0x00000228da2d6080 WorkerThread "GC Thread#0"                     [id=30296, stack(0x000000f2d0900000,0x000000f2d0a00000) (1024K)]
  0x00000228f664f8f0 WorkerThread "GC Thread#1"                     [id=32904, stack(0x000000f2d1a00000,0x000000f2d1b00000) (1024K)]
  0x00000228f66454c0 WorkerThread "GC Thread#2"                     [id=26340, stack(0x000000f2d1b00000,0x000000f2d1c00000) (1024K)]
  0x00000228f660f570 WorkerThread "GC Thread#3"                     [id=31496, stack(0x000000f2d1c00000,0x000000f2d1d00000) (1024K)]
  0x00000228f640e4c0 WorkerThread "GC Thread#4"                     [id=18780, stack(0x000000f2d1d00000,0x000000f2d1e00000) (1024K)]
  0x00000228f6e94580 WorkerThread "GC Thread#5"                     [id=36144, stack(0x000000f2d2600000,0x000000f2d2700000) (1024K)]
  0x00000228f64bf4a0 WorkerThread "GC Thread#6"                     [id=18440, stack(0x000000f2d2700000,0x000000f2d2800000) (1024K)]
  0x00000228f64bf840 WorkerThread "GC Thread#7"                     [id=34028, stack(0x000000f2d2800000,0x000000f2d2900000) (1024K)]
  0x00000228f64bfbe0 WorkerThread "GC Thread#8"                     [id=38852, stack(0x000000f2d2900000,0x000000f2d2a00000) (1024K)]
  0x00000228f7afecd0 WorkerThread "GC Thread#9"                     [id=16000, stack(0x000000f2d2a00000,0x000000f2d2b00000) (1024K)]
  0x00000228d7ece260 ConcurrentGCThread "G1 Main Marker"            [id=31812, stack(0x000000f2d0a00000,0x000000f2d0b00000) (1024K)]
  0x00000228da2e6d30 WorkerThread "G1 Conc#0"                       [id=28692, stack(0x000000f2d0b00000,0x000000f2d0c00000) (1024K)]
  0x00000228f7afe590 WorkerThread "G1 Conc#1"                       [id=29676, stack(0x000000f2d2b00000,0x000000f2d2c00000) (1024K)]
  0x00000228f7afd710 WorkerThread "G1 Conc#2"                       [id=19224, stack(0x000000f2d2c00000,0x000000f2d2d00000) (1024K)]
  0x00000228f1c3c140 ConcurrentGCThread "G1 Refine#0"               [id=32496, stack(0x000000f2d0c00000,0x000000f2d0d00000) (1024K)]
  0x00000228f1c3ca60 ConcurrentGCThread "G1 Service"                [id=38496, stack(0x000000f2d0d00000,0x000000f2d0e00000) (1024K)]
Total: 18

Threads with active compile tasks:
C2 CompilerThread0  737266 7186       4       org.gradle.internal.service.DefaultServiceRegistry$ClassInspector::getDetailsForClass (50 bytes)
Total: 1

VM state: not at safepoint (normal execution)

VM Mutex/Monitor currently owned by a thread: None

Heap address: 0x0000000080000000, size: 2048 MB, Compressed Oops mode: 32-bit

CDS archive(s) not mapped
Compressed class space mapped at: 0x0000000100000000-0x0000000140000000, reserved size: 1073741824
Narrow klass base: 0x0000000000000000, Narrow klass shift: 3, Narrow klass range: 0x140000000

GC Precious Log:
 CardTable entry size: 512
 Card Set container configuration: InlinePtr #cards 5 size 8 Array Of Cards #cards 12 size 40 Howl #buckets 4 coarsen threshold 1843 Howl Bitmap #cards 512 size 80 coarsen threshold 460 Card regions per heap region 1 cards per card region 2048
 CPUs: 12 total, 12 available
 Memory: 7531M
 Large Page Support: Disabled
 NUMA Support: Disabled
 Compressed Oops: Enabled (32-bit)
 Heap Region Size: 1M
 Heap Min Capacity: 8M
 Heap Initial Capacity: 118M
 Heap Max Capacity: 2G
 Pre-touch: Disabled
 Parallel Workers: 10
 Concurrent Workers: 3
 Concurrent Refinement Workers: 10
 Periodic GC: Disabled

Heap:
 garbage-first heap   total 327680K, used 89038K [0x0000000080000000, 0x0000000100000000)
  region size 1024K, 17 young (17408K), 1 survivors (1024K)
 Metaspace       used 67196K, committed 68992K, reserved 1114112K
  class space    used 9035K, committed 9920K, reserved 1048576K

Heap Regions: E=young(eden), S=young(survivor), O=old, HS=humongous(starts), HC=humongous(continues), CS=collection set, F=free, TAMS=top-at-mark-start, PB=parsable bottom
|   0|0x0000000080000000, 0x0000000080100000, 0x0000000080100000|100%| O|  |TAMS 0x0000000080000000| PB 0x0000000080000000| Untracked 
|   1|0x0000000080100000, 0x0000000080200000, 0x0000000080200000|100%|HS|  |TAMS 0x0000000080100000| PB 0x0000000080100000| Complete 
|   2|0x0000000080200000, 0x0000000080300000, 0x0000000080300000|100%|HC|  |TAMS 0x0000000080200000| PB 0x0000000080200000| Complete 
|   3|0x0000000080300000, 0x0000000080400000, 0x0000000080400000|100%|HC|  |TAMS 0x0000000080300000| PB 0x0000000080300000| Complete 
|   4|0x0000000080400000, 0x0000000080500000, 0x0000000080500000|100%| O|  |TAMS 0x0000000080400000| PB 0x0000000080400000| Untracked 
|   5|0x0000000080500000, 0x0000000080600000, 0x0000000080600000|100%| O|  |TAMS 0x0000000080500000| PB 0x0000000080500000| Untracked 
|   6|0x0000000080600000, 0x0000000080700000, 0x0000000080700000|100%|HS|  |TAMS 0x0000000080600000| PB 0x0000000080600000| Complete 
|   7|0x0000000080700000, 0x0000000080800000, 0x0000000080800000|100%| O|  |TAMS 0x0000000080700000| PB 0x0000000080700000| Untracked 
|   8|0x0000000080800000, 0x0000000080900000, 0x0000000080900000|100%| O|  |TAMS 0x0000000080800000| PB 0x0000000080800000| Untracked 
|   9|0x0000000080900000, 0x0000000080a00000, 0x0000000080a00000|100%| O|  |TAMS 0x0000000080900000| PB 0x0000000080900000| Untracked 
|  10|0x0000000080a00000, 0x0000000080b00000, 0x0000000080b00000|100%| O|  |TAMS 0x0000000080a00000| PB 0x0000000080a00000| Untracked 
|  11|0x0000000080b00000, 0x0000000080c00000, 0x0000000080c00000|100%| O|  |TAMS 0x0000000080b00000| PB 0x0000000080b00000| Untracked 
|  12|0x0000000080c00000, 0x0000000080d00000, 0x0000000080d00000|100%| O|  |TAMS 0x0000000080c00000| PB 0x0000000080c00000| Untracked 
|  13|0x0000000080d00000, 0x0000000080e00000, 0x0000000080e00000|100%| O|  |TAMS 0x0000000080d00000| PB 0x0000000080d00000| Untracked 
|  14|0x0000000080e00000, 0x0000000080f00000, 0x0000000080f00000|100%| O|  |TAMS 0x0000000080e00000| PB 0x0000000080e00000| Untracked 
|  15|0x0000000080f00000, 0x0000000081000000, 0x0000000081000000|100%| O|  |TAMS 0x0000000080f00000| PB 0x0000000080f00000| Untracked 
|  16|0x0000000081000000, 0x0000000081100000, 0x0000000081100000|100%| O|  |TAMS 0x0000000081000000| PB 0x0000000081000000| Untracked 
|  17|0x0000000081100000, 0x0000000081200000, 0x0000000081200000|100%| O|  |TAMS 0x0000000081100000| PB 0x0000000081100000| Untracked 
|  18|0x0000000081200000, 0x0000000081300000, 0x0000000081300000|100%| O|  |TAMS 0x0000000081200000| PB 0x0000000081200000| Untracked 
|  19|0x0000000081300000, 0x0000000081400000, 0x0000000081400000|100%| O|  |TAMS 0x0000000081300000| PB 0x0000000081300000| Untracked 
|  20|0x0000000081400000, 0x0000000081500000, 0x0000000081500000|100%| O|  |TAMS 0x0000000081400000| PB 0x0000000081400000| Untracked 
|  21|0x0000000081500000, 0x0000000081600000, 0x0000000081600000|100%|HS|  |TAMS 0x0000000081500000| PB 0x0000000081500000| Complete 
|  22|0x0000000081600000, 0x0000000081700000, 0x0000000081700000|100%|HC|  |TAMS 0x0000000081600000| PB 0x0000000081600000| Complete 
|  23|0x0000000081700000, 0x0000000081800000, 0x0000000081800000|100%|HC|  |TAMS 0x0000000081700000| PB 0x0000000081700000| Complete 
|  24|0x0000000081800000, 0x0000000081900000, 0x0000000081900000|100%|HC|  |TAMS 0x0000000081800000| PB 0x0000000081800000| Complete 
|  25|0x0000000081900000, 0x0000000081a00000, 0x0000000081a00000|100%|HC|  |TAMS 0x0000000081900000| PB 0x0000000081900000| Complete 
|  26|0x0000000081a00000, 0x0000000081b00000, 0x0000000081b00000|100%|HC|  |TAMS 0x0000000081a00000| PB 0x0000000081a00000| Complete 
|  27|0x0000000081b00000, 0x0000000081c00000, 0x0000000081c00000|100%| O|  |TAMS 0x0000000081b00000| PB 0x0000000081b00000| Untracked 
|  28|0x0000000081c00000, 0x0000000081d00000, 0x0000000081d00000|100%|HS|  |TAMS 0x0000000081c00000| PB 0x0000000081c00000| Complete 
|  29|0x0000000081d00000, 0x0000000081e00000, 0x0000000081e00000|100%|HC|  |TAMS 0x0000000081d00000| PB 0x0000000081d00000| Complete 
|  30|0x0000000081e00000, 0x0000000081f00000, 0x0000000081f00000|100%|HC|  |TAMS 0x0000000081e00000| PB 0x0000000081e00000| Complete 
|  31|0x0000000081f00000, 0x0000000082000000, 0x0000000082000000|100%|HC|  |TAMS 0x0000000081f00000| PB 0x0000000081f00000| Complete 
|  32|0x0000000082000000, 0x0000000082100000, 0x0000000082100000|100%|HS|  |TAMS 0x0000000082000000| PB 0x0000000082000000| Complete 
|  33|0x0000000082100000, 0x0000000082200000, 0x0000000082200000|100%|HC|  |TAMS 0x0000000082100000| PB 0x0000000082100000| Complete 
|  34|0x0000000082200000, 0x0000000082300000, 0x0000000082300000|100%|HS|  |TAMS 0x0000000082200000| PB 0x0000000082200000| Complete 
|  35|0x0000000082300000, 0x0000000082400000, 0x0000000082400000|100%| O|  |TAMS 0x0000000082300000| PB 0x0000000082300000| Untracked 
|  36|0x0000000082400000, 0x0000000082500000, 0x0000000082500000|100%| O|  |TAMS 0x0000000082400000| PB 0x0000000082400000| Untracked 
|  37|0x0000000082500000, 0x0000000082600000, 0x0000000082600000|100%| O|  |TAMS 0x0000000082500000| PB 0x0000000082500000| Untracked 
|  38|0x0000000082600000, 0x0000000082700000, 0x0000000082700000|100%| O|  |TAMS 0x0000000082600000| PB 0x0000000082600000| Untracked 
|  39|0x0000000082700000, 0x0000000082800000, 0x0000000082800000|100%| O|  |TAMS 0x0000000082700000| PB 0x0000000082700000| Untracked 
|  40|0x0000000082800000, 0x0000000082900000, 0x0000000082900000|100%| O|  |TAMS 0x0000000082800000| PB 0x0000000082800000| Untracked 
|  41|0x0000000082900000, 0x0000000082900000, 0x0000000082a00000|  0%| F|  |TAMS 0x0000000082900000| PB 0x0000000082900000| Untracked 
|  42|0x0000000082a00000, 0x0000000082b00000, 0x0000000082b00000|100%| O|  |TAMS 0x0000000082a00000| PB 0x0000000082a00000| Untracked 
|  43|0x0000000082b00000, 0x0000000082c00000, 0x0000000082c00000|100%| O|  |TAMS 0x0000000082b00000| PB 0x0000000082b00000| Untracked 
|  44|0x0000000082c00000, 0x0000000082d00000, 0x0000000082d00000|100%| O|  |TAMS 0x0000000082c00000| PB 0x0000000082c00000| Untracked 
|  45|0x0000000082d00000, 0x0000000082e00000, 0x0000000082e00000|100%| O|  |TAMS 0x0000000082d00000| PB 0x0000000082d00000| Untracked 
|  46|0x0000000082e00000, 0x0000000082f00000, 0x0000000082f00000|100%| O|  |TAMS 0x0000000082e00000| PB 0x0000000082e00000| Untracked 
|  47|0x0000000082f00000, 0x0000000083000000, 0x0000000083000000|100%| O|  |TAMS 0x0000000082f00000| PB 0x0000000082f00000| Untracked 
|  48|0x0000000083000000, 0x0000000083100000, 0x0000000083100000|100%| O|  |TAMS 0x0000000083000000| PB 0x0000000083000000| Untracked 
|  49|0x0000000083100000, 0x0000000083200000, 0x0000000083200000|100%| O|  |TAMS 0x0000000083100000| PB 0x0000000083100000| Untracked 
|  50|0x0000000083200000, 0x0000000083300000, 0x0000000083300000|100%| O|  |TAMS 0x0000000083200000| PB 0x0000000083200000| Untracked 
|  51|0x0000000083300000, 0x0000000083400000, 0x0000000083400000|100%| O|  |TAMS 0x0000000083300000| PB 0x0000000083300000| Untracked 
|  52|0x0000000083400000, 0x0000000083500000, 0x0000000083500000|100%|HS|  |TAMS 0x0000000083400000| PB 0x0000000083400000| Complete 
|  53|0x0000000083500000, 0x0000000083600000, 0x0000000083600000|100%|HC|  |TAMS 0x0000000083500000| PB 0x0000000083500000| Complete 
|  54|0x0000000083600000, 0x0000000083700000, 0x0000000083700000|100%| O|  |TAMS 0x0000000083600000| PB 0x0000000083600000| Untracked 
|  55|0x0000000083700000, 0x000000008377dc68, 0x0000000083800000| 49%| O|  |TAMS 0x0000000083700000| PB 0x0000000083700000| Untracked 
|  56|0x0000000083800000, 0x0000000083900000, 0x0000000083900000|100%|HS|  |TAMS 0x0000000083800000| PB 0x0000000083800000| Complete 
|  57|0x0000000083900000, 0x0000000083a00000, 0x0000000083a00000|100%|HC|  |TAMS 0x0000000083900000| PB 0x0000000083900000| Complete 
|  58|0x0000000083a00000, 0x0000000083b00000, 0x0000000083b00000|100%|HC|  |TAMS 0x0000000083a00000| PB 0x0000000083a00000| Complete 
|  59|0x0000000083b00000, 0x0000000083c00000, 0x0000000083c00000|100%|HC|  |TAMS 0x0000000083b00000| PB 0x0000000083b00000| Complete 
|  60|0x0000000083c00000, 0x0000000083d00000, 0x0000000083d00000|100%|HC|  |TAMS 0x0000000083c00000| PB 0x0000000083c00000| Complete 
|  61|0x0000000083d00000, 0x0000000083e00000, 0x0000000083e00000|100%|HC|  |TAMS 0x0000000083d00000| PB 0x0000000083d00000| Complete 
|  62|0x0000000083e00000, 0x0000000083e00000, 0x0000000083f00000|  0%| F|  |TAMS 0x0000000083e00000| PB 0x0000000083e00000| Untracked 
|  63|0x0000000083f00000, 0x0000000084000000, 0x0000000084000000|100%| O|  |TAMS 0x0000000083f00000| PB 0x0000000083f00000| Untracked 
|  64|0x0000000084000000, 0x0000000084100000, 0x0000000084100000|100%|HS|  |TAMS 0x0000000084000000| PB 0x0000000084000000| Complete 
|  65|0x0000000084100000, 0x0000000084200000, 0x0000000084200000|100%|HC|  |TAMS 0x0000000084100000| PB 0x0000000084100000| Complete 
|  66|0x0000000084200000, 0x0000000084300000, 0x0000000084300000|100%|HC|  |TAMS 0x0000000084200000| PB 0x0000000084200000| Complete 
|  67|0x0000000084300000, 0x0000000084400000, 0x0000000084400000|100%|HC|  |TAMS 0x0000000084300000| PB 0x0000000084300000| Complete 
|  68|0x0000000084400000, 0x0000000084500000, 0x0000000084500000|100%|HC|  |TAMS 0x0000000084400000| PB 0x0000000084400000| Complete 
|  69|0x0000000084500000, 0x0000000084600000, 0x0000000084600000|100%|HC|  |TAMS 0x0000000084500000| PB 0x0000000084500000| Complete 
|  70|0x0000000084600000, 0x0000000084700000, 0x0000000084700000|100%|HS|  |TAMS 0x0000000084600000| PB 0x0000000084600000| Complete 
|  71|0x0000000084700000, 0x0000000084800000, 0x0000000084800000|100%| O|  |TAMS 0x0000000084700000| PB 0x0000000084700000| Untracked 
|  72|0x0000000084800000, 0x0000000084900000, 0x0000000084900000|100%| O|  |TAMS 0x0000000084800000| PB 0x0000000084800000| Untracked 
|  73|0x0000000084900000, 0x0000000084900000, 0x0000000084a00000|  0%| F|  |TAMS 0x0000000084900000| PB 0x0000000084900000| Untracked 
|  74|0x0000000084a00000, 0x0000000084a00000, 0x0000000084b00000|  0%| F|  |TAMS 0x0000000084a00000| PB 0x0000000084a00000| Untracked 
|  75|0x0000000084b00000, 0x0000000084b00000, 0x0000000084c00000|  0%| F|  |TAMS 0x0000000084b00000| PB 0x0000000084b00000| Untracked 
|  76|0x0000000084c00000, 0x0000000084c00000, 0x0000000084d00000|  0%| F|  |TAMS 0x0000000084c00000| PB 0x0000000084c00000| Untracked 
|  77|0x0000000084d00000, 0x0000000084d00000, 0x0000000084e00000|  0%| F|  |TAMS 0x0000000084d00000| PB 0x0000000084d00000| Untracked 
|  78|0x0000000084e00000, 0x0000000084e00000, 0x0000000084f00000|  0%| F|  |TAMS 0x0000000084e00000| PB 0x0000000084e00000| Untracked 
|  79|0x0000000084f00000, 0x0000000084f00000, 0x0000000085000000|  0%| F|  |TAMS 0x0000000084f00000| PB 0x0000000084f00000| Untracked 
|  80|0x0000000085000000, 0x0000000085000000, 0x0000000085100000|  0%| F|  |TAMS 0x0000000085000000| PB 0x0000000085000000| Untracked 
|  81|0x0000000085100000, 0x0000000085100000, 0x0000000085200000|  0%| F|  |TAMS 0x0000000085100000| PB 0x0000000085100000| Untracked 
|  82|0x0000000085200000, 0x0000000085200000, 0x0000000085300000|  0%| F|  |TAMS 0x0000000085200000| PB 0x0000000085200000| Untracked 
|  83|0x0000000085300000, 0x0000000085300000, 0x0000000085400000|  0%| F|  |TAMS 0x0000000085300000| PB 0x0000000085300000| Untracked 
|  84|0x0000000085400000, 0x0000000085400000, 0x0000000085500000|  0%| F|  |TAMS 0x0000000085400000| PB 0x0000000085400000| Untracked 
|  85|0x0000000085500000, 0x0000000085500000, 0x0000000085600000|  0%| F|  |TAMS 0x0000000085500000| PB 0x0000000085500000| Untracked 
|  86|0x0000000085600000, 0x0000000085600000, 0x0000000085700000|  0%| F|  |TAMS 0x0000000085600000| PB 0x0000000085600000| Untracked 
|  87|0x0000000085700000, 0x0000000085700000, 0x0000000085800000|  0%| F|  |TAMS 0x0000000085700000| PB 0x0000000085700000| Untracked 
|  88|0x0000000085800000, 0x0000000085800000, 0x0000000085900000|  0%| F|  |TAMS 0x0000000085800000| PB 0x0000000085800000| Untracked 
|  89|0x0000000085900000, 0x0000000085900000, 0x0000000085a00000|  0%| F|  |TAMS 0x0000000085900000| PB 0x0000000085900000| Untracked 
|  90|0x0000000085a00000, 0x0000000085a00000, 0x0000000085b00000|  0%| F|  |TAMS 0x0000000085a00000| PB 0x0000000085a00000| Untracked 
|  91|0x0000000085b00000, 0x0000000085b00000, 0x0000000085c00000|  0%| F|  |TAMS 0x0000000085b00000| PB 0x0000000085b00000| Untracked 
|  92|0x0000000085c00000, 0x0000000085c00000, 0x0000000085d00000|  0%| F|  |TAMS 0x0000000085c00000| PB 0x0000000085c00000| Untracked 
|  93|0x0000000085d00000, 0x0000000085d00000, 0x0000000085e00000|  0%| F|  |TAMS 0x0000000085d00000| PB 0x0000000085d00000| Untracked 
|  94|0x0000000085e00000, 0x0000000085e00000, 0x0000000085f00000|  0%| F|  |TAMS 0x0000000085e00000| PB 0x0000000085e00000| Untracked 
|  95|0x0000000085f00000, 0x0000000085f00000, 0x0000000086000000|  0%| F|  |TAMS 0x0000000085f00000| PB 0x0000000085f00000| Untracked 
|  96|0x0000000086000000, 0x0000000086000000, 0x0000000086100000|  0%| F|  |TAMS 0x0000000086000000| PB 0x0000000086000000| Untracked 
|  97|0x0000000086100000, 0x0000000086100000, 0x0000000086200000|  0%| F|  |TAMS 0x0000000086100000| PB 0x0000000086100000| Untracked 
|  98|0x0000000086200000, 0x0000000086200000, 0x0000000086300000|  0%| F|  |TAMS 0x0000000086200000| PB 0x0000000086200000| Untracked 
|  99|0x0000000086300000, 0x0000000086300000, 0x0000000086400000|  0%| F|  |TAMS 0x0000000086300000| PB 0x0000000086300000| Untracked 
| 100|0x0000000086400000, 0x0000000086400000, 0x0000000086500000|  0%| F|  |TAMS 0x0000000086400000| PB 0x0000000086400000| Untracked 
| 101|0x0000000086500000, 0x0000000086500000, 0x0000000086600000|  0%| F|  |TAMS 0x0000000086500000| PB 0x0000000086500000| Untracked 
| 102|0x0000000086600000, 0x0000000086600000, 0x0000000086700000|  0%| F|  |TAMS 0x0000000086600000| PB 0x0000000086600000| Untracked 
| 103|0x0000000086700000, 0x0000000086700000, 0x0000000086800000|  0%| F|  |TAMS 0x0000000086700000| PB 0x0000000086700000| Untracked 
| 104|0x0000000086800000, 0x0000000086800000, 0x0000000086900000|  0%| F|  |TAMS 0x0000000086800000| PB 0x0000000086800000| Untracked 
| 105|0x0000000086900000, 0x0000000086900000, 0x0000000086a00000|  0%| F|  |TAMS 0x0000000086900000| PB 0x0000000086900000| Untracked 
| 106|0x0000000086a00000, 0x0000000086a00000, 0x0000000086b00000|  0%| F|  |TAMS 0x0000000086a00000| PB 0x0000000086a00000| Untracked 
| 107|0x0000000086b00000, 0x0000000086b00000, 0x0000000086c00000|  0%| F|  |TAMS 0x0000000086b00000| PB 0x0000000086b00000| Untracked 
| 108|0x0000000086c00000, 0x0000000086c00000, 0x0000000086d00000|  0%| F|  |TAMS 0x0000000086c00000| PB 0x0000000086c00000| Untracked 
| 109|0x0000000086d00000, 0x0000000086d00000, 0x0000000086e00000|  0%| F|  |TAMS 0x0000000086d00000| PB 0x0000000086d00000| Untracked 
| 110|0x0000000086e00000, 0x0000000086e00000, 0x0000000086f00000|  0%| F|  |TAMS 0x0000000086e00000| PB 0x0000000086e00000| Untracked 
| 111|0x0000000086f00000, 0x0000000086f00000, 0x0000000087000000|  0%| F|  |TAMS 0x0000000086f00000| PB 0x0000000086f00000| Untracked 
| 112|0x0000000087000000, 0x0000000087000000, 0x0000000087100000|  0%| F|  |TAMS 0x0000000087000000| PB 0x0000000087000000| Untracked 
| 113|0x0000000087100000, 0x0000000087100000, 0x0000000087200000|  0%| F|  |TAMS 0x0000000087100000| PB 0x0000000087100000| Untracked 
| 114|0x0000000087200000, 0x0000000087200000, 0x0000000087300000|  0%| F|  |TAMS 0x0000000087200000| PB 0x0000000087200000| Untracked 
| 115|0x0000000087300000, 0x0000000087300000, 0x0000000087400000|  0%| F|  |TAMS 0x0000000087300000| PB 0x0000000087300000| Untracked 
| 116|0x0000000087400000, 0x0000000087400000, 0x0000000087500000|  0%| F|  |TAMS 0x0000000087400000| PB 0x0000000087400000| Untracked 
| 117|0x0000000087500000, 0x0000000087500000, 0x0000000087600000|  0%| F|  |TAMS 0x0000000087500000| PB 0x0000000087500000| Untracked 
| 118|0x0000000087600000, 0x0000000087600000, 0x0000000087700000|  0%| F|  |TAMS 0x0000000087600000| PB 0x0000000087600000| Untracked 
| 119|0x0000000087700000, 0x0000000087700000, 0x0000000087800000|  0%| F|  |TAMS 0x0000000087700000| PB 0x0000000087700000| Untracked 
| 120|0x0000000087800000, 0x0000000087800000, 0x0000000087900000|  0%| F|  |TAMS 0x0000000087800000| PB 0x0000000087800000| Untracked 
| 121|0x0000000087900000, 0x0000000087900000, 0x0000000087a00000|  0%| F|  |TAMS 0x0000000087900000| PB 0x0000000087900000| Untracked 
| 122|0x0000000087a00000, 0x0000000087a00000, 0x0000000087b00000|  0%| F|  |TAMS 0x0000000087a00000| PB 0x0000000087a00000| Untracked 
| 123|0x0000000087b00000, 0x0000000087b00000, 0x0000000087c00000|  0%| F|  |TAMS 0x0000000087b00000| PB 0x0000000087b00000| Untracked 
| 124|0x0000000087c00000, 0x0000000087c00000, 0x0000000087d00000|  0%| F|  |TAMS 0x0000000087c00000| PB 0x0000000087c00000| Untracked 
| 125|0x0000000087d00000, 0x0000000087d00000, 0x0000000087e00000|  0%| F|  |TAMS 0x0000000087d00000| PB 0x0000000087d00000| Untracked 
| 126|0x0000000087e00000, 0x0000000087e00000, 0x0000000087f00000|  0%| F|  |TAMS 0x0000000087e00000| PB 0x0000000087e00000| Untracked 
| 127|0x0000000087f00000, 0x0000000087f00000, 0x0000000088000000|  0%| F|  |TAMS 0x0000000087f00000| PB 0x0000000087f00000| Untracked 
| 128|0x0000000088000000, 0x0000000088000000, 0x0000000088100000|  0%| F|  |TAMS 0x0000000088000000| PB 0x0000000088000000| Untracked 
| 129|0x0000000088100000, 0x0000000088100000, 0x0000000088200000|  0%| F|  |TAMS 0x0000000088100000| PB 0x0000000088100000| Untracked 
| 130|0x0000000088200000, 0x0000000088200000, 0x0000000088300000|  0%| F|  |TAMS 0x0000000088200000| PB 0x0000000088200000| Untracked 
| 131|0x0000000088300000, 0x0000000088300000, 0x0000000088400000|  0%| F|  |TAMS 0x0000000088300000| PB 0x0000000088300000| Untracked 
| 132|0x0000000088400000, 0x0000000088400000, 0x0000000088500000|  0%| F|  |TAMS 0x0000000088400000| PB 0x0000000088400000| Untracked 
| 133|0x0000000088500000, 0x0000000088500000, 0x0000000088600000|  0%| F|  |TAMS 0x0000000088500000| PB 0x0000000088500000| Untracked 
| 134|0x0000000088600000, 0x0000000088600000, 0x0000000088700000|  0%| F|  |TAMS 0x0000000088600000| PB 0x0000000088600000| Untracked 
| 135|0x0000000088700000, 0x0000000088700000, 0x0000000088800000|  0%| F|  |TAMS 0x0000000088700000| PB 0x0000000088700000| Untracked 
| 136|0x0000000088800000, 0x0000000088800000, 0x0000000088900000|  0%| F|  |TAMS 0x0000000088800000| PB 0x0000000088800000| Untracked 
| 137|0x0000000088900000, 0x0000000088900000, 0x0000000088a00000|  0%| F|  |TAMS 0x0000000088900000| PB 0x0000000088900000| Untracked 
| 138|0x0000000088a00000, 0x0000000088a00000, 0x0000000088b00000|  0%| F|  |TAMS 0x0000000088a00000| PB 0x0000000088a00000| Untracked 
| 139|0x0000000088b00000, 0x0000000088b00000, 0x0000000088c00000|  0%| F|  |TAMS 0x0000000088b00000| PB 0x0000000088b00000| Untracked 
| 140|0x0000000088c00000, 0x0000000088c00000, 0x0000000088d00000|  0%| F|  |TAMS 0x0000000088c00000| PB 0x0000000088c00000| Untracked 
| 141|0x0000000088d00000, 0x0000000088d00000, 0x0000000088e00000|  0%| F|  |TAMS 0x0000000088d00000| PB 0x0000000088d00000| Untracked 
| 142|0x0000000088e00000, 0x0000000088e00000, 0x0000000088f00000|  0%| F|  |TAMS 0x0000000088e00000| PB 0x0000000088e00000| Untracked 
| 143|0x0000000088f00000, 0x0000000088f00000, 0x0000000089000000|  0%| F|  |TAMS 0x0000000088f00000| PB 0x0000000088f00000| Untracked 
| 144|0x0000000089000000, 0x0000000089000000, 0x0000000089100000|  0%| F|  |TAMS 0x0000000089000000| PB 0x0000000089000000| Untracked 
| 145|0x0000000089100000, 0x0000000089100000, 0x0000000089200000|  0%| F|  |TAMS 0x0000000089100000| PB 0x0000000089100000| Untracked 
| 146|0x0000000089200000, 0x0000000089200000, 0x0000000089300000|  0%| F|  |TAMS 0x0000000089200000| PB 0x0000000089200000| Untracked 
| 147|0x0000000089300000, 0x0000000089300000, 0x0000000089400000|  0%| F|  |TAMS 0x0000000089300000| PB 0x0000000089300000| Untracked 
| 148|0x0000000089400000, 0x0000000089400000, 0x0000000089500000|  0%| F|  |TAMS 0x0000000089400000| PB 0x0000000089400000| Untracked 
| 149|0x0000000089500000, 0x0000000089500000, 0x0000000089600000|  0%| F|  |TAMS 0x0000000089500000| PB 0x0000000089500000| Untracked 
| 150|0x0000000089600000, 0x0000000089600000, 0x0000000089700000|  0%| F|  |TAMS 0x0000000089600000| PB 0x0000000089600000| Untracked 
| 151|0x0000000089700000, 0x0000000089700000, 0x0000000089800000|  0%| F|  |TAMS 0x0000000089700000| PB 0x0000000089700000| Untracked 
| 152|0x0000000089800000, 0x0000000089800000, 0x0000000089900000|  0%| F|  |TAMS 0x0000000089800000| PB 0x0000000089800000| Untracked 
| 153|0x0000000089900000, 0x0000000089900000, 0x0000000089a00000|  0%| F|  |TAMS 0x0000000089900000| PB 0x0000000089900000| Untracked 
| 154|0x0000000089a00000, 0x0000000089a00000, 0x0000000089b00000|  0%| F|  |TAMS 0x0000000089a00000| PB 0x0000000089a00000| Untracked 
| 155|0x0000000089b00000, 0x0000000089b00000, 0x0000000089c00000|  0%| F|  |TAMS 0x0000000089b00000| PB 0x0000000089b00000| Untracked 
| 156|0x0000000089c00000, 0x0000000089c75d80, 0x0000000089d00000| 46%| S|CS|TAMS 0x0000000089c00000| PB 0x0000000089c00000| Complete 
| 157|0x0000000089d00000, 0x0000000089d00000, 0x0000000089e00000|  0%| F|  |TAMS 0x0000000089d00000| PB 0x0000000089d00000| Untracked 
| 158|0x0000000089e00000, 0x0000000089e00000, 0x0000000089f00000|  0%| F|  |TAMS 0x0000000089e00000| PB 0x0000000089e00000| Untracked 
| 159|0x0000000089f00000, 0x0000000089f00000, 0x000000008a000000|  0%| F|  |TAMS 0x0000000089f00000| PB 0x0000000089f00000| Untracked 
| 160|0x000000008a000000, 0x000000008a000000, 0x000000008a100000|  0%| F|  |TAMS 0x000000008a000000| PB 0x000000008a000000| Untracked 
| 161|0x000000008a100000, 0x000000008a100000, 0x000000008a200000|  0%| F|  |TAMS 0x000000008a100000| PB 0x000000008a100000| Untracked 
| 162|0x000000008a200000, 0x000000008a200000, 0x000000008a300000|  0%| F|  |TAMS 0x000000008a200000| PB 0x000000008a200000| Untracked 
| 163|0x000000008a300000, 0x000000008a300000, 0x000000008a400000|  0%| F|  |TAMS 0x000000008a300000| PB 0x000000008a300000| Untracked 
| 164|0x000000008a400000, 0x000000008a400000, 0x000000008a500000|  0%| F|  |TAMS 0x000000008a400000| PB 0x000000008a400000| Untracked 
| 165|0x000000008a500000, 0x000000008a500000, 0x000000008a600000|  0%| F|  |TAMS 0x000000008a500000| PB 0x000000008a500000| Untracked 
| 166|0x000000008a600000, 0x000000008a600000, 0x000000008a700000|  0%| F|  |TAMS 0x000000008a600000| PB 0x000000008a600000| Untracked 
| 167|0x000000008a700000, 0x000000008a700000, 0x000000008a800000|  0%| F|  |TAMS 0x000000008a700000| PB 0x000000008a700000| Untracked 
| 168|0x000000008a800000, 0x000000008a800000, 0x000000008a900000|  0%| F|  |TAMS 0x000000008a800000| PB 0x000000008a800000| Untracked 
| 169|0x000000008a900000, 0x000000008a900000, 0x000000008aa00000|  0%| F|  |TAMS 0x000000008a900000| PB 0x000000008a900000| Untracked 
| 170|0x000000008aa00000, 0x000000008aa00000, 0x000000008ab00000|  0%| F|  |TAMS 0x000000008aa00000| PB 0x000000008aa00000| Untracked 
| 171|0x000000008ab00000, 0x000000008ab00000, 0x000000008ac00000|  0%| F|  |TAMS 0x000000008ab00000| PB 0x000000008ab00000| Untracked 
| 172|0x000000008ac00000, 0x000000008ac00000, 0x000000008ad00000|  0%| F|  |TAMS 0x000000008ac00000| PB 0x000000008ac00000| Untracked 
| 173|0x000000008ad00000, 0x000000008ad00000, 0x000000008ae00000|  0%| F|  |TAMS 0x000000008ad00000| PB 0x000000008ad00000| Untracked 
| 174|0x000000008ae00000, 0x000000008ae00000, 0x000000008af00000|  0%| F|  |TAMS 0x000000008ae00000| PB 0x000000008ae00000| Untracked 
| 175|0x000000008af00000, 0x000000008af00000, 0x000000008b000000|  0%| F|  |TAMS 0x000000008af00000| PB 0x000000008af00000| Untracked 
| 176|0x000000008b000000, 0x000000008b000000, 0x000000008b100000|  0%| F|  |TAMS 0x000000008b000000| PB 0x000000008b000000| Untracked 
| 177|0x000000008b100000, 0x000000008b100000, 0x000000008b200000|  0%| F|  |TAMS 0x000000008b100000| PB 0x000000008b100000| Untracked 
| 178|0x000000008b200000, 0x000000008b200000, 0x000000008b300000|  0%| F|  |TAMS 0x000000008b200000| PB 0x000000008b200000| Untracked 
| 179|0x000000008b300000, 0x000000008b300000, 0x000000008b400000|  0%| F|  |TAMS 0x000000008b300000| PB 0x000000008b300000| Untracked 
| 180|0x000000008b400000, 0x000000008b400000, 0x000000008b500000|  0%| F|  |TAMS 0x000000008b400000| PB 0x000000008b400000| Untracked 
| 181|0x000000008b500000, 0x000000008b500000, 0x000000008b600000|  0%| F|  |TAMS 0x000000008b500000| PB 0x000000008b500000| Untracked 
| 182|0x000000008b600000, 0x000000008b600000, 0x000000008b700000|  0%| F|  |TAMS 0x000000008b600000| PB 0x000000008b600000| Untracked 
| 183|0x000000008b700000, 0x000000008b700000, 0x000000008b800000|  0%| F|  |TAMS 0x000000008b700000| PB 0x000000008b700000| Untracked 
| 184|0x000000008b800000, 0x000000008b800000, 0x000000008b900000|  0%| F|  |TAMS 0x000000008b800000| PB 0x000000008b800000| Untracked 
| 185|0x000000008b900000, 0x000000008b900000, 0x000000008ba00000|  0%| F|  |TAMS 0x000000008b900000| PB 0x000000008b900000| Untracked 
| 186|0x000000008ba00000, 0x000000008ba00000, 0x000000008bb00000|  0%| F|  |TAMS 0x000000008ba00000| PB 0x000000008ba00000| Untracked 
| 187|0x000000008bb00000, 0x000000008bb00000, 0x000000008bc00000|  0%| F|  |TAMS 0x000000008bb00000| PB 0x000000008bb00000| Untracked 
| 188|0x000000008bc00000, 0x000000008bc00000, 0x000000008bd00000|  0%| F|  |TAMS 0x000000008bc00000| PB 0x000000008bc00000| Untracked 
| 189|0x000000008bd00000, 0x000000008bd00000, 0x000000008be00000|  0%| F|  |TAMS 0x000000008bd00000| PB 0x000000008bd00000| Untracked 
| 190|0x000000008be00000, 0x000000008be00000, 0x000000008bf00000|  0%| F|  |TAMS 0x000000008be00000| PB 0x000000008be00000| Untracked 
| 191|0x000000008bf00000, 0x000000008bf00000, 0x000000008c000000|  0%| F|  |TAMS 0x000000008bf00000| PB 0x000000008bf00000| Untracked 
| 192|0x000000008c000000, 0x000000008c000000, 0x000000008c100000|  0%| F|  |TAMS 0x000000008c000000| PB 0x000000008c000000| Untracked 
| 193|0x000000008c100000, 0x000000008c100000, 0x000000008c200000|  0%| F|  |TAMS 0x000000008c100000| PB 0x000000008c100000| Untracked 
| 194|0x000000008c200000, 0x000000008c200000, 0x000000008c300000|  0%| F|  |TAMS 0x000000008c200000| PB 0x000000008c200000| Untracked 
| 195|0x000000008c300000, 0x000000008c300000, 0x000000008c400000|  0%| F|  |TAMS 0x000000008c300000| PB 0x000000008c300000| Untracked 
| 196|0x000000008c400000, 0x000000008c400000, 0x000000008c500000|  0%| F|  |TAMS 0x000000008c400000| PB 0x000000008c400000| Untracked 
| 197|0x000000008c500000, 0x000000008c500000, 0x000000008c600000|  0%| F|  |TAMS 0x000000008c500000| PB 0x000000008c500000| Untracked 
| 198|0x000000008c600000, 0x000000008c600000, 0x000000008c700000|  0%| F|  |TAMS 0x000000008c600000| PB 0x000000008c600000| Untracked 
| 199|0x000000008c700000, 0x000000008c700000, 0x000000008c800000|  0%| F|  |TAMS 0x000000008c700000| PB 0x000000008c700000| Untracked 
| 200|0x000000008c800000, 0x000000008c800000, 0x000000008c900000|  0%| F|  |TAMS 0x000000008c800000| PB 0x000000008c800000| Untracked 
| 201|0x000000008c900000, 0x000000008c900000, 0x000000008ca00000|  0%| F|  |TAMS 0x000000008c900000| PB 0x000000008c900000| Untracked 
| 202|0x000000008ca00000, 0x000000008ca00000, 0x000000008cb00000|  0%| F|  |TAMS 0x000000008ca00000| PB 0x000000008ca00000| Untracked 
| 203|0x000000008cb00000, 0x000000008cb00000, 0x000000008cc00000|  0%| F|  |TAMS 0x000000008cb00000| PB 0x000000008cb00000| Untracked 
| 204|0x000000008cc00000, 0x000000008cc00000, 0x000000008cd00000|  0%| F|  |TAMS 0x000000008cc00000| PB 0x000000008cc00000| Untracked 
| 205|0x000000008cd00000, 0x000000008cd00000, 0x000000008ce00000|  0%| F|  |TAMS 0x000000008cd00000| PB 0x000000008cd00000| Untracked 
| 206|0x000000008ce00000, 0x000000008ce00000, 0x000000008cf00000|  0%| F|  |TAMS 0x000000008ce00000| PB 0x000000008ce00000| Untracked 
| 207|0x000000008cf00000, 0x000000008cf00000, 0x000000008d000000|  0%| F|  |TAMS 0x000000008cf00000| PB 0x000000008cf00000| Untracked 
| 208|0x000000008d000000, 0x000000008d000000, 0x000000008d100000|  0%| F|  |TAMS 0x000000008d000000| PB 0x000000008d000000| Untracked 
| 209|0x000000008d100000, 0x000000008d100000, 0x000000008d200000|  0%| F|  |TAMS 0x000000008d100000| PB 0x000000008d100000| Untracked 
| 210|0x000000008d200000, 0x000000008d200000, 0x000000008d300000|  0%| F|  |TAMS 0x000000008d200000| PB 0x000000008d200000| Untracked 
| 211|0x000000008d300000, 0x000000008d300000, 0x000000008d400000|  0%| F|  |TAMS 0x000000008d300000| PB 0x000000008d300000| Untracked 
| 212|0x000000008d400000, 0x000000008d400000, 0x000000008d500000|  0%| F|  |TAMS 0x000000008d400000| PB 0x000000008d400000| Untracked 
| 213|0x000000008d500000, 0x000000008d500000, 0x000000008d600000|  0%| F|  |TAMS 0x000000008d500000| PB 0x000000008d500000| Untracked 
| 214|0x000000008d600000, 0x000000008d600000, 0x000000008d700000|  0%| F|  |TAMS 0x000000008d600000| PB 0x000000008d600000| Untracked 
| 215|0x000000008d700000, 0x000000008d700000, 0x000000008d800000|  0%| F|  |TAMS 0x000000008d700000| PB 0x000000008d700000| Untracked 
| 216|0x000000008d800000, 0x000000008d800000, 0x000000008d900000|  0%| F|  |TAMS 0x000000008d800000| PB 0x000000008d800000| Untracked 
| 217|0x000000008d900000, 0x000000008d900000, 0x000000008da00000|  0%| F|  |TAMS 0x000000008d900000| PB 0x000000008d900000| Untracked 
| 218|0x000000008da00000, 0x000000008da00000, 0x000000008db00000|  0%| F|  |TAMS 0x000000008da00000| PB 0x000000008da00000| Untracked 
| 219|0x000000008db00000, 0x000000008db00000, 0x000000008dc00000|  0%| F|  |TAMS 0x000000008db00000| PB 0x000000008db00000| Untracked 
| 220|0x000000008dc00000, 0x000000008dc00000, 0x000000008dd00000|  0%| F|  |TAMS 0x000000008dc00000| PB 0x000000008dc00000| Untracked 
| 221|0x000000008dd00000, 0x000000008dd00000, 0x000000008de00000|  0%| F|  |TAMS 0x000000008dd00000| PB 0x000000008dd00000| Untracked 
| 222|0x000000008de00000, 0x000000008de00000, 0x000000008df00000|  0%| F|  |TAMS 0x000000008de00000| PB 0x000000008de00000| Untracked 
| 223|0x000000008df00000, 0x000000008df00000, 0x000000008e000000|  0%| F|  |TAMS 0x000000008df00000| PB 0x000000008df00000| Untracked 
| 224|0x000000008e000000, 0x000000008e000000, 0x000000008e100000|  0%| F|  |TAMS 0x000000008e000000| PB 0x000000008e000000| Untracked 
| 225|0x000000008e100000, 0x000000008e100000, 0x000000008e200000|  0%| F|  |TAMS 0x000000008e100000| PB 0x000000008e100000| Untracked 
| 226|0x000000008e200000, 0x000000008e200000, 0x000000008e300000|  0%| F|  |TAMS 0x000000008e200000| PB 0x000000008e200000| Untracked 
| 227|0x000000008e300000, 0x000000008e300000, 0x000000008e400000|  0%| F|  |TAMS 0x000000008e300000| PB 0x000000008e300000| Untracked 
| 228|0x000000008e400000, 0x000000008e400000, 0x000000008e500000|  0%| F|  |TAMS 0x000000008e400000| PB 0x000000008e400000| Untracked 
| 229|0x000000008e500000, 0x000000008e500000, 0x000000008e600000|  0%| F|  |TAMS 0x000000008e500000| PB 0x000000008e500000| Untracked 
| 230|0x000000008e600000, 0x000000008e600000, 0x000000008e700000|  0%| F|  |TAMS 0x000000008e600000| PB 0x000000008e600000| Untracked 
| 231|0x000000008e700000, 0x000000008e700000, 0x000000008e800000|  0%| F|  |TAMS 0x000000008e700000| PB 0x000000008e700000| Untracked 
| 232|0x000000008e800000, 0x000000008e800000, 0x000000008e900000|  0%| F|  |TAMS 0x000000008e800000| PB 0x000000008e800000| Untracked 
| 233|0x000000008e900000, 0x000000008e900000, 0x000000008ea00000|  0%| F|  |TAMS 0x000000008e900000| PB 0x000000008e900000| Untracked 
| 234|0x000000008ea00000, 0x000000008ea00000, 0x000000008eb00000|  0%| F|  |TAMS 0x000000008ea00000| PB 0x000000008ea00000| Untracked 
| 235|0x000000008eb00000, 0x000000008eb00000, 0x000000008ec00000|  0%| F|  |TAMS 0x000000008eb00000| PB 0x000000008eb00000| Untracked 
| 236|0x000000008ec00000, 0x000000008ec00000, 0x000000008ed00000|  0%| F|  |TAMS 0x000000008ec00000| PB 0x000000008ec00000| Untracked 
| 237|0x000000008ed00000, 0x000000008ed00000, 0x000000008ee00000|  0%| F|  |TAMS 0x000000008ed00000| PB 0x000000008ed00000| Untracked 
| 238|0x000000008ee00000, 0x000000008ee00000, 0x000000008ef00000|  0%| F|  |TAMS 0x000000008ee00000| PB 0x000000008ee00000| Untracked 
| 239|0x000000008ef00000, 0x000000008ef00000, 0x000000008f000000|  0%| F|  |TAMS 0x000000008ef00000| PB 0x000000008ef00000| Untracked 
| 240|0x000000008f000000, 0x000000008f000000, 0x000000008f100000|  0%| F|  |TAMS 0x000000008f000000| PB 0x000000008f000000| Untracked 
| 241|0x000000008f100000, 0x000000008f100000, 0x000000008f200000|  0%| F|  |TAMS 0x000000008f100000| PB 0x000000008f100000| Untracked 
| 242|0x000000008f200000, 0x000000008f200000, 0x000000008f300000|  0%| F|  |TAMS 0x000000008f200000| PB 0x000000008f200000| Untracked 
| 243|0x000000008f300000, 0x000000008f300000, 0x000000008f400000|  0%| F|  |TAMS 0x000000008f300000| PB 0x000000008f300000| Untracked 
| 244|0x000000008f400000, 0x000000008f400000, 0x000000008f500000|  0%| F|  |TAMS 0x000000008f400000| PB 0x000000008f400000| Untracked 
| 245|0x000000008f500000, 0x000000008f500000, 0x000000008f600000|  0%| F|  |TAMS 0x000000008f500000| PB 0x000000008f500000| Untracked 
| 246|0x000000008f600000, 0x000000008f600000, 0x000000008f700000|  0%| F|  |TAMS 0x000000008f600000| PB 0x000000008f600000| Untracked 
| 247|0x000000008f700000, 0x000000008f700000, 0x000000008f800000|  0%| F|  |TAMS 0x000000008f700000| PB 0x000000008f700000| Untracked 
| 248|0x000000008f800000, 0x000000008f800000, 0x000000008f900000|  0%| F|  |TAMS 0x000000008f800000| PB 0x000000008f800000| Untracked 
| 249|0x000000008f900000, 0x000000008f900000, 0x000000008fa00000|  0%| F|  |TAMS 0x000000008f900000| PB 0x000000008f900000| Untracked 
| 250|0x000000008fa00000, 0x000000008fa00000, 0x000000008fb00000|  0%| F|  |TAMS 0x000000008fa00000| PB 0x000000008fa00000| Untracked 
| 251|0x000000008fb00000, 0x000000008fb00000, 0x000000008fc00000|  0%| F|  |TAMS 0x000000008fb00000| PB 0x000000008fb00000| Untracked 
| 252|0x000000008fc00000, 0x000000008fc00000, 0x000000008fd00000|  0%| F|  |TAMS 0x000000008fc00000| PB 0x000000008fc00000| Untracked 
| 253|0x000000008fd00000, 0x000000008fd00000, 0x000000008fe00000|  0%| F|  |TAMS 0x000000008fd00000| PB 0x000000008fd00000| Untracked 
| 254|0x000000008fe00000, 0x000000008fe00000, 0x000000008ff00000|  0%| F|  |TAMS 0x000000008fe00000| PB 0x000000008fe00000| Untracked 
| 255|0x000000008ff00000, 0x000000008ff00000, 0x0000000090000000|  0%| F|  |TAMS 0x000000008ff00000| PB 0x000000008ff00000| Untracked 
| 256|0x0000000090000000, 0x0000000090000000, 0x0000000090100000|  0%| F|  |TAMS 0x0000000090000000| PB 0x0000000090000000| Untracked 
| 257|0x0000000090100000, 0x0000000090100000, 0x0000000090200000|  0%| F|  |TAMS 0x0000000090100000| PB 0x0000000090100000| Untracked 
| 258|0x0000000090200000, 0x0000000090200000, 0x0000000090300000|  0%| F|  |TAMS 0x0000000090200000| PB 0x0000000090200000| Untracked 
| 259|0x0000000090300000, 0x0000000090300000, 0x0000000090400000|  0%| F|  |TAMS 0x0000000090300000| PB 0x0000000090300000| Untracked 
| 260|0x0000000090400000, 0x0000000090400000, 0x0000000090500000|  0%| F|  |TAMS 0x0000000090400000| PB 0x0000000090400000| Untracked 
| 261|0x0000000090500000, 0x0000000090500000, 0x0000000090600000|  0%| F|  |TAMS 0x0000000090500000| PB 0x0000000090500000| Untracked 
| 262|0x0000000090600000, 0x0000000090600000, 0x0000000090700000|  0%| F|  |TAMS 0x0000000090600000| PB 0x0000000090600000| Untracked 
| 263|0x0000000090700000, 0x0000000090700000, 0x0000000090800000|  0%| F|  |TAMS 0x0000000090700000| PB 0x0000000090700000| Untracked 
| 264|0x0000000090800000, 0x0000000090800000, 0x0000000090900000|  0%| F|  |TAMS 0x0000000090800000| PB 0x0000000090800000| Untracked 
| 265|0x0000000090900000, 0x0000000090900000, 0x0000000090a00000|  0%| F|  |TAMS 0x0000000090900000| PB 0x0000000090900000| Untracked 
| 266|0x0000000090a00000, 0x0000000090a00000, 0x0000000090b00000|  0%| F|  |TAMS 0x0000000090a00000| PB 0x0000000090a00000| Untracked 
| 267|0x0000000090b00000, 0x0000000090b00000, 0x0000000090c00000|  0%| F|  |TAMS 0x0000000090b00000| PB 0x0000000090b00000| Untracked 
| 268|0x0000000090c00000, 0x0000000090c00000, 0x0000000090d00000|  0%| F|  |TAMS 0x0000000090c00000| PB 0x0000000090c00000| Untracked 
| 269|0x0000000090d00000, 0x0000000090d00000, 0x0000000090e00000|  0%| F|  |TAMS 0x0000000090d00000| PB 0x0000000090d00000| Untracked 
| 270|0x0000000090e00000, 0x0000000090e00000, 0x0000000090f00000|  0%| F|  |TAMS 0x0000000090e00000| PB 0x0000000090e00000| Untracked 
| 271|0x0000000090f00000, 0x0000000090f00000, 0x0000000091000000|  0%| F|  |TAMS 0x0000000090f00000| PB 0x0000000090f00000| Untracked 
| 272|0x0000000091000000, 0x0000000091000000, 0x0000000091100000|  0%| F|  |TAMS 0x0000000091000000| PB 0x0000000091000000| Untracked 
| 273|0x0000000091100000, 0x0000000091100000, 0x0000000091200000|  0%| F|  |TAMS 0x0000000091100000| PB 0x0000000091100000| Untracked 
| 274|0x0000000091200000, 0x0000000091200000, 0x0000000091300000|  0%| F|  |TAMS 0x0000000091200000| PB 0x0000000091200000| Untracked 
| 275|0x0000000091300000, 0x0000000091300000, 0x0000000091400000|  0%| F|  |TAMS 0x0000000091300000| PB 0x0000000091300000| Untracked 
| 276|0x0000000091400000, 0x0000000091400000, 0x0000000091500000|  0%| F|  |TAMS 0x0000000091400000| PB 0x0000000091400000| Untracked 
| 277|0x0000000091500000, 0x0000000091500000, 0x0000000091600000|  0%| F|  |TAMS 0x0000000091500000| PB 0x0000000091500000| Untracked 
| 278|0x0000000091600000, 0x0000000091600000, 0x0000000091700000|  0%| F|  |TAMS 0x0000000091600000| PB 0x0000000091600000| Untracked 
| 279|0x0000000091700000, 0x0000000091700000, 0x0000000091800000|  0%| F|  |TAMS 0x0000000091700000| PB 0x0000000091700000| Untracked 
| 280|0x0000000091800000, 0x0000000091800000, 0x0000000091900000|  0%| F|  |TAMS 0x0000000091800000| PB 0x0000000091800000| Untracked 
| 281|0x0000000091900000, 0x0000000091900000, 0x0000000091a00000|  0%| F|  |TAMS 0x0000000091900000| PB 0x0000000091900000| Untracked 
| 282|0x0000000091a00000, 0x0000000091a00000, 0x0000000091b00000|  0%| F|  |TAMS 0x0000000091a00000| PB 0x0000000091a00000| Untracked 
| 283|0x0000000091b00000, 0x0000000091b00000, 0x0000000091c00000|  0%| F|  |TAMS 0x0000000091b00000| PB 0x0000000091b00000| Untracked 
| 284|0x0000000091c00000, 0x0000000091c00000, 0x0000000091d00000|  0%| F|  |TAMS 0x0000000091c00000| PB 0x0000000091c00000| Untracked 
| 285|0x0000000091d00000, 0x0000000091d00000, 0x0000000091e00000|  0%| F|  |TAMS 0x0000000091d00000| PB 0x0000000091d00000| Untracked 
| 286|0x0000000091e00000, 0x0000000091e00000, 0x0000000091f00000|  0%| F|  |TAMS 0x0000000091e00000| PB 0x0000000091e00000| Untracked 
| 287|0x0000000091f00000, 0x0000000091f00000, 0x0000000092000000|  0%| F|  |TAMS 0x0000000091f00000| PB 0x0000000091f00000| Untracked 
| 288|0x0000000092000000, 0x0000000092000000, 0x0000000092100000|  0%| F|  |TAMS 0x0000000092000000| PB 0x0000000092000000| Untracked 
| 289|0x0000000092100000, 0x0000000092100000, 0x0000000092200000|  0%| F|  |TAMS 0x0000000092100000| PB 0x0000000092100000| Untracked 
| 290|0x0000000092200000, 0x0000000092200000, 0x0000000092300000|  0%| F|  |TAMS 0x0000000092200000| PB 0x0000000092200000| Untracked 
| 291|0x0000000092300000, 0x0000000092300000, 0x0000000092400000|  0%| F|  |TAMS 0x0000000092300000| PB 0x0000000092300000| Untracked 
| 292|0x0000000092400000, 0x0000000092400000, 0x0000000092500000|  0%| F|  |TAMS 0x0000000092400000| PB 0x0000000092400000| Untracked 
| 293|0x0000000092500000, 0x0000000092500000, 0x0000000092600000|  0%| F|  |TAMS 0x0000000092500000| PB 0x0000000092500000| Untracked 
| 294|0x0000000092600000, 0x0000000092600000, 0x0000000092700000|  0%| F|  |TAMS 0x0000000092600000| PB 0x0000000092600000| Untracked 
| 295|0x0000000092700000, 0x0000000092700000, 0x0000000092800000|  0%| F|  |TAMS 0x0000000092700000| PB 0x0000000092700000| Untracked 
| 296|0x0000000092800000, 0x0000000092800000, 0x0000000092900000|  0%| F|  |TAMS 0x0000000092800000| PB 0x0000000092800000| Untracked 
| 297|0x0000000092900000, 0x0000000092900000, 0x0000000092a00000|  0%| F|  |TAMS 0x0000000092900000| PB 0x0000000092900000| Untracked 
| 298|0x0000000092a00000, 0x0000000092a00000, 0x0000000092b00000|  0%| F|  |TAMS 0x0000000092a00000| PB 0x0000000092a00000| Untracked 
| 299|0x0000000092b00000, 0x0000000092b00000, 0x0000000092c00000|  0%| F|  |TAMS 0x0000000092b00000| PB 0x0000000092b00000| Untracked 
| 300|0x0000000092c00000, 0x0000000092c00000, 0x0000000092d00000|  0%| F|  |TAMS 0x0000000092c00000| PB 0x0000000092c00000| Untracked 
| 301|0x0000000092d00000, 0x0000000092d00000, 0x0000000092e00000|  0%| F|  |TAMS 0x0000000092d00000| PB 0x0000000092d00000| Untracked 
| 302|0x0000000092e00000, 0x0000000092e983d8, 0x0000000092f00000| 59%| E|  |TAMS 0x0000000092e00000| PB 0x0000000092e00000| Complete 
| 303|0x0000000092f00000, 0x0000000093000000, 0x0000000093000000|100%| E|CS|TAMS 0x0000000092f00000| PB 0x0000000092f00000| Complete 
| 304|0x0000000093000000, 0x0000000093100000, 0x0000000093100000|100%| E|CS|TAMS 0x0000000093000000| PB 0x0000000093000000| Complete 
| 305|0x0000000093100000, 0x0000000093200000, 0x0000000093200000|100%| E|  |TAMS 0x0000000093100000| PB 0x0000000093100000| Complete 
| 306|0x0000000093200000, 0x0000000093300000, 0x0000000093300000|100%| E|CS|TAMS 0x0000000093200000| PB 0x0000000093200000| Complete 
| 307|0x0000000093300000, 0x0000000093400000, 0x0000000093400000|100%| E|CS|TAMS 0x0000000093300000| PB 0x0000000093300000| Complete 
| 308|0x0000000093400000, 0x0000000093500000, 0x0000000093500000|100%| E|CS|TAMS 0x0000000093400000| PB 0x0000000093400000| Complete 
| 309|0x0000000093500000, 0x0000000093600000, 0x0000000093600000|100%| E|CS|TAMS 0x0000000093500000| PB 0x0000000093500000| Complete 
| 310|0x0000000093600000, 0x0000000093700000, 0x0000000093700000|100%| E|CS|TAMS 0x0000000093600000| PB 0x0000000093600000| Complete 
| 311|0x0000000093700000, 0x0000000093800000, 0x0000000093800000|100%| E|CS|TAMS 0x0000000093700000| PB 0x0000000093700000| Complete 
| 312|0x0000000093800000, 0x0000000093900000, 0x0000000093900000|100%| E|CS|TAMS 0x0000000093800000| PB 0x0000000093800000| Complete 
| 313|0x0000000093900000, 0x0000000093a00000, 0x0000000093a00000|100%| E|CS|TAMS 0x0000000093900000| PB 0x0000000093900000| Complete 
| 314|0x0000000093a00000, 0x0000000093b00000, 0x0000000093b00000|100%| E|CS|TAMS 0x0000000093a00000| PB 0x0000000093a00000| Complete 
| 315|0x0000000093b00000, 0x0000000093c00000, 0x0000000093c00000|100%| E|CS|TAMS 0x0000000093b00000| PB 0x0000000093b00000| Complete 
| 316|0x0000000093c00000, 0x0000000093d00000, 0x0000000093d00000|100%| E|CS|TAMS 0x0000000093c00000| PB 0x0000000093c00000| Complete 
| 317|0x0000000093d00000, 0x0000000093e00000, 0x0000000093e00000|100%| E|CS|TAMS 0x0000000093d00000| PB 0x0000000093d00000| Complete 
|2046|0x00000000ffe00000, 0x00000000fff00000, 0x00000000fff00000|100%| O|  |TAMS 0x00000000ffe00000| PB 0x00000000ffe00000| Untracked 
|2047|0x00000000fff00000, 0x0000000100000000, 0x0000000100000000|100%| O|  |TAMS 0x00000000fff00000| PB 0x00000000fff00000| Untracked 

Card table byte_map: [0x00000228ecd30000,0x00000228ed130000] _byte_map_base: 0x00000228ec930000

Marking Bits: (CMBitMap*) 0x00000228da2d6690
 Bits: [0x00000228ed130000, 0x00000228ef130000)

Polling page: 0x00000228d8150000

Metaspace:

Usage:
  Non-class:     56.81 MB used.
      Class:      8.83 MB used.
       Both:     65.64 MB used.

Virtual space:
  Non-class space:       64.00 MB reserved,      57.69 MB ( 90%) committed,  1 nodes.
      Class space:        1.00 GB reserved,       9.69 MB ( <1%) committed,  1 nodes.
             Both:        1.06 GB reserved,      67.38 MB (  6%) committed. 

Chunk freelists:
   Non-Class:  5.97 MB
       Class:  6.23 MB
        Both:  12.20 MB

MaxMetaspaceSize: unlimited
CompressedClassSpaceSize: 1.00 GB
Initial GC threshold: 21.00 MB
Current GC threshold: 104.00 MB
CDS: off
 - commit_granule_bytes: 65536.
 - commit_granule_words: 8192.
 - virtual_space_node_default_size: 8388608.
 - enlarge_chunks_in_place: 1.
 - use_allocation_guard: 0.


Internal statistics:

num_allocs_failed_limit: 6.
num_arena_births: 3070.
num_arena_deaths: 0.
num_vsnodes_births: 2.
num_vsnodes_deaths: 0.
num_space_committed: 1078.
num_space_uncommitted: 0.
num_chunks_returned_to_freelist: 6.
num_chunks_taken_from_freelist: 5806.
num_chunk_merges: 6.
num_chunk_splits: 3771.
num_chunks_enlarged: 2347.
num_inconsistent_stats: 0.

CodeHeap 'non-profiled nmethods': size=120000Kb used=3273Kb max_used=3335Kb free=116726Kb
 bounds [0x00000228e4ea0000, 0x00000228e51f0000, 0x00000228ec3d0000]
CodeHeap 'profiled nmethods': size=120000Kb used=11272Kb max_used=11272Kb free=108727Kb
 bounds [0x00000228dd3d0000, 0x00000228ddee0000, 0x00000228e4900000]
CodeHeap 'non-nmethods': size=5760Kb used=2739Kb max_used=2762Kb free=3020Kb
 bounds [0x00000228e4900000, 0x00000228e4bc0000, 0x00000228e4ea0000]
 total_blobs=6919 nmethods=6035 adapters=788
 compilation: enabled
              stopped_count=0, restarted_count=0
 full_count=0

Compilation events (20 events):
Event: 730.645 Thread 0x00000228f606d550 7177       3       org.gradle.internal.instantiation.generator.AsmBackedClassGenerator$ClassBuilderImpl$$Lambda/0x00000001002db560::transform (8 bytes)
Event: 730.670 Thread 0x00000228f606d550 nmethod 7177 0x00000228dded0d90 code [0x00000228dded0f40, 0x00000228dded1158]
Event: 730.670 Thread 0x00000228f606d550 7178       3       com.google.common.collect.LinkedHashMultimap::get (6 bytes)
Event: 730.686 Thread 0x00000228f606d550 nmethod 7178 0x00000228dded1210 code [0x00000228dded1400, 0x00000228dded19b8]
Event: 730.686 Thread 0x00000228f606d550 7179       3       com.google.common.collect.AbstractSetMultimap::wrapCollection (14 bytes)
Event: 730.686 Thread 0x00000228f606d550 nmethod 7179 0x00000228dded1b90 code [0x00000228dded1d40, 0x00000228dded1fe8]
Event: 730.758 Thread 0x00000228f609b0f0 nmethod 7176 0x00000228e509ad10 code [0x00000228e509af00, 0x00000228e509bc30]
Event: 730.765 Thread 0x00000228f609b0f0 7180       4       org.objectweb.asm.Frame::pop (53 bytes)
Event: 730.986 Thread 0x00000228f609b0f0 nmethod 7180 0x00000228e5099890 code [0x00000228e5099ae0, 0x00000228e509a4a0]
Event: 731.546 Thread 0x00000228f606d550 7181       3       java.util.TreeMap::compare (32 bytes)
Event: 731.548 Thread 0x00000228f606d550 nmethod 7181 0x00000228dded2110 code [0x00000228dded22e0, 0x00000228dded26d8]
Event: 731.680 Thread 0x00000228f609b0f0 7182       4       sun.management.spi.PlatformMBeanProvider$PlatformComponent$$Lambda/0x0000000100138528::apply (9 bytes)
Event: 731.683 Thread 0x00000228f609b0f0 nmethod 7182 0x00000228e5099510 code [0x00000228e50996a0, 0x00000228e50997b0]
Event: 732.797 Thread 0x00000228f609b0f0 7183       4       java.util.concurrent.LinkedBlockingDeque$Itr::nextNode (5 bytes)
Event: 732.809 Thread 0x00000228f609b0f0 nmethod 7183 0x00000228e5099210 code [0x00000228e50993a0, 0x00000228e5099440]
Event: 732.818 Thread 0x00000228f606d550 7184       3       java.util.LinkedList::addAll (182 bytes)
Event: 732.821 Thread 0x00000228f606d550 nmethod 7184 0x00000228dded2810 code [0x00000228dded2a80, 0x00000228dded3568]
Event: 732.839 Thread 0x00000228f606d550 7185   !   3       java.io.FileInputStream::close (69 bytes)
Event: 732.842 Thread 0x00000228f606d550 nmethod 7185 0x00000228dded3a10 code [0x00000228dded3c00, 0x00000228dded4130]
Event: 733.263 Thread 0x00000228f609b0f0 7186       4       org.gradle.internal.service.DefaultServiceRegistry$ClassInspector::getDetailsForClass (50 bytes)

GC Heap History (20 events):
Event: 632.724 GC heap before
{Heap before GC invocations=22 (full 0):
 garbage-first heap   total 142336K, used 80119K [0x0000000080000000, 0x0000000100000000)
  region size 1024K, 6 young (6144K), 1 survivors (1024K)
 Metaspace       used 57362K, committed 58880K, reserved 1114112K
  class space    used 7754K, committed 8512K, reserved 1048576K
}
Event: 632.762 GC heap after
{Heap after GC invocations=23 (full 0):
 garbage-first heap   total 142336K, used 75175K [0x0000000080000000, 0x0000000100000000)
  region size 1024K, 1 young (1024K), 1 survivors (1024K)
 Metaspace       used 57362K, committed 58880K, reserved 1114112K
  class space    used 7754K, committed 8512K, reserved 1048576K
}
Event: 645.123 GC heap before
{Heap before GC invocations=23 (full 0):
 garbage-first heap   total 142336K, used 79271K [0x0000000080000000, 0x0000000100000000)
  region size 1024K, 6 young (6144K), 1 survivors (1024K)
 Metaspace       used 57848K, committed 59456K, reserved 1114112K
  class space    used 7790K, committed 8576K, reserved 1048576K
}
Event: 645.298 GC heap after
{Heap after GC invocations=24 (full 0):
 garbage-first heap   total 142336K, used 75404K [0x0000000080000000, 0x0000000100000000)
  region size 1024K, 1 young (1024K), 1 survivors (1024K)
 Metaspace       used 57848K, committed 59456K, reserved 1114112K
  class space    used 7790K, committed 8576K, reserved 1048576K
}
Event: 645.612 GC heap before
{Heap before GC invocations=24 (full 0):
 garbage-first heap   total 142336K, used 75404K [0x0000000080000000, 0x0000000100000000)
  region size 1024K, 3 young (3072K), 1 survivors (1024K)
 Metaspace       used 57910K, committed 59520K, reserved 1114112K
  class space    used 7795K, committed 8576K, reserved 1048576K
}
Event: 645.715 GC heap after
{Heap after GC invocations=25 (full 0):
 garbage-first heap   total 142336K, used 75745K [0x0000000080000000, 0x0000000100000000)
  region size 1024K, 1 young (1024K), 1 survivors (1024K)
 Metaspace       used 57910K, committed 59520K, reserved 1114112K
  class space    used 7795K, committed 8576K, reserved 1048576K
}
Event: 650.542 GC heap before
{Heap before GC invocations=26 (full 0):
 garbage-first heap   total 142336K, used 80865K [0x0000000080000000, 0x0000000100000000)
  region size 1024K, 6 young (6144K), 1 survivors (1024K)
 Metaspace       used 59216K, committed 60864K, reserved 1114112K
  class space    used 7881K, committed 8704K, reserved 1048576K
}
Event: 650.562 GC heap after
{Heap after GC invocations=27 (full 0):
 garbage-first heap   total 171008K, used 74466K [0x0000000080000000, 0x0000000100000000)
  region size 1024K, 1 young (1024K), 1 survivors (1024K)
 Metaspace       used 59216K, committed 60864K, reserved 1114112K
  class space    used 7881K, committed 8704K, reserved 1048576K
}
Event: 651.432 GC heap before
{Heap before GC invocations=27 (full 0):
 garbage-first heap   total 171008K, used 80610K [0x0000000080000000, 0x0000000100000000)
  region size 1024K, 8 young (8192K), 1 survivors (1024K)
 Metaspace       used 59456K, committed 61120K, reserved 1114112K
  class space    used 7914K, committed 8768K, reserved 1048576K
}
Event: 651.470 GC heap after
{Heap after GC invocations=28 (full 0):
 garbage-first heap   total 171008K, used 73752K [0x0000000080000000, 0x0000000100000000)
  region size 1024K, 1 young (1024K), 1 survivors (1024K)
 Metaspace       used 59456K, committed 61120K, reserved 1114112K
  class space    used 7914K, committed 8768K, reserved 1048576K
}
Event: 651.544 GC heap before
{Heap before GC invocations=28 (full 0):
 garbage-first heap   total 171008K, used 80920K [0x0000000080000000, 0x0000000100000000)
  region size 1024K, 8 young (8192K), 1 survivors (1024K)
 Metaspace       used 59456K, committed 61120K, reserved 1114112K
  class space    used 7914K, committed 8768K, reserved 1048576K
}
Event: 651.565 GC heap after
{Heap after GC invocations=29 (full 0):
 garbage-first heap   total 171008K, used 73121K [0x0000000080000000, 0x0000000100000000)
  region size 1024K, 1 young (1024K), 1 survivors (1024K)
 Metaspace       used 59456K, committed 61120K, reserved 1114112K
  class space    used 7914K, committed 8768K, reserved 1048576K
}
Event: 676.337 GC heap before
{Heap before GC invocations=29 (full 0):
 garbage-first heap   total 171008K, used 105889K [0x0000000080000000, 0x0000000100000000)
  region size 1024K, 34 young (34816K), 1 survivors (1024K)
 Metaspace       used 62129K, committed 63808K, reserved 1114112K
  class space    used 8303K, committed 9152K, reserved 1048576K
}
Event: 676.539 GC heap after
{Heap after GC invocations=30 (full 0):
 garbage-first heap   total 171008K, used 74061K [0x0000000080000000, 0x0000000100000000)
  region size 1024K, 2 young (2048K), 2 survivors (2048K)
 Metaspace       used 62129K, committed 63808K, reserved 1114112K
  class space    used 8303K, committed 9152K, reserved 1048576K
}
Event: 684.922 GC heap before
{Heap before GC invocations=31 (full 0):
 garbage-first heap   total 171008K, used 84301K [0x0000000080000000, 0x0000000100000000)
  region size 1024K, 12 young (12288K), 2 survivors (2048K)
 Metaspace       used 63633K, committed 65280K, reserved 1114112K
  class space    used 8499K, committed 9344K, reserved 1048576K
}
Event: 685.157 GC heap after
{Heap after GC invocations=32 (full 0):
 garbage-first heap   total 171008K, used 74551K [0x0000000080000000, 0x0000000100000000)
  region size 1024K, 2 young (2048K), 2 survivors (2048K)
 Metaspace       used 63633K, committed 65280K, reserved 1114112K
  class space    used 8499K, committed 9344K, reserved 1048576K
}
Event: 697.718 GC heap before
{Heap before GC invocations=32 (full 0):
 garbage-first heap   total 171008K, used 79671K [0x0000000080000000, 0x0000000100000000)
  region size 1024K, 8 young (8192K), 2 survivors (2048K)
 Metaspace       used 64224K, committed 65920K, reserved 1114112K
  class space    used 8575K, committed 9408K, reserved 1048576K
}
Event: 698.355 GC heap after
{Heap after GC invocations=33 (full 0):
 garbage-first heap   total 171008K, used 74959K [0x0000000080000000, 0x0000000100000000)
  region size 1024K, 1 young (1024K), 1 survivors (1024K)
 Metaspace       used 64224K, committed 65920K, reserved 1114112K
  class space    used 8575K, committed 9408K, reserved 1048576K
}
Event: 710.845 GC heap before
{Heap before GC invocations=33 (full 0):
 garbage-first heap   total 171008K, used 82127K [0x0000000080000000, 0x0000000100000000)
  region size 1024K, 8 young (8192K), 1 survivors (1024K)
 Metaspace       used 65126K, committed 66816K, reserved 1114112K
  class space    used 8742K, committed 9600K, reserved 1048576K
}
Event: 711.024 GC heap after
{Heap after GC invocations=34 (full 0):
 garbage-first heap   total 327680K, used 74702K [0x0000000080000000, 0x0000000100000000)
  region size 1024K, 1 young (1024K), 1 survivors (1024K)
 Metaspace       used 65126K, committed 66816K, reserved 1114112K
  class space    used 8742K, committed 9600K, reserved 1048576K
}

Dll operation events (3 events):
Event: 0.081 Loaded shared library C:\Program Files\Android\Android Studio1\jbr\bin\java.dll
Event: 0.112 Loaded shared library C:\Program Files\Android\Android Studio1\jbr\bin\zip.dll
Event: 6.690 Loaded shared library C:\Program Files\Android\Android Studio1\jbr\bin\verify.dll

Deoptimization events (20 events):
Event: 722.652 Thread 0x00000228f7033cb0 Uncommon trap: trap_request=0xffffffd6 fr.pc=0x00000228e50ebb2c relative=0x00000000000006ec
Event: 722.652 Thread 0x00000228f7033cb0 Uncommon trap: reason=array_check action=maybe_recompile pc=0x00000228e50ebb2c method=java.util.ComparableTimSort.reverseRange([Ljava/lang/Object;II)V @ 20 c2
Event: 722.652 Thread 0x00000228f7033cb0 DEOPT PACKING pc=0x00000228e50ebb2c sp=0x000000f2d1efe5c0
Event: 722.657 Thread 0x00000228f7033cb0 DEOPT UNPACKING pc=0x00000228e49546a2 sp=0x000000f2d1efe570 mode 2
Event: 722.657 Thread 0x00000228f7033cb0 Uncommon trap: trap_request=0xffffffd6 fr.pc=0x00000228e50ebb2c relative=0x00000000000006ec
Event: 722.657 Thread 0x00000228f7033cb0 Uncommon trap: reason=array_check action=maybe_recompile pc=0x00000228e50ebb2c method=java.util.ComparableTimSort.reverseRange([Ljava/lang/Object;II)V @ 20 c2
Event: 722.657 Thread 0x00000228f7033cb0 DEOPT PACKING pc=0x00000228e50ebb2c sp=0x000000f2d1efe5c0
Event: 722.657 Thread 0x00000228f7033cb0 DEOPT UNPACKING pc=0x00000228e49546a2 sp=0x000000f2d1efe570 mode 2
Event: 722.657 Thread 0x00000228f7033cb0 Uncommon trap: trap_request=0xffffffd6 fr.pc=0x00000228e50ebb2c relative=0x00000000000006ec
Event: 722.657 Thread 0x00000228f7033cb0 Uncommon trap: reason=array_check action=maybe_recompile pc=0x00000228e50ebb2c method=java.util.ComparableTimSort.reverseRange([Ljava/lang/Object;II)V @ 20 c2
Event: 722.657 Thread 0x00000228f7033cb0 DEOPT PACKING pc=0x00000228e50ebb2c sp=0x000000f2d1efe5c0
Event: 722.657 Thread 0x00000228f7033cb0 DEOPT UNPACKING pc=0x00000228e49546a2 sp=0x000000f2d1efe570 mode 2
Event: 722.657 Thread 0x00000228f7033cb0 Uncommon trap: trap_request=0xffffffd6 fr.pc=0x00000228e50ebb2c relative=0x00000000000006ec
Event: 722.657 Thread 0x00000228f7033cb0 Uncommon trap: reason=array_check action=maybe_recompile pc=0x00000228e50ebb2c method=java.util.ComparableTimSort.reverseRange([Ljava/lang/Object;II)V @ 20 c2
Event: 722.657 Thread 0x00000228f7033cb0 DEOPT PACKING pc=0x00000228e50ebb2c sp=0x000000f2d1efe5c0
Event: 722.657 Thread 0x00000228f7033cb0 DEOPT UNPACKING pc=0x00000228e49546a2 sp=0x000000f2d1efe570 mode 2
Event: 730.299 Thread 0x00000228f70349d0 Uncommon trap: trap_request=0xffffff45 fr.pc=0x00000228e51ae630 relative=0x0000000000005c10
Event: 730.306 Thread 0x00000228f70349d0 Uncommon trap: reason=unstable_if action=reinterpret pc=0x00000228e51ae630 method=java.lang.invoke.InvokerBytecodeGenerator.addMethod()V @ 81 c2
Event: 730.308 Thread 0x00000228f70349d0 DEOPT PACKING pc=0x00000228e51ae630 sp=0x000000f2d22f8cc0
Event: 730.311 Thread 0x00000228f70349d0 DEOPT UNPACKING pc=0x00000228e49546a2 sp=0x000000f2d22f8cb0 mode 2

Classes loaded (20 events):
Event: 709.983 Loading class javax/net/ssl/SSLException
Event: 709.994 Loading class javax/net/ssl/SSLException done
Event: 710.054 Loading class javax/net/ssl/SSLPeerUnverifiedException
Event: 710.056 Loading class javax/net/ssl/SSLPeerUnverifiedException done
Event: 710.059 Loading class java/security/cert/CertificateParsingException
Event: 710.065 Loading class java/security/cert/CertificateException
Event: 710.067 Loading class java/security/cert/CertificateException done
Event: 710.067 Loading class java/security/cert/CertificateParsingException done
Event: 710.071 Loading class javax/naming/NamingException
Event: 710.086 Loading class javax/naming/NamingException done
Event: 710.087 Loading class javax/naming/InvalidNameException
Event: 710.089 Loading class javax/naming/InvalidNameException done
Event: 714.142 Loading class java/nio/channels/Channels$ReadableByteChannelImpl
Event: 714.150 Loading class java/nio/channels/Channels$ReadableByteChannelImpl done
Event: 715.881 Loading class java/util/EmptyStackException
Event: 715.899 Loading class java/util/EmptyStackException done
Event: 716.511 Loading class java/io/InvalidClassException
Event: 716.515 Loading class java/io/InvalidClassException done
Event: 721.526 Loading class java/util/Comparators$NaturalOrderComparator
Event: 721.612 Loading class java/util/Comparators$NaturalOrderComparator done

Classes unloaded (0 events):
No events

Classes redefined (0 events):
No events

Internal exceptions (20 events):
Event: 626.687 Thread 0x00000228f70349d0 Exception <a 'java/lang/ClassNotFoundException'{0x00000000885f7ff8}: com/intellij/gradle/toolingExtension/impl/modelBuilder/ExtraModelBuilderBeanInfo> (0x00000000885f7ff8) 
thrown [s\src\hotspot\share\classfile\systemDictionary.cpp, line 312]
Event: 626.689 Thread 0x00000228f70349d0 Exception <a 'java/lang/ClassNotFoundException'{0x0000000088403f88}: com/intellij/gradle/toolingExtension/impl/modelBuilder/ExtraModelBuilderCustomizer> (0x0000000088403f88) 
thrown [s\src\hotspot\share\classfile\systemDictionary.cpp, line 312]
Event: 649.058 Thread 0x00000228f70349d0 Exception <a 'java/lang/IncompatibleClassChangeError'{0x0000000088481130}: Found class java.lang.Object, but interface was expected> (0x0000000088481130) 
thrown [s\src\hotspot\share\interpreter\linkResolver.cpp, line 851]
Event: 649.218 Thread 0x00000228f70349d0 Exception <a 'sun/nio/fs/WindowsException'{0x00000000884aaec0}> (0x00000000884aaec0) 
thrown [s\src\hotspot\share\prims\jni.cpp, line 535]
Event: 649.228 Thread 0x00000228f70349d0 Exception <a 'sun/nio/fs/WindowsException'{0x00000000884ac680}> (0x00000000884ac680) 
thrown [s\src\hotspot\share\prims\jni.cpp, line 535]
Event: 649.238 Thread 0x00000228f70349d0 Exception <a 'sun/nio/fs/WindowsException'{0x00000000884ade00}> (0x00000000884ade00) 
thrown [s\src\hotspot\share\prims\jni.cpp, line 535]
Event: 649.239 Thread 0x00000228f70349d0 Exception <a 'sun/nio/fs/WindowsException'{0x00000000884af1a8}> (0x00000000884af1a8) 
thrown [s\src\hotspot\share\prims\jni.cpp, line 535]
Event: 649.451 Thread 0x00000228f70349d0 Exception <a 'java/lang/NoSuchMethodError'{0x00000000884c0278}: 'java.lang.Object java.lang.invoke.Invokers$Holder.invoker(java.lang.Object, java.lang.Object, java.lang.Object, java.lang.Object, java.lang.Object, java.lang.Object)'> (0x00000000884c0278) 
thrown [s\src\hotspot\share\interpreter\linkResolver.cpp, line 784]
Event: 650.530 Thread 0x00000228f70349d0 Exception <a 'java/lang/NoSuchMethodError'{0x00000000883c4678}: 'java.lang.Object java.lang.invoke.Invokers$Holder.invoker(java.lang.Object, java.lang.Object, java.lang.Object, java.lang.Object, java.lang.Object, java.lang.Object, java.lang.Object, java.lang.Object, java.lang.Object, java.lang.Object, java.lang.Object, java.lang.Object, java.lang.Object, java.lang.Object, java.lang.Object, java.lang.Object, java.lang.Object, java.lang.Object, java.lang.Object, java.lang.Object, java.lang.Object, java.lang.
Event: 650.533 Thread 0x00000228f70349d0 Exception <a 'java/lang/NoSuchMethodError'{0x00000000883cb208}: 'java.lang.Object java.lang.invoke.DelegatingMethodHandle$Holder.delegate(java.lang.Object, java.lang.Object, java.lang.Object, java.lang.Object, java.lang.Object, java.lang.Object, java.lang.Object, java.lang.Object, java.lang.Object, java.lang.Object, java.lang.Object, java.lang.Object, java.lang.Object, java.lang.Object, java.lang.Object, java.lang.Object, java.lang.Object, java.lang.Object, java.lang.Object, java.lang.Object, java.lang.Obj
Event: 665.825 Thread 0x00000228f70349d0 Exception <a 'java/lang/IncompatibleClassChangeError'{0x0000000088f52000}: Found class java.lang.Object, but interface was expected> (0x0000000088f52000) 
thrown [s\src\hotspot\share\interpreter\linkResolver.cpp, line 851]
Event: 703.704 Thread 0x00000228f7c47920 Exception <a 'java/lang/NoSuchMethodError'{0x000000008a1303f8}: static Lorg/gradle/internal/build/event/types/DefaultOperationStartedProgressEvent;.<clinit>()V> (0x000000008a1303f8) 
thrown [s\src\hotspot\share\prims\jni.cpp, line 1139]
Event: 703.744 Thread 0x00000228f7c47920 Exception <a 'java/lang/NoSuchMethodError'{0x000000008a131eb8}: static Lorg/gradle/internal/build/event/types/AbstractProgressEvent;.<clinit>()V> (0x000000008a131eb8) 
thrown [s\src\hotspot\share\prims\jni.cpp, line 1139]
Event: 703.751 Thread 0x00000228f7c47920 Exception <a 'java/lang/NoSuchMethodError'{0x000000008a146df0}: static Lorg/gradle/internal/build/event/types/DefaultBuildPhaseDescriptor;.<clinit>()V> (0x000000008a146df0) 
thrown [s\src\hotspot\share\prims\jni.cpp, line 1139]
Event: 703.751 Thread 0x00000228f7c47920 Exception <a 'java/lang/NoSuchMethodError'{0x000000008a14a9a8}: static Lorg/gradle/internal/build/event/types/DefaultOperationDescriptor;.<clinit>()V> (0x000000008a14a9a8) 
thrown [s\src\hotspot\share\prims\jni.cpp, line 1139]
Event: 703.942 Thread 0x00000228f7c47920 Exception <a 'java/lang/NoSuchMethodError'{0x000000008a165ea8}: static Lorg/gradle/internal/operations/OperationIdentifier;.<clinit>()V> (0x000000008a165ea8) 
thrown [s\src\hotspot\share\prims\jni.cpp, line 1139]
Event: 712.978 Thread 0x00000228f70349d0 Exception <a 'sun/nio/fs/WindowsException'{0x0000000093cded10}> (0x0000000093cded10) 
thrown [s\src\hotspot\share\prims\jni.cpp, line 535]
Event: 713.011 Thread 0x00000228f70349d0 Exception <a 'sun/nio/fs/WindowsException'{0x0000000093ce0410}> (0x0000000093ce0410) 
thrown [s\src\hotspot\share\prims\jni.cpp, line 535]
Event: 713.288 Thread 0x00000228f70349d0 Exception <a 'sun/nio/fs/WindowsException'{0x0000000093ced388}> (0x0000000093ced388) 
thrown [s\src\hotspot\share\prims\jni.cpp, line 535]
Event: 720.218 Thread 0x00000228f70349d0 Exception <a 'java/lang/NoSuchMethodError'{0x0000000093463328}: 'void java.lang.invoke.DirectMethodHandle$Holder.invokeStatic(java.lang.Object, java.lang.Object, java.lang.Object, java.lang.Object, java.lang.Object, java.lang.Object, java.lang.Object)'> (0x0000000093463328) 
thrown [s\src\hotspot\share\interpreter\linkResolver.cpp, line 784]

ZGC Phase Switch (0 events):
No events

VM Operations (20 events):
Event: 718.552 Executing VM operation: HandshakeAllThreads (Deoptimize)
Event: 718.613 Executing VM operation: HandshakeAllThreads (Deoptimize) done
Event: 719.626 Executing VM operation: Cleanup
Event: 719.877 Executing VM operation: Cleanup done
Event: 720.891 Executing VM operation: Cleanup
Event: 721.016 Executing VM operation: Cleanup done
Event: 722.265 Executing VM operation: HandshakeAllThreads (Deoptimize)
Event: 722.275 Executing VM operation: HandshakeAllThreads (Deoptimize) done
Event: 722.275 Executing VM operation: Cleanup
Event: 722.275 Executing VM operation: Cleanup done
Event: 723.288 Executing VM operation: Cleanup
Event: 723.288 Executing VM operation: Cleanup done
Event: 730.341 Executing VM operation: Cleanup
Event: 730.419 Executing VM operation: Cleanup done
Event: 731.433 Executing VM operation: Cleanup
Event: 731.479 Executing VM operation: Cleanup done
Event: 732.492 Executing VM operation: Cleanup
Event: 732.507 Executing VM operation: Cleanup done
Event: 733.727 Executing VM operation: Cleanup
Event: 734.351 Executing VM operation: Cleanup done

Memory protections (0 events):
No events

Nmethod flushes (20 events):
Event: 677.757 Thread 0x00000228f1dcb5b0 flushing  nmethod 0x00000228ddb8f810
Event: 677.758 Thread 0x00000228f1dcb5b0 flushing  nmethod 0x00000228ddb8fc90
Event: 677.758 Thread 0x00000228f1dcb5b0 flushing  nmethod 0x00000228dd46b290
Event: 677.758 Thread 0x00000228f1dcb5b0 flushing  nmethod 0x00000228dd5af490
Event: 677.758 Thread 0x00000228f1dcb5b0 flushing  nmethod 0x00000228dd8abb10
Event: 677.759 Thread 0x00000228f1dcb5b0 flushing  nmethod 0x00000228ddad7f90
Event: 677.759 Thread 0x00000228f1dcb5b0 flushing  nmethod 0x00000228dd563810
Event: 677.759 Thread 0x00000228f1dcb5b0 flushing  nmethod 0x00000228dd838490
Event: 677.759 Thread 0x00000228f1dcb5b0 flushing  nmethod 0x00000228dd8d8690
Event: 677.759 Thread 0x00000228f1dcb5b0 flushing  nmethod 0x00000228ddbebe10
Event: 677.759 Thread 0x00000228f1dcb5b0 flushing  nmethod 0x00000228e50e2090
Event: 677.759 Thread 0x00000228f1dcb5b0 flushing  nmethod 0x00000228e50e2790
Event: 677.759 Thread 0x00000228f1dcb5b0 flushing  nmethod 0x00000228ddae0910
Event: 677.759 Thread 0x00000228f1dcb5b0 flushing  nmethod 0x00000228ddb89f10
Event: 677.759 Thread 0x00000228f1dcb5b0 flushing  nmethod 0x00000228ddd4c210
Event: 677.759 Thread 0x00000228f1dcb5b0 flushing  nmethod 0x00000228ddd4da90
Event: 677.759 Thread 0x00000228f1dcb5b0 flushing  nmethod 0x00000228e50e2f10
Event: 677.759 Thread 0x00000228f1dcb5b0 flushing  nmethod 0x00000228e50e9890
Event: 677.759 Thread 0x00000228f1dcb5b0 flushing  nmethod 0x00000228dd810510
Event: 677.759 Thread 0x00000228f1dcb5b0 flushing  nmethod 0x00000228ddc6d590

Events (20 events):
Event: 563.642 Thread 0x00000228f7c499f0 Thread added: 0x00000228f8a7dc70
Event: 563.959 Thread 0x00000228f70349d0 Thread added: 0x00000228f8a80a60
Event: 563.969 Thread 0x00000228f70349d0 Thread added: 0x00000228f8a7d5e0
Event: 590.886 Thread 0x00000228f70349d0 Thread added: 0x00000228f8a810f0
Event: 590.902 Thread 0x00000228f70349d0 Thread added: 0x00000228f8a81780
Event: 590.905 Thread 0x00000228f70349d0 Thread added: 0x00000228f8a81e10
Event: 590.910 Thread 0x00000228f70349d0 Thread added: 0x00000228f7c47fb0
Event: 590.911 Thread 0x00000228f70349d0 Thread added: 0x00000228f9708090
Event: 590.921 Thread 0x00000228f70349d0 Thread added: 0x00000228f9708720
Event: 590.930 Thread 0x00000228f70349d0 Thread added: 0x00000228f9707370
Event: 590.932 Thread 0x00000228f70349d0 Thread added: 0x00000228f9707a00
Event: 592.261 Thread 0x00000228f70349d0 Thread added: 0x00000228f97052a0
Event: 592.263 Thread 0x00000228f70349d0 Thread added: 0x00000228f9705fc0
Event: 592.274 Thread 0x00000228f70349d0 Thread added: 0x00000228f9706ce0
Event: 592.275 Thread 0x00000228f70349d0 Thread added: 0x00000228f9708db0
Event: 592.276 Thread 0x00000228f70349d0 Thread added: 0x00000228f9705930
Event: 592.279 Thread 0x00000228f70349d0 Thread added: 0x00000228f9709440
Event: 592.280 Thread 0x00000228f70349d0 Thread added: 0x00000228f9709ad0
Event: 592.282 Thread 0x00000228f70349d0 Thread added: 0x00000228f9706650
Event: 592.286 Thread 0x00000228f70349d0 Thread added: 0x00000228f970a7f0


Dynamic libraries:
0x00007ff6e5c40000 - 0x00007ff6e5c4a000 	C:\Program Files\Android\Android Studio1\jbr\bin\java.exe
0x00007ffe0e5c0000 - 0x00007ffe0e825000 	C:\WINDOWS\SYSTEM32\ntdll.dll
0x00007ffe0d9a0000 - 0x00007ffe0da69000 	C:\WINDOWS\System32\KERNEL32.DLL
0x00007ffe0bbf0000 - 0x00007ffe0bfd8000 	C:\WINDOWS\System32\KERNELBASE.dll
0x00007ffe0b7d0000 - 0x00007ffe0b91b000 	C:\WINDOWS\System32\ucrtbase.dll
0x00007ffdf2030000 - 0x00007ffdf2048000 	C:\Program Files\Android\Android Studio1\jbr\bin\jli.dll
0x00007ffd9da60000 - 0x00007ffd9da7b000 	C:\Program Files\Android\Android Studio1\jbr\bin\VCRUNTIME140.dll
0x00007ffe0dd70000 - 0x00007ffe0df3a000 	C:\WINDOWS\System32\USER32.dll
0x00007ffe0bfe0000 - 0x00007ffe0c007000 	C:\WINDOWS\System32\win32u.dll
0x00007ffe0e440000 - 0x00007ffe0e46b000 	C:\WINDOWS\System32\GDI32.dll
0x00007ffe0c190000 - 0x00007ffe0c2c7000 	C:\WINDOWS\System32\gdi32full.dll
0x00007ffe0bb40000 - 0x00007ffe0bbe3000 	C:\WINDOWS\System32\msvcp_win.dll
0x00007ffdf0fb0000 - 0x00007ffdf124a000 	C:\WINDOWS\WinSxS\amd64_microsoft.windows.common-controls_6595b64144ccf1df_6.0.26100.4202_none_3e0698d4e335f517\COMCTL32.dll
0x00007ffe0c590000 - 0x00007ffe0c639000 	C:\WINDOWS\System32\msvcrt.dll
0x00007ffe0df40000 - 0x00007ffe0df70000 	C:\WINDOWS\System32\IMM32.DLL
0x00007ffd9dd30000 - 0x00007ffd9dd3c000 	C:\Program Files\Android\Android Studio1\jbr\bin\vcruntime140_1.dll
0x00007ffdf01b0000 - 0x00007ffdf023d000 	C:\Program Files\Android\Android Studio1\jbr\bin\msvcp140.dll
0x00007ffd9b9f0000 - 0x00007ffd9c67b000 	C:\Program Files\Android\Android Studio1\jbr\bin\server\jvm.dll
0x00007ffe0cb40000 - 0x00007ffe0cbf3000 	C:\WINDOWS\System32\ADVAPI32.dll
0x00007ffe0e390000 - 0x00007ffe0e436000 	C:\WINDOWS\System32\sechost.dll
0x00007ffe0da70000 - 0x00007ffe0db85000 	C:\WINDOWS\System32\RPCRT4.dll
0x00007ffe0df80000 - 0x00007ffe0dff4000 	C:\WINDOWS\System32\WS2_32.dll
0x00007ffe0b560000 - 0x00007ffe0b5be000 	C:\WINDOWS\SYSTEM32\POWRPROF.dll
0x00007ffe04d00000 - 0x00007ffe04d35000 	C:\WINDOWS\SYSTEM32\WINMM.dll
0x00007ffe04de0000 - 0x00007ffe04deb000 	C:\WINDOWS\SYSTEM32\VERSION.dll
0x00007ffe0b540000 - 0x00007ffe0b554000 	C:\WINDOWS\SYSTEM32\UMPDC.dll
0x00007ffe0a430000 - 0x00007ffe0a44b000 	C:\WINDOWS\SYSTEM32\kernel.appcore.dll
0x00007ffd9da50000 - 0x00007ffd9da5a000 	C:\Program Files\Android\Android Studio1\jbr\bin\jimage.dll
0x00007ffe00700000 - 0x00007ffe00941000 	C:\WINDOWS\SYSTEM32\DBGHELP.DLL
0x00007ffe0e000000 - 0x00007ffe0e385000 	C:\WINDOWS\System32\combase.dll
0x00007ffe0c460000 - 0x00007ffe0c541000 	C:\WINDOWS\System32\OLEAUT32.dll
0x00007ffdec8c0000 - 0x00007ffdec8f9000 	C:\WINDOWS\SYSTEM32\dbgcore.DLL
0x00007ffe0baa0000 - 0x00007ffe0bb39000 	C:\WINDOWS\System32\bcryptPrimitives.dll
0x00007ffe06620000 - 0x00007ffe0662e000 	C:\Program Files\Android\Android Studio1\jbr\bin\instrument.dll
0x00007ffd9d380000 - 0x00007ffd9d3a0000 	C:\Program Files\Android\Android Studio1\jbr\bin\java.dll
0x00007ffd9d2c0000 - 0x00007ffd9d2d8000 	C:\Program Files\Android\Android Studio1\jbr\bin\zip.dll
0x00007ffe0d250000 - 0x00007ffe0d992000 	C:\WINDOWS\System32\SHELL32.dll
0x00007ffe0b920000 - 0x00007ffe0ba94000 	C:\WINDOWS\System32\wintypes.dll
0x00007ffe09360000 - 0x00007ffe09bb8000 	C:\WINDOWS\SYSTEM32\windows.storage.dll
0x00007ffe0c360000 - 0x00007ffe0c451000 	C:\WINDOWS\System32\SHCORE.dll
0x00007ffe0cad0000 - 0x00007ffe0cb3a000 	C:\WINDOWS\System32\shlwapi.dll
0x00007ffe0b620000 - 0x00007ffe0b64f000 	C:\WINDOWS\SYSTEM32\profapi.dll
0x00007ffd9d2b0000 - 0x00007ffd9d2c0000 	C:\Program Files\Android\Android Studio1\jbr\bin\net.dll
0x00007ffe01fd0000 - 0x00007ffe020ee000 	C:\WINDOWS\SYSTEM32\WINHTTP.dll
0x00007ffe0aa40000 - 0x00007ffe0aaaa000 	C:\WINDOWS\system32\mswsock.dll
0x00007ffd9d290000 - 0x00007ffd9d2a6000 	C:\Program Files\Android\Android Studio1\jbr\bin\nio.dll
0x00007ffe06790000 - 0x00007ffe067a0000 	C:\Program Files\Android\Android Studio1\jbr\bin\verify.dll
0x00007ffdc3d20000 - 0x00007ffdc3d47000 	C:\Users\natas\.gradle\native\c067742578af261105cb4f569cf0c3c89f3d7b1fecec35dd04571415982c5e48\windows-amd64\native-platform.dll
0x00007ffdcfc00000 - 0x00007ffdcfd44000 	C:\Users\natas\.gradle\native\100fb08df4bc3b14c8652ba06237920a3bd2aa13389f12d3474272988ae205f9\windows-amd64\native-platform-file-events.dll
0x00007ffdc9d20000 - 0x00007ffdc9d29000 	C:\Program Files\Android\Android Studio1\jbr\bin\management.dll
0x00007ffdc9d10000 - 0x00007ffdc9d1b000 	C:\Program Files\Android\Android Studio1\jbr\bin\management_ext.dll
0x00007ffe0e570000 - 0x00007ffe0e578000 	C:\WINDOWS\System32\PSAPI.DLL
0x00007ffe0acf0000 - 0x00007ffe0ad0b000 	C:\WINDOWS\SYSTEM32\CRYPTSP.dll
0x00007ffe0a450000 - 0x00007ffe0a48a000 	C:\WINDOWS\system32\rsaenh.dll
0x00007ffe0aae0000 - 0x00007ffe0ab0b000 	C:\WINDOWS\SYSTEM32\USERENV.dll
0x00007ffe0b5f0000 - 0x00007ffe0b616000 	C:\WINDOWS\SYSTEM32\bcrypt.dll
0x00007ffe0ad10000 - 0x00007ffe0ad1c000 	C:\WINDOWS\SYSTEM32\CRYPTBASE.dll
0x00007ffe09ec0000 - 0x00007ffe09ef3000 	C:\WINDOWS\SYSTEM32\IPHLPAPI.DLL
0x00007ffe0dd40000 - 0x00007ffe0dd4a000 	C:\WINDOWS\System32\NSI.dll
0x00007ffdc9d50000 - 0x00007ffdc9d59000 	C:\Program Files\Android\Android Studio1\jbr\bin\extnet.dll
0x00007ffdcad70000 - 0x00007ffdcad78000 	C:\WINDOWS\system32\wshunix.dll

dbghelp: loaded successfully - version: 4.0.5 - missing functions: none
symbol engine: initialized successfully - sym options: 0x614 - pdb path: .;C:\Program Files\Android\Android Studio1\jbr\bin;C:\WINDOWS\SYSTEM32;C:\WINDOWS\WinSxS\amd64_microsoft.windows.common-controls_6595b64144ccf1df_6.0.26100.4202_none_3e0698d4e335f517;C:\Program Files\Android\Android Studio1\jbr\bin\server;C:\Users\natas\.gradle\native\c067742578af261105cb4f569cf0c3c89f3d7b1fecec35dd04571415982c5e48\windows-amd64;C:\Users\natas\.gradle\native\100fb08df4bc3b14c8652ba06237920a3bd2aa13389f12d3474272988ae205f9\windows-amd64

VM Arguments:
jvm_args: --add-opens=java.base/java.lang=ALL-UNNAMED --add-opens=java.base/java.lang.invoke=ALL-UNNAMED --add-opens=java.base/java.util=ALL-UNNAMED --add-opens=java.prefs/java.util.prefs=ALL-UNNAMED --add-exports=jdk.compiler/com.sun.tools.javac.api=ALL-UNNAMED --add-exports=jdk.compiler/com.sun.tools.javac.util=ALL-UNNAMED --add-opens=java.base/java.util=ALL-UNNAMED --add-opens=java.prefs/java.util.prefs=ALL-UNNAMED --add-opens=java.base/java.nio.charset=ALL-UNNAMED --add-opens=java.base/java.net=ALL-UNNAMED --add-opens=java.base/java.util.concurrent.atomic=ALL-UNNAMED --add-opens=java.xml/javax.xml.namespace=ALL-UNNAMED -Xmx2048m -Dfile.encoding=UTF-8 -Duser.country=GB -Duser.language=en -Duser.variant -javaagent:C:\Users\natas\.gradle\wrapper\dists\gradle-8.11.1-bin\bpt9gzteqjrbo1mjrsomdt32c\gradle-8.11.1\lib\agents\gradle-instrumentation-agent-8.11.1.jar 
java_command: org.gradle.launcher.daemon.bootstrap.GradleDaemon 8.11.1
java_class_path (initial): C:\Users\natas\.gradle\wrapper\dists\gradle-8.11.1-bin\bpt9gzteqjrbo1mjrsomdt32c\gradle-8.11.1\lib\gradle-daemon-main-8.11.1.jar
Launcher Type: SUN_STANDARD

[Global flags]
     intx CICompilerCount                          = 4                                         {product} {ergonomic}
     uint ConcGCThreads                            = 3                                         {product} {ergonomic}
     uint G1ConcRefinementThreads                  = 10                                        {product} {ergonomic}
   size_t G1HeapRegionSize                         = 1048576                                   {product} {ergonomic}
    uintx GCDrainStackTargetSize                   = 64                                        {product} {ergonomic}
   size_t InitialHeapSize                          = 123731968                                 {product} {ergonomic}
   size_t MarkStackSize                            = 4194304                                   {product} {ergonomic}
   size_t MaxHeapSize                              = 2147483648                                {product} {command line}
   size_t MaxNewSize                               = 1287651328                                {product} {ergonomic}
   size_t MinHeapDeltaBytes                        = 1048576                                   {product} {ergonomic}
   size_t MinHeapSize                              = 8388608                                   {product} {ergonomic}
    uintx NonNMethodCodeHeapSize                   = 5839372                                {pd product} {ergonomic}
    uintx NonProfiledCodeHeapSize                  = 122909434                              {pd product} {ergonomic}
    uintx ProfiledCodeHeapSize                     = 122909434                              {pd product} {ergonomic}
    uintx ReservedCodeCacheSize                    = 251658240                              {pd product} {ergonomic}
     bool SegmentedCodeCache                       = true                                      {product} {ergonomic}
   size_t SoftMaxHeapSize                          = 2147483648                             {manageable} {ergonomic}
     bool UseCompressedOops                        = true                           {product lp64_product} {ergonomic}
     bool UseG1GC                                  = true                                      {product} {ergonomic}
     bool UseLargePagesIndividualAllocation        = false                                  {pd product} {ergonomic}

Logging:
Log output configuration:
 #0: stdout all=warning uptime,level,tags foldmultilines=false
 #1: stderr all=off uptime,level,tags foldmultilines=false

Environment Variables:
JAVA_HOME=C:\Program Files\Java\jdk-20
PATH=C:\Program Files\Eclipse Adoptium\jdk-17.0.8.101-hotspot\bin;C:\Program Files\Common Files\Oracle\Java\javapath;C:\Program Files (x86)\VMware\VMware Workstation\bin\;C:\windows\system32;C:\windows;C:\windows\System32\Wbem;C:\windows\System32\WindowsPowerShell\v1.0\;C:\windows\System32\OpenSSH\;C:\Program Files\HP\HP One Agent;C:\Program Files\PuTTY\;C:\Program Files\Git\cmd;C:\Program Files\nodejs\;C:\WINDOWS\system32;C:\WINDOWS;C:\WINDOWS\System32\Wbem;C:\WINDOWS\System32\WindowsPowerShell\v1.0\;C:\WINDOWS\System32\OpenSSH\;C:\Program Files (x86)\Windows Kits\10\Windows Performance Toolkit\;C:\Users\natas\AppData\Local\Programs\Python\Python311\Scripts\;C:\Users\natas\AppData\Local\Programs\Python\Python311\;C:\Users\natas\AppData\Local\Microsoft\WindowsApps;C:\Users\natas\OneDrive\Desktop\PyCharm Community Edition 2023.1.1\bin;;C:\Program Files\Java\jdk-20\bin;C:\Users\natas\AppData\Local\Programs\Microsoft VS Code\bin;N:\xampp2\php;C:\Users\natas\AppData\Roaming\npm;C:\Program Files (x86)\Nmap;C:\Users\natas\AppData\Local\Programs\Swift\Runtimes\6.0.3\usr\bin\;C:\Users\natas\AppData\Local\Programs\Swift\Toolchains\6.0.3+Asserts\usr\bin\;C:\Users\natas\AppData\Local\Programs\Swift\Tools\6.0.3\;C:\Swift\bin\Swift for Windows.exe;;C:\Program Files\JetBrains\IntelliJ IDEA 2024.3.5\bin;
USERNAME=penzi
OS=Windows_NT
PROCESSOR_IDENTIFIER=AMD64 Family 25 Model 80 Stepping 0, AuthenticAMD
TMP=C:\Users\natas\AppData\Local\Temp
TEMP=C:\Users\natas\AppData\Local\Temp




Periodic native trim disabled

JNI global refs:
JNI global refs: 27, weak refs: 0

JNI global refs memory usage: 835, weak refs: 201

Process memory usage:
Resident Set Size: 29796K (0% of 7711748K total physical memory with 3448K free physical memory)

OOME stack traces (most recent first):
Classloader memory used:
Loader org.gradle.internal.classloader.VisitableURLClassLoader                         : 34244K
Loader bootstrap                                                                       : 22967K
Loader org.gradle.initialization.MixInLegacyTypesClassLoader                           : 7461K
Loader org.gradle.internal.classloader.VisitableURLClassLoader                         : 850K
Loader org.gradle.internal.classloader.VisitableURLClassLoader$InstrumentingVisitableURLClassLoader: 626K
Loader jdk.internal.loader.ClassLoaders$PlatformClassLoader                            : 514K
Loader jdk.internal.loader.ClassLoaders$AppClassLoader                                 : 232K
Loader jdk.internal.reflect.DelegatingClassLoader                                      : 187K
Loader org.gradle.groovy.scripts.internal.DefaultScriptCompilationHandler$ScriptClassLoader: 91184B
Loader org.codehaus.groovy.runtime.callsite.CallSiteClassLoader                        : 49592B


[error occurred during error reporting (Classloader stats), id 0xe0000001, Out of Memory Error (s\src\hotspot\share\memory\arena.cpp:168)]
---------------  S Y S T E M  ---------------

OS:
 Windows 11 , 64 bit Build 26100 (10.0.26100.4202)
OS uptime: 4 days 1:57 hours
Hyper-V role detected

CPU: total 12 (initial active 12) (12 cores per cpu, 2 threads per core) family 25 model 80 stepping 0 microcode 0xa50000f, cx8, cmov, fxsr, ht, mmx, 3dnowpref, sse, sse2, sse3, ssse3, sse4a, sse4.1, sse4.2, popcnt, lzcnt, tsc, tscinvbit, avx, avx2, aes, erms, clmul, bmi1, bmi2, adx, sha, fma, vzeroupper, clflush, clflushopt, hv, rdtscp, rdpid, fsrm, f16c, cet_ss
Processor Information for the first 12 processors :
  Max Mhz: 2301, Current Mhz: 1851, Mhz Limit: 2301

Memory: 4k page, system-wide physical 7531M (5M free)
TotalPageFile size 31083M (AvailPageFile size 0M)
current process WorkingSet (physical memory assigned to process): 28M, peak: 150M
current process commit charge ("private bytes"): 539M, peak: 542M

vm_info: OpenJDK 64-Bit Server VM (21.0.6+-13368085-b895.109) for windows-amd64 JRE (21.0.6+-13368085-b895.109), built on 2025-04-16T17:01:31Z by "builder" with MS VC++ 16.10 / 16.11 (VS2019)

END.
