#
# There is insufficient memory for the Java Runtime Environment to continue.
# Native memory allocation (malloc) failed to allocate 65552 bytes. Error detail: Chunk::new
# Possible reasons:
#   The system is out of physical RAM or swap space
#   This process is running with CompressedOops enabled, and the Java Heap may be blocking the growth of the native heap
# Possible solutions:
#   Reduce memory load on the system
#   Increase physical memory or swap space
#   Check if swap backing store is full
#   Decrease Java heap size (-Xmx/-Xms)
#   Decrease number of Java threads
#   Decrease Java thread stack sizes (-Xss)
#   Set larger code cache with -XX:ReservedCodeCacheSize=
#   JVM is running with Unscaled Compressed Oops mode in which the Java heap is
#     placed in the first 4GB address space. The Java Heap base address is the
#     maximum limit for the native heap growth. Please use -XX:HeapBaseMinAddress
#     to set the Java Heap base and to place the Java Heap above 4GB virtual address.
# This output file may be truncated or incomplete.
#
#  Out of Memory Error (arena.cpp:168), pid=1180, tid=36576
#
# JRE version: OpenJDK Runtime Environment (21.0.6) (build 21.0.6+-13368085-b895.109)
# Java VM: OpenJDK 64-Bit Server VM (21.0.6+-13368085-b895.109, mixed mode, tiered, compressed oops, compressed class ptrs, g1 gc, windows-amd64)
# No core dump will be written. Minidumps are not enabled by default on client versions of Windows
#

---------------  S U M M A R Y ------------

Command Line: --add-opens=java.base/java.lang=ALL-UNNAMED --add-opens=java.base/java.lang.invoke=ALL-UNNAMED --add-opens=java.base/java.util=ALL-UNNAMED --add-opens=java.prefs/java.util.prefs=ALL-UNNAMED --add-exports=jdk.compiler/com.sun.tools.javac.api=ALL-UNNAMED --add-exports=jdk.compiler/com.sun.tools.javac.util=ALL-UNNAMED --add-opens=java.base/java.util=ALL-UNNAMED --add-opens=java.prefs/java.util.prefs=ALL-UNNAMED --add-opens=java.base/java.nio.charset=ALL-UNNAMED --add-opens=java.base/java.net=ALL-UNNAMED --add-opens=java.base/java.util.concurrent.atomic=ALL-UNNAMED --add-opens=java.xml/javax.xml.namespace=ALL-UNNAMED -Xmx2048m -Dfile.encoding=UTF-8 -Duser.country=GB -Duser.language=en -Duser.variant -javaagent:C:\Users\natas\.gradle\wrapper\dists\gradle-8.11.1-bin\bpt9gzteqjrbo1mjrsomdt32c\gradle-8.11.1\lib\agents\gradle-instrumentation-agent-8.11.1.jar org.gradle.launcher.daemon.bootstrap.GradleDaemon 8.11.1

Host: AMD Ryzen 5 5625U with Radeon Graphics         , 12 cores, 7G,  Windows 11 , 64 bit Build 26100 (10.0.26100.4202)
Time: Fri Jul  4 20:32:26 2025 E. Africa Standard Time elapsed time: 735.370234 seconds (0d 0h 12m 15s)

---------------  T H R E A D  ---------------

Current thread (0x0000028f498a5070):  JavaThread "C2 CompilerThread0" daemon [_thread_in_native, id=36576, stack(0x000000cadfe00000,0x000000cadff00000) (1024K)]


Current CompileTask:
C2:735370 7226   !   4       java.net.URLClassLoader::findClass (47 bytes)

Stack: [0x000000cadfe00000,0x000000cadff00000]
Native frames: (J=compiled Java code, j=interpreted, Vv=VM code, C=native code)
V  [jvm.dll+0x6d0639]
V  [jvm.dll+0x85eb03]
V  [jvm.dll+0x86105e]
V  [jvm.dll+0x861743]
V  [jvm.dll+0x27e6e6]
V  [jvm.dll+0xbff6d]
V  [jvm.dll+0xc04a3]
V  [jvm.dll+0xc0095]
V  [jvm.dll+0x6ad4cc]
V  [jvm.dll+0xce016]
V  [jvm.dll+0x39c157]
V  [jvm.dll+0x39a0c6]
V  [jvm.dll+0x5c4f5c]
V  [jvm.dll+0x5d3194]
V  [jvm.dll+0x5bbb45]
V  [jvm.dll+0x2f1984]
V  [jvm.dll+0x6eab46]
V  [jvm.dll+0x6e2d9b]
V  [jvm.dll+0x6e2242]
V  [jvm.dll+0x6e040a]
V  [jvm.dll+0x1c90dc]
V  [jvm.dll+0x2f1984]
V  [jvm.dll+0x6eab46]
V  [jvm.dll+0x6e2d9b]
V  [jvm.dll+0x6e2242]
V  [jvm.dll+0x6e040a]
V  [jvm.dll+0x1c90dc]
V  [jvm.dll+0x2f1984]
V  [jvm.dll+0x6eab46]
V  [jvm.dll+0x6e2d9b]
V  [jvm.dll+0x6e2242]
V  [jvm.dll+0x6e040a]
V  [jvm.dll+0x1c90dc]
V  [jvm.dll+0x1c9c8a]
V  [jvm.dll+0x2f1984]
V  [jvm.dll+0x6eab46]
V  [jvm.dll+0x6e2d9b]
V  [jvm.dll+0x6e2242]
V  [jvm.dll+0x6e040a]
V  [jvm.dll+0x1c90dc]
V  [jvm.dll+0x1c9c8a]
V  [jvm.dll+0x2f1984]
V  [jvm.dll+0x6eab46]
V  [jvm.dll+0x6e2d9b]
V  [jvm.dll+0x6e2242]
V  [jvm.dll+0x6e040a]
V  [jvm.dll+0x1c90dc]
V  [jvm.dll+0x1c9c8a]
V  [jvm.dll+0x2f1984]
V  [jvm.dll+0x6eab46]
V  [jvm.dll+0x6e2d9b]
V  [jvm.dll+0x6e2242]
V  [jvm.dll+0x6e040a]
V  [jvm.dll+0x1c90dc]
V  [jvm.dll+0x1c9c8a]
V  [jvm.dll+0x2f1984]
V  [jvm.dll+0x6eab46]
V  [jvm.dll+0x6e2d9b]
V  [jvm.dll+0x6e2242]
V  [jvm.dll+0x6e040a]
V  [jvm.dll+0x1c90dc]
V  [jvm.dll+0x1c9c8a]
V  [jvm.dll+0x2f1984]
V  [jvm.dll+0x6eab46]
V  [jvm.dll+0x6e2d9b]
V  [jvm.dll+0x6e2242]
V  [jvm.dll+0x6e040a]
V  [jvm.dll+0x1c90dc]
V  [jvm.dll+0x1c9c8a]
V  [jvm.dll+0x2f1984]
V  [jvm.dll+0x6eab46]
V  [jvm.dll+0x6e2d9b]
V  [jvm.dll+0x6e2242]
V  [jvm.dll+0x6e040a]
V  [jvm.dll+0x1c90dc]
V  [jvm.dll+0x1c9c8a]
V  [jvm.dll+0x2f1984]
V  [jvm.dll+0x6eab46]
V  [jvm.dll+0x6e2d9b]
V  [jvm.dll+0x6e2242]
V  [jvm.dll+0x6e040a]
V  [jvm.dll+0x1c90dc]
V  [jvm.dll+0x1c9c8a]
V  [jvm.dll+0x2f1984]
V  [jvm.dll+0x6eab46]
V  [jvm.dll+0x6e2d9b]
V  [jvm.dll+0x6e2242]
V  [jvm.dll+0x6e040a]
V  [jvm.dll+0x1c90dc]
V  [jvm.dll+0x2f1984]
V  [jvm.dll+0x6eab46]
V  [jvm.dll+0x6e2d9b]
V  [jvm.dll+0x6e2242]
V  [jvm.dll+0x6e040a]
V  [jvm.dll+0x1c90dc]
V  [jvm.dll+0x2f1984]
V  [jvm.dll+0x6eab46]
V  [jvm.dll+0x6e2d9b]
V  [jvm.dll+0x6e2242]
...<more frames>...


---------------  P R O C E S S  ---------------

Threads class SMR info:
_java_thread_list=0x0000028f4faeec90, length=66, elements={
0x0000028f31bbc2b0, 0x0000028f498c0410, 0x0000028f498c0e60, 0x0000028f498c4430,
0x0000028f498c4a90, 0x0000028f498c54e0, 0x0000028f498af570, 0x0000028f498a5070,
0x0000028f498aa500, 0x0000028f499c7670, 0x0000028f49bbb420, 0x0000028f4ec02e80,
0x0000028f4f9dccd0, 0x0000028f4f7b5580, 0x0000028f4e9b6790, 0x0000028f4f5c70e0,
0x0000028f4f6db720, 0x0000028f4f575d60, 0x0000028f4f79a800, 0x0000028f4f797380,
0x0000028f4f797a10, 0x0000028f4f7980a0, 0x0000028f4f798730, 0x0000028f4f798dc0,
0x0000028f4f79a170, 0x0000028f4f8c3950, 0x0000028f4f8c7460, 0x0000028f4f8c4670,
0x0000028f4f8c3fe0, 0x0000028f4f8c5a20, 0x0000028f4f8c5390, 0x0000028f4f8c60b0,
0x0000028f4f8c7af0, 0x0000028f4f8c6740, 0x0000028f4f8c6dd0, 0x0000028f4f8c8180,
0x0000028f4f8c4d00, 0x0000028f4f8c8810, 0x0000028f4f8c8ea0, 0x0000028f4f8c9530,
0x0000028f4f8c9bc0, 0x0000028f4f8ca250, 0x0000028f4f8ca8e0, 0x0000028f4f8caf70,
0x0000028f5103d340, 0x0000028f5103b900, 0x0000028f5103bf90, 0x0000028f5103a550,
0x0000028f5103abe0, 0x0000028f5103f410, 0x0000028f51041b70, 0x0000028f510414e0,
0x0000028f51040e50, 0x0000028f51040130, 0x0000028f5103e6f0, 0x0000028f5103faa0,
0x0000028f5103ed80, 0x0000028f510407c0, 0x0000028f4f799450, 0x0000028f51d6b4e0,
0x0000028f51d69aa0, 0x0000028f51d68060, 0x0000028f51d6bb70, 0x0000028f51d6a130,
0x0000028f51d68d80, 0x0000028f51d6a7c0
}

Java Threads: ( => current thread )
  0x0000028f31bbc2b0 JavaThread "main"                              [_thread_blocked, id=27212, stack(0x000000cadf000000,0x000000cadf100000) (1024K)]
  0x0000028f498c0410 JavaThread "Reference Handler"          daemon [_thread_blocked, id=27864, stack(0x000000cadf800000,0x000000cadf900000) (1024K)]
  0x0000028f498c0e60 JavaThread "Finalizer"                  daemon [_thread_blocked, id=6684, stack(0x000000cadf900000,0x000000cadfa00000) (1024K)]
  0x0000028f498c4430 JavaThread "Signal Dispatcher"          daemon [_thread_blocked, id=38640, stack(0x000000cadfa00000,0x000000cadfb00000) (1024K)]
  0x0000028f498c4a90 JavaThread "Attach Listener"            daemon [_thread_blocked, id=22772, stack(0x000000cadfb00000,0x000000cadfc00000) (1024K)]
  0x0000028f498c54e0 JavaThread "Service Thread"             daemon [_thread_blocked, id=23452, stack(0x000000cadfc00000,0x000000cadfd00000) (1024K)]
  0x0000028f498af570 JavaThread "Monitor Deflation Thread"   daemon [_thread_blocked, id=39440, stack(0x000000cadfd00000,0x000000cadfe00000) (1024K)]
=>0x0000028f498a5070 JavaThread "C2 CompilerThread0"         daemon [_thread_in_native, id=36576, stack(0x000000cadfe00000,0x000000cadff00000) (1024K)]
  0x0000028f498aa500 JavaThread "C1 CompilerThread0"         daemon [_thread_blocked, id=13944, stack(0x000000cadff00000,0x000000cae0000000) (1024K)]
  0x0000028f499c7670 JavaThread "Common-Cleaner"             daemon [_thread_blocked, id=20860, stack(0x000000cae0000000,0x000000cae0100000) (1024K)]
  0x0000028f49bbb420 JavaThread "Notification Thread"        daemon [_thread_blocked, id=40676, stack(0x000000cae0100000,0x000000cae0200000) (1024K)]
  0x0000028f4ec02e80 JavaThread "Daemon health stats"               [_thread_blocked, id=33260, stack(0x000000cae0a00000,0x000000cae0b00000) (1024K)]
  0x0000028f4f9dccd0 JavaThread "Incoming local TCP Connector on port 48199"        [_thread_in_native, id=11672, stack(0x000000cae0c00000,0x000000cae0d00000) (1024K)]
  0x0000028f4f7b5580 JavaThread "Daemon periodic checks"            [_thread_blocked, id=35040, stack(0x000000cae0d00000,0x000000cae0e00000) (1024K)]
  0x0000028f4e9b6790 JavaThread "Daemon"                            [_thread_blocked, id=21156, stack(0x000000cadef00000,0x000000cadf000000) (1024K)]
  0x0000028f4f5c70e0 JavaThread "Handler for socket connection from /127.0.0.1:48199 to /127.0.0.1:48220"        [_thread_in_native, id=26344, stack(0x000000cae0e00000,0x000000cae0f00000) (1024K)]
  0x0000028f4f6db720 JavaThread "Cancel handler"                    [_thread_blocked, id=22032, stack(0x000000cae0f00000,0x000000cae1000000) (1024K)]
  0x0000028f4f575d60 JavaThread "Daemon worker"                     [_thread_in_Java, id=20360, stack(0x000000cae1000000,0x000000cae1100000) (1024K)]
  0x0000028f4f79a800 JavaThread "Asynchronous log dispatcher for DefaultDaemonConnection: socket connection from /127.0.0.1:48199 to /127.0.0.1:48220"        [_thread_blocked, id=38132, stack(0x000000cae1100000,0x000000cae1200000) (1024K)]
  0x0000028f4f797380 JavaThread "Stdin handler"                     [_thread_blocked, id=37624, stack(0x000000cae1200000,0x000000cae1300000) (1024K)]
  0x0000028f4f797a10 JavaThread "Daemon client event forwarder"        [_thread_blocked, id=12024, stack(0x000000cae1300000,0x000000cae1400000) (1024K)]
  0x0000028f4f7980a0 JavaThread "Cache worker for journal cache (C:\Users\natas\.gradle\caches\journal-1)"        [_thread_blocked, id=23100, stack(0x000000cae1600000,0x000000cae1700000) (1024K)]
  0x0000028f4f798730 JavaThread "File lock request listener"        [_thread_in_native, id=37464, stack(0x000000cae1700000,0x000000cae1800000) (1024K)]
  0x0000028f4f798dc0 JavaThread "Cache worker for file hash cache (C:\Users\natas\.gradle\caches\8.11.1\fileHashes)"        [_thread_blocked, id=33672, stack(0x000000cae1800000,0x000000cae1900000) (1024K)]
  0x0000028f4f79a170 JavaThread "Cache worker for file content cache (C:\Users\natas\.gradle\caches\8.11.1\fileContent)"        [_thread_blocked, id=32932, stack(0x000000cae1a00000,0x000000cae1b00000) (1024K)]
  0x0000028f4f8c3950 JavaThread "Cache worker for file hash cache (C:\Users\natas\AndroidStudioProjects\MyApplication3\.gradle\8.11.1\fileHashes)"        [_thread_blocked, id=2692, stack(0x000000cae1b00000,0x000000cae1c00000) (1024K)]
  0x0000028f4f8c7460 JavaThread "Cache worker for Build Output Cleanup Cache (C:\Users\natas\AndroidStudioProjects\MyApplication3\.gradle\buildOutputCleanup)"        [_thread_blocked, id=38180, stack(0x000000cae1c00000,0x000000cae1d00000) (1024K)]
  0x0000028f4f8c4670 JavaThread "File watcher server"        daemon [_thread_in_native, id=11608, stack(0x000000cae1d00000,0x000000cae1e00000) (1024K)]
  0x0000028f4f8c3fe0 JavaThread "File watcher consumer"      daemon [_thread_blocked, id=34848, stack(0x000000cae1e00000,0x000000cae1f00000) (1024K)]
  0x0000028f4f8c5a20 JavaThread "jar transforms"                    [_thread_blocked, id=5736, stack(0x000000cae1f00000,0x000000cae2000000) (1024K)]
  0x0000028f4f8c5390 JavaThread "jar transforms Thread 2"           [_thread_blocked, id=33280, stack(0x000000cae2000000,0x000000cae2100000) (1024K)]
  0x0000028f4f8c60b0 JavaThread "jar transforms Thread 3"           [_thread_blocked, id=26008, stack(0x000000cae2100000,0x000000cae2200000) (1024K)]
  0x0000028f4f8c7af0 JavaThread "jar transforms Thread 4"           [_thread_blocked, id=18428, stack(0x000000cae2200000,0x000000cae2300000) (1024K)]
  0x0000028f4f8c6740 JavaThread "jar transforms Thread 5"           [_thread_blocked, id=21772, stack(0x000000cae2300000,0x000000cae2400000) (1024K)]
  0x0000028f4f8c6dd0 JavaThread "jar transforms Thread 6"           [_thread_blocked, id=36500, stack(0x000000cae2400000,0x000000cae2500000) (1024K)]
  0x0000028f4f8c8180 JavaThread "jar transforms Thread 7"           [_thread_blocked, id=40300, stack(0x000000cae2500000,0x000000cae2600000) (1024K)]
  0x0000028f4f8c4d00 JavaThread "jar transforms Thread 8"           [_thread_blocked, id=5600, stack(0x000000cae2600000,0x000000cae2700000) (1024K)]
  0x0000028f4f8c8810 JavaThread "jar transforms Thread 9"           [_thread_blocked, id=39676, stack(0x000000cae2700000,0x000000cae2800000) (1024K)]
  0x0000028f4f8c8ea0 JavaThread "jar transforms Thread 10"          [_thread_blocked, id=21440, stack(0x000000cae2800000,0x000000cae2900000) (1024K)]
  0x0000028f4f8c9530 JavaThread "jar transforms Thread 11"          [_thread_blocked, id=33196, stack(0x000000cae2900000,0x000000cae2a00000) (1024K)]
  0x0000028f4f8c9bc0 JavaThread "jar transforms Thread 12"          [_thread_blocked, id=34496, stack(0x000000cae2a00000,0x000000cae2b00000) (1024K)]
  0x0000028f4f8ca250 JavaThread "Cache worker for checksums cache (C:\Users\natas\AndroidStudioProjects\MyApplication3\.gradle\8.11.1\checksums)"        [_thread_blocked, id=22648, stack(0x000000cadee00000,0x000000cadef00000) (1024K)]
  0x0000028f4f8ca8e0 JavaThread "Cache worker for cache directory md-rule (C:\Users\natas\.gradle\caches\8.11.1\md-rule)"        [_thread_blocked, id=33648, stack(0x000000cae2b00000,0x000000cae2c00000) (1024K)]
  0x0000028f4f8caf70 JavaThread "Cache worker for cache directory md-supplier (C:\Users\natas\.gradle\caches\8.11.1\md-supplier)"        [_thread_blocked, id=19652, stack(0x000000cae2c00000,0x000000cae2d00000) (1024K)]
  0x0000028f5103d340 JavaThread "Unconstrained build operations"        [_thread_blocked, id=35588, stack(0x000000cae1900000,0x000000cae1a00000) (1024K)]
  0x0000028f5103b900 JavaThread "Unconstrained build operations Thread 2"        [_thread_blocked, id=16604, stack(0x000000cae2d00000,0x000000cae2e00000) (1024K)]
  0x0000028f5103bf90 JavaThread "Unconstrained build operations Thread 3"        [_thread_blocked, id=15096, stack(0x000000cae2f00000,0x000000cae3000000) (1024K)]
  0x0000028f5103a550 JavaThread "Unconstrained build operations Thread 4"        [_thread_blocked, id=38796, stack(0x000000cae3000000,0x000000cae3100000) (1024K)]
  0x0000028f5103abe0 JavaThread "Unconstrained build operations Thread 5"        [_thread_blocked, id=22112, stack(0x000000cae3100000,0x000000cae3200000) (1024K)]
  0x0000028f5103f410 JavaThread "Unconstrained build operations Thread 6"        [_thread_blocked, id=31712, stack(0x000000cae3200000,0x000000cae3300000) (1024K)]
  0x0000028f51041b70 JavaThread "Unconstrained build operations Thread 7"        [_thread_blocked, id=5388, stack(0x000000cae3300000,0x000000cae3400000) (1024K)]
  0x0000028f510414e0 JavaThread "Unconstrained build operations Thread 8"        [_thread_blocked, id=32040, stack(0x000000cae3400000,0x000000cae3500000) (1024K)]
  0x0000028f51040e50 JavaThread "Unconstrained build operations Thread 9"        [_thread_blocked, id=2552, stack(0x000000cae3500000,0x000000cae3600000) (1024K)]
  0x0000028f51040130 JavaThread "Unconstrained build operations Thread 10"        [_thread_blocked, id=5744, stack(0x000000cae3600000,0x000000cae3700000) (1024K)]
  0x0000028f5103e6f0 JavaThread "Unconstrained build operations Thread 11"        [_thread_blocked, id=11920, stack(0x000000cae3700000,0x000000cae3800000) (1024K)]
  0x0000028f5103faa0 JavaThread "Unconstrained build operations Thread 12"        [_thread_blocked, id=35192, stack(0x000000cae3800000,0x000000cae3900000) (1024K)]
  0x0000028f5103ed80 JavaThread "Unconstrained build operations Thread 13"        [_thread_blocked, id=22660, stack(0x000000cae3900000,0x000000cae3a00000) (1024K)]
  0x0000028f510407c0 JavaThread "Unconstrained build operations Thread 14"        [_thread_blocked, id=16536, stack(0x000000cae3a00000,0x000000cae3b00000) (1024K)]
  0x0000028f4f799450 JavaThread "Unconstrained build operations Thread 15"        [_thread_blocked, id=16016, stack(0x000000cae3b00000,0x000000cae3c00000) (1024K)]
  0x0000028f51d6b4e0 JavaThread "Unconstrained build operations Thread 16"        [_thread_blocked, id=29668, stack(0x000000cae3c00000,0x000000cae3d00000) (1024K)]
  0x0000028f51d69aa0 JavaThread "Unconstrained build operations Thread 17"        [_thread_blocked, id=24776, stack(0x000000cae3d00000,0x000000cae3e00000) (1024K)]
  0x0000028f51d68060 JavaThread "Unconstrained build operations Thread 18"        [_thread_blocked, id=38800, stack(0x000000cae3e00000,0x000000cae3f00000) (1024K)]
  0x0000028f51d6bb70 JavaThread "Unconstrained build operations Thread 19"        [_thread_blocked, id=30972, stack(0x000000cae3f00000,0x000000cae4000000) (1024K)]
  0x0000028f51d6a130 JavaThread "Unconstrained build operations Thread 20"        [_thread_blocked, id=34132, stack(0x000000cae4000000,0x000000cae4100000) (1024K)]
  0x0000028f51d68d80 JavaThread "Unconstrained build operations Thread 21"        [_thread_blocked, id=23468, stack(0x000000cae4100000,0x000000cae4200000) (1024K)]
  0x0000028f51d6a7c0 JavaThread "File lock release action executor Thread 4"        [_thread_blocked, id=38552, stack(0x000000cae2e00000,0x000000cae2f00000) (1024K)]
Total: 66

Other Threads:
  0x0000028f496e2a10 VMThread "VM Thread"                           [id=24116, stack(0x000000cadf700000,0x000000cadf800000) (1024K)]
  0x0000028f49686270 WatcherThread "VM Periodic Task Thread"        [id=8984, stack(0x000000cadf600000,0x000000cadf700000) (1024K)]
  0x0000028f31c14da0 WorkerThread "GC Thread#0"                     [id=26912, stack(0x000000cadf100000,0x000000cadf200000) (1024K)]
  0x0000028f4e13cf80 WorkerThread "GC Thread#1"                     [id=30984, stack(0x000000cae0200000,0x000000cae0300000) (1024K)]
  0x0000028f4e400200 WorkerThread "GC Thread#2"                     [id=18028, stack(0x000000cae0300000,0x000000cae0400000) (1024K)]
  0x0000028f4e877ae0 WorkerThread "GC Thread#3"                     [id=36520, stack(0x000000cae0400000,0x000000cae0500000) (1024K)]
  0x0000028f4e0c89c0 WorkerThread "GC Thread#4"                     [id=20004, stack(0x000000cae0500000,0x000000cae0600000) (1024K)]
  0x0000028f4eb682a0 WorkerThread "GC Thread#5"                     [id=26352, stack(0x000000cae0600000,0x000000cae0700000) (1024K)]
  0x0000028f4edb5d60 WorkerThread "GC Thread#6"                     [id=19948, stack(0x000000cae0700000,0x000000cae0800000) (1024K)]
  0x0000028f4edb6100 WorkerThread "GC Thread#7"                     [id=30824, stack(0x000000cae0800000,0x000000cae0900000) (1024K)]
  0x0000028f4efcc270 WorkerThread "GC Thread#8"                     [id=36680, stack(0x000000cae0900000,0x000000cae0a00000) (1024K)]
  0x0000028f4efccd50 WorkerThread "GC Thread#9"                     [id=3564, stack(0x000000cae0b00000,0x000000cae0c00000) (1024K)]
  0x0000028f31c25c90 ConcurrentGCThread "G1 Main Marker"            [id=40576, stack(0x000000cadf200000,0x000000cadf300000) (1024K)]
  0x0000028f31c266a0 WorkerThread "G1 Conc#0"                       [id=20224, stack(0x000000cadf300000,0x000000cadf400000) (1024K)]
  0x0000028f4efcbb30 WorkerThread "G1 Conc#1"                       [id=38584, stack(0x000000cae1400000,0x000000cae1500000) (1024K)]
  0x0000028f4efcd0f0 WorkerThread "G1 Conc#2"                       [id=37796, stack(0x000000cae1500000,0x000000cae1600000) (1024K)]
  0x0000028f49559130 ConcurrentGCThread "G1 Refine#0"               [id=7536, stack(0x000000cadf400000,0x000000cadf500000) (1024K)]
  0x0000028f49559bb0 ConcurrentGCThread "G1 Service"                [id=13508, stack(0x000000cadf500000,0x000000cadf600000) (1024K)]
Total: 18

Threads with active compile tasks:
C2 CompilerThread0  735694 7226   !   4       java.net.URLClassLoader::findClass (47 bytes)
Total: 1

VM state: not at safepoint (normal execution)

VM Mutex/Monitor currently owned by a thread: None

Heap address: 0x0000000080000000, size: 2048 MB, Compressed Oops mode: 32-bit

CDS archive(s) not mapped
Compressed class space mapped at: 0x0000000100000000-0x0000000140000000, reserved size: 1073741824
Narrow klass base: 0x0000000000000000, Narrow klass shift: 3, Narrow klass range: 0x140000000

GC Precious Log:
 CardTable entry size: 512
 Card Set container configuration: InlinePtr #cards 5 size 8 Array Of Cards #cards 12 size 40 Howl #buckets 4 coarsen threshold 1843 Howl Bitmap #cards 512 size 80 coarsen threshold 460 Card regions per heap region 1 cards per card region 2048
 CPUs: 12 total, 12 available
 Memory: 7531M
 Large Page Support: Disabled
 NUMA Support: Disabled
 Compressed Oops: Enabled (32-bit)
 Heap Region Size: 1M
 Heap Min Capacity: 8M
 Heap Initial Capacity: 118M
 Heap Max Capacity: 2G
 Pre-touch: Disabled
 Parallel Workers: 10
 Concurrent Workers: 3
 Concurrent Refinement Workers: 10
 Periodic GC: Disabled

Heap:
 garbage-first heap   total 243712K, used 81324K [0x0000000080000000, 0x0000000100000000)
  region size 1024K, 6 young (6144K), 2 survivors (2048K)
 Metaspace       used 70253K, committed 72064K, reserved 1114112K
  class space    used 9515K, committed 10432K, reserved 1048576K

Heap Regions: E=young(eden), S=young(survivor), O=old, HS=humongous(starts), HC=humongous(continues), CS=collection set, F=free, TAMS=top-at-mark-start, PB=parsable bottom
|   0|0x0000000080000000, 0x0000000080100000, 0x0000000080100000|100%| O|  |TAMS 0x0000000080000000| PB 0x0000000080000000| Untracked 
|   1|0x0000000080100000, 0x0000000080200000, 0x0000000080200000|100%|HS|  |TAMS 0x0000000080100000| PB 0x0000000080100000| Complete 
|   2|0x0000000080200000, 0x0000000080300000, 0x0000000080300000|100%|HC|  |TAMS 0x0000000080200000| PB 0x0000000080200000| Complete 
|   3|0x0000000080300000, 0x0000000080400000, 0x0000000080400000|100%|HC|  |TAMS 0x0000000080300000| PB 0x0000000080300000| Complete 
|   4|0x0000000080400000, 0x0000000080500000, 0x0000000080500000|100%| O|  |TAMS 0x0000000080400000| PB 0x0000000080400000| Untracked 
|   5|0x0000000080500000, 0x0000000080600000, 0x0000000080600000|100%| O|  |TAMS 0x0000000080500000| PB 0x0000000080500000| Untracked 
|   6|0x0000000080600000, 0x0000000080700000, 0x0000000080700000|100%| O|  |TAMS 0x0000000080600000| PB 0x0000000080600000| Untracked 
|   7|0x0000000080700000, 0x0000000080800000, 0x0000000080800000|100%| O|  |TAMS 0x0000000080700000| PB 0x0000000080700000| Untracked 
|   8|0x0000000080800000, 0x0000000080900000, 0x0000000080900000|100%| O|  |TAMS 0x0000000080800000| PB 0x0000000080800000| Untracked 
|   9|0x0000000080900000, 0x0000000080a00000, 0x0000000080a00000|100%| O|  |TAMS 0x0000000080900000| PB 0x0000000080900000| Untracked 
|  10|0x0000000080a00000, 0x0000000080b00000, 0x0000000080b00000|100%| O|  |TAMS 0x0000000080a00000| PB 0x0000000080a00000| Untracked 
|  11|0x0000000080b00000, 0x0000000080c00000, 0x0000000080c00000|100%|HS|  |TAMS 0x0000000080b00000| PB 0x0000000080b00000| Complete 
|  12|0x0000000080c00000, 0x0000000080d00000, 0x0000000080d00000|100%| O|  |TAMS 0x0000000080c00000| PB 0x0000000080c00000| Untracked 
|  13|0x0000000080d00000, 0x0000000080e00000, 0x0000000080e00000|100%| O|  |TAMS 0x0000000080d00000| PB 0x0000000080d00000| Untracked 
|  14|0x0000000080e00000, 0x0000000080f00000, 0x0000000080f00000|100%| O|  |TAMS 0x0000000080e00000| PB 0x0000000080e00000| Untracked 
|  15|0x0000000080f00000, 0x0000000081000000, 0x0000000081000000|100%| O|  |TAMS 0x0000000080f00000| PB 0x0000000080f00000| Untracked 
|  16|0x0000000081000000, 0x0000000081100000, 0x0000000081100000|100%| O|  |TAMS 0x0000000081000000| PB 0x0000000081000000| Untracked 
|  17|0x0000000081100000, 0x0000000081200000, 0x0000000081200000|100%| O|  |TAMS 0x0000000081100000| PB 0x0000000081100000| Untracked 
|  18|0x0000000081200000, 0x0000000081300000, 0x0000000081300000|100%| O|  |TAMS 0x0000000081200000| PB 0x0000000081200000| Untracked 
|  19|0x0000000081300000, 0x0000000081400000, 0x0000000081400000|100%| O|  |TAMS 0x0000000081300000| PB 0x0000000081300000| Untracked 
|  20|0x0000000081400000, 0x0000000081500000, 0x0000000081500000|100%| O|  |TAMS 0x0000000081400000| PB 0x0000000081400000| Untracked 
|  21|0x0000000081500000, 0x0000000081600000, 0x0000000081600000|100%|HS|  |TAMS 0x0000000081500000| PB 0x0000000081500000| Complete 
|  22|0x0000000081600000, 0x0000000081700000, 0x0000000081700000|100%|HC|  |TAMS 0x0000000081600000| PB 0x0000000081600000| Complete 
|  23|0x0000000081700000, 0x0000000081800000, 0x0000000081800000|100%|HC|  |TAMS 0x0000000081700000| PB 0x0000000081700000| Complete 
|  24|0x0000000081800000, 0x0000000081900000, 0x0000000081900000|100%|HC|  |TAMS 0x0000000081800000| PB 0x0000000081800000| Complete 
|  25|0x0000000081900000, 0x0000000081a00000, 0x0000000081a00000|100%|HC|  |TAMS 0x0000000081900000| PB 0x0000000081900000| Complete 
|  26|0x0000000081a00000, 0x0000000081b00000, 0x0000000081b00000|100%|HC|  |TAMS 0x0000000081a00000| PB 0x0000000081a00000| Complete 
|  27|0x0000000081b00000, 0x0000000081c00000, 0x0000000081c00000|100%| O|  |TAMS 0x0000000081b00000| PB 0x0000000081b00000| Untracked 
|  28|0x0000000081c00000, 0x0000000081d00000, 0x0000000081d00000|100%|HS|  |TAMS 0x0000000081c00000| PB 0x0000000081c00000| Complete 
|  29|0x0000000081d00000, 0x0000000081e00000, 0x0000000081e00000|100%|HC|  |TAMS 0x0000000081d00000| PB 0x0000000081d00000| Complete 
|  30|0x0000000081e00000, 0x0000000081f00000, 0x0000000081f00000|100%|HC|  |TAMS 0x0000000081e00000| PB 0x0000000081e00000| Complete 
|  31|0x0000000081f00000, 0x0000000082000000, 0x0000000082000000|100%|HC|  |TAMS 0x0000000081f00000| PB 0x0000000081f00000| Complete 
|  32|0x0000000082000000, 0x0000000082100000, 0x0000000082100000|100%| O|  |TAMS 0x0000000082000000| PB 0x0000000082000000| Untracked 
|  33|0x0000000082100000, 0x0000000082200000, 0x0000000082200000|100%|HS|  |TAMS 0x0000000082100000| PB 0x0000000082100000| Complete 
|  34|0x0000000082200000, 0x0000000082300000, 0x0000000082300000|100%|HC|  |TAMS 0x0000000082200000| PB 0x0000000082200000| Complete 
|  35|0x0000000082300000, 0x0000000082400000, 0x0000000082400000|100%|HS|  |TAMS 0x0000000082300000| PB 0x0000000082300000| Complete 
|  36|0x0000000082400000, 0x0000000082500000, 0x0000000082500000|100%| O|  |TAMS 0x0000000082400000| PB 0x0000000082400000| Untracked 
|  37|0x0000000082500000, 0x0000000082600000, 0x0000000082600000|100%| O|  |TAMS 0x0000000082500000| PB 0x0000000082500000| Untracked 
|  38|0x0000000082600000, 0x0000000082700000, 0x0000000082700000|100%| O|  |TAMS 0x0000000082600000| PB 0x0000000082600000| Untracked 
|  39|0x0000000082700000, 0x0000000082800000, 0x0000000082800000|100%| O|  |TAMS 0x0000000082700000| PB 0x0000000082700000| Untracked 
|  40|0x0000000082800000, 0x0000000082900000, 0x0000000082900000|100%| O|  |TAMS 0x0000000082800000| PB 0x0000000082800000| Untracked 
|  41|0x0000000082900000, 0x0000000082a00000, 0x0000000082a00000|100%| O|  |TAMS 0x0000000082900000| PB 0x0000000082900000| Untracked 
|  42|0x0000000082a00000, 0x0000000082b00000, 0x0000000082b00000|100%| O|  |TAMS 0x0000000082a00000| PB 0x0000000082a00000| Untracked 
|  43|0x0000000082b00000, 0x0000000082c00000, 0x0000000082c00000|100%| O|  |TAMS 0x0000000082b00000| PB 0x0000000082b00000| Untracked 
|  44|0x0000000082c00000, 0x0000000082d00000, 0x0000000082d00000|100%| O|  |TAMS 0x0000000082c00000| PB 0x0000000082c00000| Untracked 
|  45|0x0000000082d00000, 0x0000000082e00000, 0x0000000082e00000|100%| O|  |TAMS 0x0000000082d00000| PB 0x0000000082d00000| Untracked 
|  46|0x0000000082e00000, 0x0000000082f00000, 0x0000000082f00000|100%| O|  |TAMS 0x0000000082e00000| PB 0x0000000082e00000| Untracked 
|  47|0x0000000082f00000, 0x0000000083000000, 0x0000000083000000|100%| O|  |TAMS 0x0000000082f00000| PB 0x0000000082f00000| Untracked 
|  48|0x0000000083000000, 0x0000000083100000, 0x0000000083100000|100%| O|  |TAMS 0x0000000083000000| PB 0x0000000083000000| Untracked 
|  49|0x0000000083100000, 0x0000000083200000, 0x0000000083200000|100%| O|  |TAMS 0x0000000083100000| PB 0x0000000083100000| Untracked 
|  50|0x0000000083200000, 0x0000000083300000, 0x0000000083300000|100%|HS|  |TAMS 0x0000000083200000| PB 0x0000000083200000| Complete 
|  51|0x0000000083300000, 0x0000000083400000, 0x0000000083400000|100%|HC|  |TAMS 0x0000000083300000| PB 0x0000000083300000| Complete 
|  52|0x0000000083400000, 0x0000000083500000, 0x0000000083500000|100%| O|  |TAMS 0x0000000083400000| PB 0x0000000083400000| Untracked 
|  53|0x0000000083500000, 0x0000000083600000, 0x0000000083600000|100%|HS|  |TAMS 0x0000000083500000| PB 0x0000000083500000| Complete 
|  54|0x0000000083600000, 0x0000000083700000, 0x0000000083700000|100%|HC|  |TAMS 0x0000000083600000| PB 0x0000000083600000| Complete 
|  55|0x0000000083700000, 0x0000000083800000, 0x0000000083800000|100%|HC|  |TAMS 0x0000000083700000| PB 0x0000000083700000| Complete 
|  56|0x0000000083800000, 0x0000000083900000, 0x0000000083900000|100%|HC|  |TAMS 0x0000000083800000| PB 0x0000000083800000| Complete 
|  57|0x0000000083900000, 0x0000000083a00000, 0x0000000083a00000|100%|HC|  |TAMS 0x0000000083900000| PB 0x0000000083900000| Complete 
|  58|0x0000000083a00000, 0x0000000083b00000, 0x0000000083b00000|100%|HC|  |TAMS 0x0000000083a00000| PB 0x0000000083a00000| Complete 
|  59|0x0000000083b00000, 0x0000000083c00000, 0x0000000083c00000|100%| O|  |TAMS 0x0000000083b00000| PB 0x0000000083b00000| Untracked 
|  60|0x0000000083c00000, 0x0000000083d00000, 0x0000000083d00000|100%| O|  |TAMS 0x0000000083c00000| PB 0x0000000083c00000| Untracked 
|  61|0x0000000083d00000, 0x0000000083e00000, 0x0000000083e00000|100%|HS|  |TAMS 0x0000000083d00000| PB 0x0000000083d00000| Complete 
|  62|0x0000000083e00000, 0x0000000083f00000, 0x0000000083f00000|100%|HC|  |TAMS 0x0000000083e00000| PB 0x0000000083e00000| Complete 
|  63|0x0000000083f00000, 0x0000000084000000, 0x0000000084000000|100%|HC|  |TAMS 0x0000000083f00000| PB 0x0000000083f00000| Complete 
|  64|0x0000000084000000, 0x0000000084100000, 0x0000000084100000|100%|HC|  |TAMS 0x0000000084000000| PB 0x0000000084000000| Complete 
|  65|0x0000000084100000, 0x0000000084200000, 0x0000000084200000|100%|HC|  |TAMS 0x0000000084100000| PB 0x0000000084100000| Complete 
|  66|0x0000000084200000, 0x0000000084300000, 0x0000000084300000|100%|HC|  |TAMS 0x0000000084200000| PB 0x0000000084200000| Complete 
|  67|0x0000000084300000, 0x0000000084400000, 0x0000000084400000|100%|HS|  |TAMS 0x0000000084300000| PB 0x0000000084300000| Complete 
|  68|0x0000000084400000, 0x0000000084500000, 0x0000000084500000|100%| O|  |TAMS 0x0000000084400000| PB 0x0000000084400000| Untracked 
|  69|0x0000000084500000, 0x0000000084600000, 0x0000000084600000|100%| O|  |TAMS 0x0000000084500000| PB 0x0000000084500000| Untracked 
|  70|0x0000000084600000, 0x0000000084700000, 0x0000000084700000|100%| O|  |TAMS 0x0000000084600000| PB 0x0000000084600000| Untracked 
|  71|0x0000000084700000, 0x0000000084800000, 0x0000000084800000|100%| O|  |TAMS 0x0000000084700000| PB 0x0000000084700000| Untracked 
|  72|0x0000000084800000, 0x000000008483e7c0, 0x0000000084900000| 24%| O|  |TAMS 0x0000000084800000| PB 0x0000000084800000| Untracked 
|  73|0x0000000084900000, 0x0000000084900000, 0x0000000084a00000|  0%| F|  |TAMS 0x0000000084900000| PB 0x0000000084900000| Untracked 
|  74|0x0000000084a00000, 0x0000000084a00000, 0x0000000084b00000|  0%| F|  |TAMS 0x0000000084a00000| PB 0x0000000084a00000| Untracked 
|  75|0x0000000084b00000, 0x0000000084b00000, 0x0000000084c00000|  0%| F|  |TAMS 0x0000000084b00000| PB 0x0000000084b00000| Untracked 
|  76|0x0000000084c00000, 0x0000000084c00000, 0x0000000084d00000|  0%| F|  |TAMS 0x0000000084c00000| PB 0x0000000084c00000| Untracked 
|  77|0x0000000084d00000, 0x0000000084d00000, 0x0000000084e00000|  0%| F|  |TAMS 0x0000000084d00000| PB 0x0000000084d00000| Untracked 
|  78|0x0000000084e00000, 0x0000000084e00000, 0x0000000084f00000|  0%| F|  |TAMS 0x0000000084e00000| PB 0x0000000084e00000| Untracked 
|  79|0x0000000084f00000, 0x0000000084f00000, 0x0000000085000000|  0%| F|  |TAMS 0x0000000084f00000| PB 0x0000000084f00000| Untracked 
|  80|0x0000000085000000, 0x0000000085000000, 0x0000000085100000|  0%| F|  |TAMS 0x0000000085000000| PB 0x0000000085000000| Untracked 
|  81|0x0000000085100000, 0x0000000085100000, 0x0000000085200000|  0%| F|  |TAMS 0x0000000085100000| PB 0x0000000085100000| Untracked 
|  82|0x0000000085200000, 0x0000000085200000, 0x0000000085300000|  0%| F|  |TAMS 0x0000000085200000| PB 0x0000000085200000| Untracked 
|  83|0x0000000085300000, 0x0000000085300000, 0x0000000085400000|  0%| F|  |TAMS 0x0000000085300000| PB 0x0000000085300000| Untracked 
|  84|0x0000000085400000, 0x0000000085400000, 0x0000000085500000|  0%| F|  |TAMS 0x0000000085400000| PB 0x0000000085400000| Untracked 
|  85|0x0000000085500000, 0x0000000085500000, 0x0000000085600000|  0%| F|  |TAMS 0x0000000085500000| PB 0x0000000085500000| Untracked 
|  86|0x0000000085600000, 0x0000000085600000, 0x0000000085700000|  0%| F|  |TAMS 0x0000000085600000| PB 0x0000000085600000| Untracked 
|  87|0x0000000085700000, 0x0000000085700000, 0x0000000085800000|  0%| F|  |TAMS 0x0000000085700000| PB 0x0000000085700000| Untracked 
|  88|0x0000000085800000, 0x0000000085800000, 0x0000000085900000|  0%| F|  |TAMS 0x0000000085800000| PB 0x0000000085800000| Untracked 
|  89|0x0000000085900000, 0x0000000085900000, 0x0000000085a00000|  0%| F|  |TAMS 0x0000000085900000| PB 0x0000000085900000| Untracked 
|  90|0x0000000085a00000, 0x0000000085a00000, 0x0000000085b00000|  0%| F|  |TAMS 0x0000000085a00000| PB 0x0000000085a00000| Untracked 
|  91|0x0000000085b00000, 0x0000000085b00000, 0x0000000085c00000|  0%| F|  |TAMS 0x0000000085b00000| PB 0x0000000085b00000| Untracked 
|  92|0x0000000085c00000, 0x0000000085c00000, 0x0000000085d00000|  0%| F|  |TAMS 0x0000000085c00000| PB 0x0000000085c00000| Untracked 
|  93|0x0000000085d00000, 0x0000000085d00000, 0x0000000085e00000|  0%| F|  |TAMS 0x0000000085d00000| PB 0x0000000085d00000| Untracked 
|  94|0x0000000085e00000, 0x0000000085e00000, 0x0000000085f00000|  0%| F|  |TAMS 0x0000000085e00000| PB 0x0000000085e00000| Untracked 
|  95|0x0000000085f00000, 0x0000000085f00000, 0x0000000086000000|  0%| F|  |TAMS 0x0000000085f00000| PB 0x0000000085f00000| Untracked 
|  96|0x0000000086000000, 0x0000000086000000, 0x0000000086100000|  0%| F|  |TAMS 0x0000000086000000| PB 0x0000000086000000| Untracked 
|  97|0x0000000086100000, 0x0000000086100000, 0x0000000086200000|  0%| F|  |TAMS 0x0000000086100000| PB 0x0000000086100000| Untracked 
|  98|0x0000000086200000, 0x0000000086200000, 0x0000000086300000|  0%| F|  |TAMS 0x0000000086200000| PB 0x0000000086200000| Untracked 
|  99|0x0000000086300000, 0x0000000086300000, 0x0000000086400000|  0%| F|  |TAMS 0x0000000086300000| PB 0x0000000086300000| Untracked 
| 100|0x0000000086400000, 0x0000000086400000, 0x0000000086500000|  0%| F|  |TAMS 0x0000000086400000| PB 0x0000000086400000| Untracked 
| 101|0x0000000086500000, 0x0000000086500000, 0x0000000086600000|  0%| F|  |TAMS 0x0000000086500000| PB 0x0000000086500000| Untracked 
| 102|0x0000000086600000, 0x0000000086600000, 0x0000000086700000|  0%| F|  |TAMS 0x0000000086600000| PB 0x0000000086600000| Untracked 
| 103|0x0000000086700000, 0x0000000086700000, 0x0000000086800000|  0%| F|  |TAMS 0x0000000086700000| PB 0x0000000086700000| Untracked 
| 104|0x0000000086800000, 0x0000000086800000, 0x0000000086900000|  0%| F|  |TAMS 0x0000000086800000| PB 0x0000000086800000| Untracked 
| 105|0x0000000086900000, 0x0000000086900000, 0x0000000086a00000|  0%| F|  |TAMS 0x0000000086900000| PB 0x0000000086900000| Untracked 
| 106|0x0000000086a00000, 0x0000000086a00000, 0x0000000086b00000|  0%| F|  |TAMS 0x0000000086a00000| PB 0x0000000086a00000| Untracked 
| 107|0x0000000086b00000, 0x0000000086b00000, 0x0000000086c00000|  0%| F|  |TAMS 0x0000000086b00000| PB 0x0000000086b00000| Untracked 
| 108|0x0000000086c00000, 0x0000000086c00000, 0x0000000086d00000|  0%| F|  |TAMS 0x0000000086c00000| PB 0x0000000086c00000| Untracked 
| 109|0x0000000086d00000, 0x0000000086d00000, 0x0000000086e00000|  0%| F|  |TAMS 0x0000000086d00000| PB 0x0000000086d00000| Untracked 
| 110|0x0000000086e00000, 0x0000000086e00000, 0x0000000086f00000|  0%| F|  |TAMS 0x0000000086e00000| PB 0x0000000086e00000| Untracked 
| 111|0x0000000086f00000, 0x0000000086f00000, 0x0000000087000000|  0%| F|  |TAMS 0x0000000086f00000| PB 0x0000000086f00000| Untracked 
| 112|0x0000000087000000, 0x0000000087000000, 0x0000000087100000|  0%| F|  |TAMS 0x0000000087000000| PB 0x0000000087000000| Untracked 
| 113|0x0000000087100000, 0x0000000087100000, 0x0000000087200000|  0%| F|  |TAMS 0x0000000087100000| PB 0x0000000087100000| Untracked 
| 114|0x0000000087200000, 0x0000000087200000, 0x0000000087300000|  0%| F|  |TAMS 0x0000000087200000| PB 0x0000000087200000| Untracked 
| 115|0x0000000087300000, 0x0000000087300000, 0x0000000087400000|  0%| F|  |TAMS 0x0000000087300000| PB 0x0000000087300000| Untracked 
| 116|0x0000000087400000, 0x0000000087400000, 0x0000000087500000|  0%| F|  |TAMS 0x0000000087400000| PB 0x0000000087400000| Untracked 
| 117|0x0000000087500000, 0x0000000087500000, 0x0000000087600000|  0%| F|  |TAMS 0x0000000087500000| PB 0x0000000087500000| Untracked 
| 118|0x0000000087600000, 0x0000000087600000, 0x0000000087700000|  0%| F|  |TAMS 0x0000000087600000| PB 0x0000000087600000| Untracked 
| 119|0x0000000087700000, 0x0000000087700000, 0x0000000087800000|  0%| F|  |TAMS 0x0000000087700000| PB 0x0000000087700000| Untracked 
| 120|0x0000000087800000, 0x0000000087800000, 0x0000000087900000|  0%| F|  |TAMS 0x0000000087800000| PB 0x0000000087800000| Untracked 
| 121|0x0000000087900000, 0x0000000087900000, 0x0000000087a00000|  0%| F|  |TAMS 0x0000000087900000| PB 0x0000000087900000| Untracked 
| 122|0x0000000087a00000, 0x0000000087a00000, 0x0000000087b00000|  0%| F|  |TAMS 0x0000000087a00000| PB 0x0000000087a00000| Untracked 
| 123|0x0000000087b00000, 0x0000000087b00000, 0x0000000087c00000|  0%| F|  |TAMS 0x0000000087b00000| PB 0x0000000087b00000| Untracked 
| 124|0x0000000087c00000, 0x0000000087c00000, 0x0000000087d00000|  0%| F|  |TAMS 0x0000000087c00000| PB 0x0000000087c00000| Untracked 
| 125|0x0000000087d00000, 0x0000000087d00000, 0x0000000087e00000|  0%| F|  |TAMS 0x0000000087d00000| PB 0x0000000087d00000| Untracked 
| 126|0x0000000087e00000, 0x0000000087e00000, 0x0000000087f00000|  0%| F|  |TAMS 0x0000000087e00000| PB 0x0000000087e00000| Untracked 
| 127|0x0000000087f00000, 0x0000000087f00000, 0x0000000088000000|  0%| F|  |TAMS 0x0000000087f00000| PB 0x0000000087f00000| Untracked 
| 128|0x0000000088000000, 0x0000000088000000, 0x0000000088100000|  0%| F|  |TAMS 0x0000000088000000| PB 0x0000000088000000| Untracked 
| 129|0x0000000088100000, 0x0000000088100000, 0x0000000088200000|  0%| F|  |TAMS 0x0000000088100000| PB 0x0000000088100000| Untracked 
| 130|0x0000000088200000, 0x0000000088200000, 0x0000000088300000|  0%| F|  |TAMS 0x0000000088200000| PB 0x0000000088200000| Untracked 
| 131|0x0000000088300000, 0x0000000088300000, 0x0000000088400000|  0%| F|  |TAMS 0x0000000088300000| PB 0x0000000088300000| Untracked 
| 132|0x0000000088400000, 0x0000000088400000, 0x0000000088500000|  0%| F|  |TAMS 0x0000000088400000| PB 0x0000000088400000| Untracked 
| 133|0x0000000088500000, 0x0000000088500000, 0x0000000088600000|  0%| F|  |TAMS 0x0000000088500000| PB 0x0000000088500000| Untracked 
| 134|0x0000000088600000, 0x0000000088600000, 0x0000000088700000|  0%| F|  |TAMS 0x0000000088600000| PB 0x0000000088600000| Untracked 
| 135|0x0000000088700000, 0x0000000088700000, 0x0000000088800000|  0%| F|  |TAMS 0x0000000088700000| PB 0x0000000088700000| Untracked 
| 136|0x0000000088800000, 0x0000000088800000, 0x0000000088900000|  0%| F|  |TAMS 0x0000000088800000| PB 0x0000000088800000| Untracked 
| 137|0x0000000088900000, 0x0000000088900000, 0x0000000088a00000|  0%| F|  |TAMS 0x0000000088900000| PB 0x0000000088900000| Untracked 
| 138|0x0000000088a00000, 0x0000000088a00000, 0x0000000088b00000|  0%| F|  |TAMS 0x0000000088a00000| PB 0x0000000088a00000| Untracked 
| 139|0x0000000088b00000, 0x0000000088b00000, 0x0000000088c00000|  0%| F|  |TAMS 0x0000000088b00000| PB 0x0000000088b00000| Untracked 
| 140|0x0000000088c00000, 0x0000000088c00000, 0x0000000088d00000|  0%| F|  |TAMS 0x0000000088c00000| PB 0x0000000088c00000| Untracked 
| 141|0x0000000088d00000, 0x0000000088d00000, 0x0000000088e00000|  0%| F|  |TAMS 0x0000000088d00000| PB 0x0000000088d00000| Untracked 
| 142|0x0000000088e00000, 0x0000000088e00000, 0x0000000088f00000|  0%| F|  |TAMS 0x0000000088e00000| PB 0x0000000088e00000| Untracked 
| 143|0x0000000088f00000, 0x0000000088f00000, 0x0000000089000000|  0%| F|  |TAMS 0x0000000088f00000| PB 0x0000000088f00000| Untracked 
| 144|0x0000000089000000, 0x0000000089000000, 0x0000000089100000|  0%| F|  |TAMS 0x0000000089000000| PB 0x0000000089000000| Untracked 
| 145|0x0000000089100000, 0x0000000089100000, 0x0000000089200000|  0%| F|  |TAMS 0x0000000089100000| PB 0x0000000089100000| Untracked 
| 146|0x0000000089200000, 0x0000000089200000, 0x0000000089300000|  0%| F|  |TAMS 0x0000000089200000| PB 0x0000000089200000| Untracked 
| 147|0x0000000089300000, 0x0000000089300000, 0x0000000089400000|  0%| F|  |TAMS 0x0000000089300000| PB 0x0000000089300000| Untracked 
| 148|0x0000000089400000, 0x0000000089400000, 0x0000000089500000|  0%| F|  |TAMS 0x0000000089400000| PB 0x0000000089400000| Untracked 
| 149|0x0000000089500000, 0x0000000089500000, 0x0000000089600000|  0%| F|  |TAMS 0x0000000089500000| PB 0x0000000089500000| Untracked 
| 150|0x0000000089600000, 0x0000000089600000, 0x0000000089700000|  0%| F|  |TAMS 0x0000000089600000| PB 0x0000000089600000| Untracked 
| 151|0x0000000089700000, 0x0000000089700000, 0x0000000089800000|  0%| F|  |TAMS 0x0000000089700000| PB 0x0000000089700000| Untracked 
| 152|0x0000000089800000, 0x0000000089800000, 0x0000000089900000|  0%| F|  |TAMS 0x0000000089800000| PB 0x0000000089800000| Untracked 
| 153|0x0000000089900000, 0x0000000089900000, 0x0000000089a00000|  0%| F|  |TAMS 0x0000000089900000| PB 0x0000000089900000| Untracked 
| 154|0x0000000089a00000, 0x0000000089a00000, 0x0000000089b00000|  0%| F|  |TAMS 0x0000000089a00000| PB 0x0000000089a00000| Untracked 
| 155|0x0000000089b00000, 0x0000000089b00000, 0x0000000089c00000|  0%| F|  |TAMS 0x0000000089b00000| PB 0x0000000089b00000| Untracked 
| 156|0x0000000089c00000, 0x0000000089c00000, 0x0000000089d00000|  0%| F|  |TAMS 0x0000000089c00000| PB 0x0000000089c00000| Untracked 
| 157|0x0000000089d00000, 0x0000000089d00000, 0x0000000089e00000|  0%| F|  |TAMS 0x0000000089d00000| PB 0x0000000089d00000| Untracked 
| 158|0x0000000089e00000, 0x0000000089e00000, 0x0000000089f00000|  0%| F|  |TAMS 0x0000000089e00000| PB 0x0000000089e00000| Untracked 
| 159|0x0000000089f00000, 0x0000000089f00000, 0x000000008a000000|  0%| F|  |TAMS 0x0000000089f00000| PB 0x0000000089f00000| Untracked 
| 160|0x000000008a000000, 0x000000008a000000, 0x000000008a100000|  0%| F|  |TAMS 0x000000008a000000| PB 0x000000008a000000| Untracked 
| 161|0x000000008a100000, 0x000000008a100000, 0x000000008a200000|  0%| F|  |TAMS 0x000000008a100000| PB 0x000000008a100000| Untracked 
| 162|0x000000008a200000, 0x000000008a200000, 0x000000008a300000|  0%| F|  |TAMS 0x000000008a200000| PB 0x000000008a200000| Untracked 
| 163|0x000000008a300000, 0x000000008a300000, 0x000000008a400000|  0%| F|  |TAMS 0x000000008a300000| PB 0x000000008a300000| Untracked 
| 164|0x000000008a400000, 0x000000008a400000, 0x000000008a500000|  0%| F|  |TAMS 0x000000008a400000| PB 0x000000008a400000| Untracked 
| 165|0x000000008a500000, 0x000000008a500000, 0x000000008a600000|  0%| F|  |TAMS 0x000000008a500000| PB 0x000000008a500000| Untracked 
| 166|0x000000008a600000, 0x000000008a600000, 0x000000008a700000|  0%| F|  |TAMS 0x000000008a600000| PB 0x000000008a600000| Untracked 
| 167|0x000000008a700000, 0x000000008a700000, 0x000000008a800000|  0%| F|  |TAMS 0x000000008a700000| PB 0x000000008a700000| Untracked 
| 168|0x000000008a800000, 0x000000008a800000, 0x000000008a900000|  0%| F|  |TAMS 0x000000008a800000| PB 0x000000008a800000| Untracked 
| 169|0x000000008a900000, 0x000000008a900000, 0x000000008aa00000|  0%| F|  |TAMS 0x000000008a900000| PB 0x000000008a900000| Untracked 
| 170|0x000000008aa00000, 0x000000008aa00000, 0x000000008ab00000|  0%| F|  |TAMS 0x000000008aa00000| PB 0x000000008aa00000| Untracked 
| 171|0x000000008ab00000, 0x000000008ab00000, 0x000000008ac00000|  0%| F|  |TAMS 0x000000008ab00000| PB 0x000000008ab00000| Untracked 
| 172|0x000000008ac00000, 0x000000008ac00000, 0x000000008ad00000|  0%| F|  |TAMS 0x000000008ac00000| PB 0x000000008ac00000| Untracked 
| 173|0x000000008ad00000, 0x000000008ad00000, 0x000000008ae00000|  0%| F|  |TAMS 0x000000008ad00000| PB 0x000000008ad00000| Untracked 
| 174|0x000000008ae00000, 0x000000008ae00000, 0x000000008af00000|  0%| F|  |TAMS 0x000000008ae00000| PB 0x000000008ae00000| Untracked 
| 175|0x000000008af00000, 0x000000008af00000, 0x000000008b000000|  0%| F|  |TAMS 0x000000008af00000| PB 0x000000008af00000| Untracked 
| 176|0x000000008b000000, 0x000000008b000000, 0x000000008b100000|  0%| F|  |TAMS 0x000000008b000000| PB 0x000000008b000000| Untracked 
| 177|0x000000008b100000, 0x000000008b100000, 0x000000008b200000|  0%| F|  |TAMS 0x000000008b100000| PB 0x000000008b100000| Untracked 
| 178|0x000000008b200000, 0x000000008b200000, 0x000000008b300000|  0%| F|  |TAMS 0x000000008b200000| PB 0x000000008b200000| Untracked 
| 179|0x000000008b300000, 0x000000008b300000, 0x000000008b400000|  0%| F|  |TAMS 0x000000008b300000| PB 0x000000008b300000| Untracked 
| 180|0x000000008b400000, 0x000000008b400000, 0x000000008b500000|  0%| F|  |TAMS 0x000000008b400000| PB 0x000000008b400000| Untracked 
| 181|0x000000008b500000, 0x000000008b500000, 0x000000008b600000|  0%| F|  |TAMS 0x000000008b500000| PB 0x000000008b500000| Untracked 
| 182|0x000000008b600000, 0x000000008b600000, 0x000000008b700000|  0%| F|  |TAMS 0x000000008b600000| PB 0x000000008b600000| Untracked 
| 183|0x000000008b700000, 0x000000008b700000, 0x000000008b800000|  0%| F|  |TAMS 0x000000008b700000| PB 0x000000008b700000| Untracked 
| 184|0x000000008b800000, 0x000000008b800000, 0x000000008b900000|  0%| F|  |TAMS 0x000000008b800000| PB 0x000000008b800000| Untracked 
| 185|0x000000008b900000, 0x000000008b900000, 0x000000008ba00000|  0%| F|  |TAMS 0x000000008b900000| PB 0x000000008b900000| Untracked 
| 186|0x000000008ba00000, 0x000000008ba00000, 0x000000008bb00000|  0%| F|  |TAMS 0x000000008ba00000| PB 0x000000008ba00000| Untracked 
| 187|0x000000008bb00000, 0x000000008bb00000, 0x000000008bc00000|  0%| F|  |TAMS 0x000000008bb00000| PB 0x000000008bb00000| Untracked 
| 188|0x000000008bc00000, 0x000000008bc00000, 0x000000008bd00000|  0%| F|  |TAMS 0x000000008bc00000| PB 0x000000008bc00000| Untracked 
| 189|0x000000008bd00000, 0x000000008bd00000, 0x000000008be00000|  0%| F|  |TAMS 0x000000008bd00000| PB 0x000000008bd00000| Untracked 
| 190|0x000000008be00000, 0x000000008be00000, 0x000000008bf00000|  0%| F|  |TAMS 0x000000008be00000| PB 0x000000008be00000| Untracked 
| 191|0x000000008bf00000, 0x000000008bf00000, 0x000000008c000000|  0%| F|  |TAMS 0x000000008bf00000| PB 0x000000008bf00000| Untracked 
| 192|0x000000008c000000, 0x000000008c000000, 0x000000008c100000|  0%| F|  |TAMS 0x000000008c000000| PB 0x000000008c000000| Untracked 
| 193|0x000000008c100000, 0x000000008c100000, 0x000000008c200000|  0%| F|  |TAMS 0x000000008c100000| PB 0x000000008c100000| Untracked 
| 194|0x000000008c200000, 0x000000008c200000, 0x000000008c300000|  0%| F|  |TAMS 0x000000008c200000| PB 0x000000008c200000| Untracked 
| 195|0x000000008c300000, 0x000000008c300000, 0x000000008c400000|  0%| F|  |TAMS 0x000000008c300000| PB 0x000000008c300000| Untracked 
| 196|0x000000008c400000, 0x000000008c400000, 0x000000008c500000|  0%| F|  |TAMS 0x000000008c400000| PB 0x000000008c400000| Untracked 
| 197|0x000000008c500000, 0x000000008c500000, 0x000000008c600000|  0%| F|  |TAMS 0x000000008c500000| PB 0x000000008c500000| Untracked 
| 198|0x000000008c600000, 0x000000008c600000, 0x000000008c700000|  0%| F|  |TAMS 0x000000008c600000| PB 0x000000008c600000| Untracked 
| 199|0x000000008c700000, 0x000000008c700000, 0x000000008c800000|  0%| F|  |TAMS 0x000000008c700000| PB 0x000000008c700000| Untracked 
| 200|0x000000008c800000, 0x000000008c800000, 0x000000008c900000|  0%| F|  |TAMS 0x000000008c800000| PB 0x000000008c800000| Untracked 
| 201|0x000000008c900000, 0x000000008c900000, 0x000000008ca00000|  0%| F|  |TAMS 0x000000008c900000| PB 0x000000008c900000| Untracked 
| 202|0x000000008ca00000, 0x000000008ca00000, 0x000000008cb00000|  0%| F|  |TAMS 0x000000008ca00000| PB 0x000000008ca00000| Untracked 
| 203|0x000000008cb00000, 0x000000008cb00000, 0x000000008cc00000|  0%| F|  |TAMS 0x000000008cb00000| PB 0x000000008cb00000| Untracked 
| 204|0x000000008cc00000, 0x000000008cc00000, 0x000000008cd00000|  0%| F|  |TAMS 0x000000008cc00000| PB 0x000000008cc00000| Untracked 
| 205|0x000000008cd00000, 0x000000008cd00000, 0x000000008ce00000|  0%| F|  |TAMS 0x000000008cd00000| PB 0x000000008cd00000| Untracked 
| 206|0x000000008ce00000, 0x000000008ce00000, 0x000000008cf00000|  0%| F|  |TAMS 0x000000008ce00000| PB 0x000000008ce00000| Untracked 
| 207|0x000000008cf00000, 0x000000008cf00000, 0x000000008d000000|  0%| F|  |TAMS 0x000000008cf00000| PB 0x000000008cf00000| Untracked 
| 208|0x000000008d000000, 0x000000008d000000, 0x000000008d100000|  0%| F|  |TAMS 0x000000008d000000| PB 0x000000008d000000| Untracked 
| 209|0x000000008d100000, 0x000000008d100000, 0x000000008d200000|  0%| F|  |TAMS 0x000000008d100000| PB 0x000000008d100000| Untracked 
| 210|0x000000008d200000, 0x000000008d200000, 0x000000008d300000|  0%| F|  |TAMS 0x000000008d200000| PB 0x000000008d200000| Untracked 
| 211|0x000000008d300000, 0x000000008d300000, 0x000000008d400000|  0%| F|  |TAMS 0x000000008d300000| PB 0x000000008d300000| Untracked 
| 212|0x000000008d400000, 0x000000008d400000, 0x000000008d500000|  0%| F|  |TAMS 0x000000008d400000| PB 0x000000008d400000| Untracked 
| 213|0x000000008d500000, 0x000000008d500000, 0x000000008d600000|  0%| F|  |TAMS 0x000000008d500000| PB 0x000000008d500000| Untracked 
| 214|0x000000008d600000, 0x000000008d600000, 0x000000008d700000|  0%| F|  |TAMS 0x000000008d600000| PB 0x000000008d600000| Untracked 
| 215|0x000000008d700000, 0x000000008d700000, 0x000000008d800000|  0%| F|  |TAMS 0x000000008d700000| PB 0x000000008d700000| Untracked 
| 216|0x000000008d800000, 0x000000008d800000, 0x000000008d900000|  0%| F|  |TAMS 0x000000008d800000| PB 0x000000008d800000| Untracked 
| 217|0x000000008d900000, 0x000000008d900000, 0x000000008da00000|  0%| F|  |TAMS 0x000000008d900000| PB 0x000000008d900000| Untracked 
| 218|0x000000008da00000, 0x000000008da00000, 0x000000008db00000|  0%| F|  |TAMS 0x000000008da00000| PB 0x000000008da00000| Untracked 
| 219|0x000000008db00000, 0x000000008db00000, 0x000000008dc00000|  0%| F|  |TAMS 0x000000008db00000| PB 0x000000008db00000| Untracked 
| 220|0x000000008dc00000, 0x000000008dc00000, 0x000000008dd00000|  0%| F|  |TAMS 0x000000008dc00000| PB 0x000000008dc00000| Untracked 
| 221|0x000000008dd00000, 0x000000008dd00000, 0x000000008de00000|  0%| F|  |TAMS 0x000000008dd00000| PB 0x000000008dd00000| Untracked 
| 222|0x000000008de00000, 0x000000008de00000, 0x000000008df00000|  0%| F|  |TAMS 0x000000008de00000| PB 0x000000008de00000| Untracked 
| 223|0x000000008df00000, 0x000000008df00000, 0x000000008e000000|  0%| F|  |TAMS 0x000000008df00000| PB 0x000000008df00000| Untracked 
| 224|0x000000008e000000, 0x000000008e000000, 0x000000008e100000|  0%| F|  |TAMS 0x000000008e000000| PB 0x000000008e000000| Untracked 
| 225|0x000000008e100000, 0x000000008e100000, 0x000000008e200000|  0%| F|  |TAMS 0x000000008e100000| PB 0x000000008e100000| Untracked 
| 226|0x000000008e200000, 0x000000008e22c850, 0x000000008e300000| 17%| S|CS|TAMS 0x000000008e200000| PB 0x000000008e200000| Complete 
| 227|0x000000008e300000, 0x000000008e400000, 0x000000008e400000|100%| S|CS|TAMS 0x000000008e300000| PB 0x000000008e300000| Complete 
| 228|0x000000008e400000, 0x000000008e400000, 0x000000008e500000|  0%| F|  |TAMS 0x000000008e400000| PB 0x000000008e400000| Untracked 
| 229|0x000000008e500000, 0x000000008e500000, 0x000000008e600000|  0%| F|  |TAMS 0x000000008e500000| PB 0x000000008e500000| Untracked 
| 230|0x000000008e600000, 0x000000008e600000, 0x000000008e700000|  0%| F|  |TAMS 0x000000008e600000| PB 0x000000008e600000| Untracked 
| 231|0x000000008e700000, 0x000000008e7f6f40, 0x000000008e800000| 96%| E|  |TAMS 0x000000008e700000| PB 0x000000008e700000| Complete 
| 232|0x000000008e800000, 0x000000008e900000, 0x000000008e900000|100%| E|CS|TAMS 0x000000008e800000| PB 0x000000008e800000| Complete 
| 233|0x000000008e900000, 0x000000008ea00000, 0x000000008ea00000|100%| E|CS|TAMS 0x000000008e900000| PB 0x000000008e900000| Complete 
| 234|0x000000008ea00000, 0x000000008eb00000, 0x000000008eb00000|100%| E|CS|TAMS 0x000000008ea00000| PB 0x000000008ea00000| Complete 
|2045|0x00000000ffd00000, 0x00000000ffe00000, 0x00000000ffe00000|100%| O|  |TAMS 0x00000000ffd00000| PB 0x00000000ffd00000| Untracked 
|2046|0x00000000ffe00000, 0x00000000fff00000, 0x00000000fff00000|100%| O|  |TAMS 0x00000000ffe00000| PB 0x00000000ffe00000| Untracked 
|2047|0x00000000fff00000, 0x0000000100000000, 0x0000000100000000|100%| O|  |TAMS 0x00000000fff00000| PB 0x00000000fff00000| Untracked 

Card table byte_map: [0x0000028f44660000,0x0000028f44a60000] _byte_map_base: 0x0000028f44260000

Marking Bits: (CMBitMap*) 0x0000028f31c153b0
 Bits: [0x0000028f44a60000, 0x0000028f46a60000)

Polling page: 0x0000028f2f7e0000

Metaspace:

Usage:
  Non-class:     59.31 MB used.
      Class:      9.29 MB used.
       Both:     68.61 MB used.

Virtual space:
  Non-class space:       64.00 MB reserved,      60.19 MB ( 94%) committed,  1 nodes.
      Class space:        1.00 GB reserved,      10.19 MB ( <1%) committed,  1 nodes.
             Both:        1.06 GB reserved,      70.38 MB (  6%) committed. 

Chunk freelists:
   Non-Class:  3.53 MB
       Class:  5.86 MB
        Both:  9.39 MB

MaxMetaspaceSize: unlimited
CompressedClassSpaceSize: 1.00 GB
Initial GC threshold: 21.00 MB
Current GC threshold: 98.69 MB
CDS: off
 - commit_granule_bytes: 65536.
 - commit_granule_words: 8192.
 - virtual_space_node_default_size: 8388608.
 - enlarge_chunks_in_place: 1.
 - use_allocation_guard: 0.


Internal statistics:

num_allocs_failed_limit: 12.
num_arena_births: 3226.
num_arena_deaths: 0.
num_vsnodes_births: 2.
num_vsnodes_deaths: 0.
num_space_committed: 1126.
num_space_uncommitted: 0.
num_chunks_returned_to_freelist: 12.
num_chunks_taken_from_freelist: 6132.
num_chunk_merges: 12.
num_chunk_splits: 3978.
num_chunks_enlarged: 2448.
num_inconsistent_stats: 0.

CodeHeap 'non-profiled nmethods': size=120000Kb used=3875Kb max_used=3875Kb free=116124Kb
 bounds [0x0000028f3c7e0000, 0x0000028f3cbb0000, 0x0000028f43d10000]
CodeHeap 'profiled nmethods': size=120000Kb used=12711Kb max_used=12711Kb free=107288Kb
 bounds [0x0000028f34d10000, 0x0000028f35980000, 0x0000028f3c240000]
CodeHeap 'non-nmethods': size=5760Kb used=2743Kb max_used=2786Kb free=3016Kb
 bounds [0x0000028f3c240000, 0x0000028f3c510000, 0x0000028f3c7e0000]
 total_blobs=7443 nmethods=6554 adapters=793
 compilation: enabled
              stopped_count=0, restarted_count=0
 full_count=0

Compilation events (20 events):
Event: 728.740 Thread 0x0000028f498aa500 nmethod 7219 0x0000028f35974510 code [0x0000028f35974700, 0x0000028f35974c20]
Event: 728.908 Thread 0x0000028f498aa500 7220       3       java.lang.ClassLoader::findClass (9 bytes)
Event: 728.915 Thread 0x0000028f498aa500 nmethod 7220 0x0000028f35974e10 code [0x0000028f35974fc0, 0x0000028f35975138]
Event: 729.145 Thread 0x0000028f498a5070 nmethod 7217 0x0000028f3cba6590 code [0x0000028f3cba6820, 0x0000028f3cba7a20]
Event: 729.145 Thread 0x0000028f498a5070 7221       4       sun.management.spi.PlatformMBeanProvider$PlatformComponent$$Lambda/0x0000000100138f08::apply (9 bytes)
Event: 729.152 Thread 0x0000028f498a5070 nmethod 7221 0x0000028f3cba8690 code [0x0000028f3cba8820, 0x0000028f3cba8930]
Event: 729.206 Thread 0x0000028f498aa500 7222       3       java.io.FileInputStream::<init> (107 bytes)
Event: 729.297 Thread 0x0000028f498aa500 nmethod 7222 0x0000028f35975210 code [0x0000028f35975480, 0x0000028f35975da0]
Event: 730.553 Thread 0x0000028f498aa500 7223       3       com.google.common.collect.MapMakerInternalMap$WeakValueReferenceImpl::<init> (12 bytes)
Event: 730.558 Thread 0x0000028f498aa500 nmethod 7223 0x0000028f35976110 code [0x0000028f359762e0, 0x0000028f35976668]
Event: 730.559 Thread 0x0000028f498aa500 7224       3       com.google.common.collect.MapMakerInternalMap$StrongKeyWeakValueEntry::access$402 (7 bytes)
Event: 730.561 Thread 0x0000028f498aa500 nmethod 7224 0x0000028f35976790 code [0x0000028f35976940, 0x0000028f35976a88]
Event: 730.924 Thread 0x0000028f498a5070 7225   !   4       java.security.AccessController::doPrivileged (26 bytes)
Event: 730.943 Thread 0x0000028f498a5070 nmethod 7225 0x0000028f3cba8a10 code [0x0000028f3cba8bc0, 0x0000028f3cba8d00]
Event: 731.306 Thread 0x0000028f498a5070 7226   !   4       java.net.URLClassLoader::findClass (47 bytes)
Event: 732.931 Thread 0x0000028f498aa500 7228       2       java.util.ComparableTimSort::reverseRange (32 bytes)
Event: 733.102 Thread 0x0000028f498aa500 nmethod 7228 0x0000028f35976b90 code [0x0000028f35976d40, 0x0000028f35977060]
Event: 733.205 Thread 0x0000028f498aa500 7229       3       com.google.common.collect.ImmutableList::builderWithExpectedSize (16 bytes)
Event: 733.209 Thread 0x0000028f498aa500 nmethod 7229 0x0000028f35977210 code [0x0000028f359773e0, 0x0000028f35977768]
Event: 734.628 Thread 0x0000028f498aa500 7231       3       org.gradle.internal.remote.internal.inet.MultiChoiceAddressSerializer::read (95 bytes)

GC Heap History (20 events):
Event: 537.503 GC heap before
{Heap before GC invocations=28 (full 0):
 garbage-first heap   total 202752K, used 64335K [0x0000000080000000, 0x0000000100000000)
  region size 1024K, 9 young (9216K), 2 survivors (2048K)
 Metaspace       used 56916K, committed 58432K, reserved 1114112K
  class space    used 7684K, committed 8448K, reserved 1048576K
}
Event: 537.583 GC heap after
{Heap after GC invocations=29 (full 0):
 garbage-first heap   total 202752K, used 58185K [0x0000000080000000, 0x0000000100000000)
  region size 1024K, 2 young (2048K), 2 survivors (2048K)
 Metaspace       used 56916K, committed 58432K, reserved 1114112K
  class space    used 7684K, committed 8448K, reserved 1048576K
}
Event: 542.606 GC heap before
{Heap before GC invocations=29 (full 0):
 garbage-first heap   total 202752K, used 65353K [0x0000000080000000, 0x0000000100000000)
  region size 1024K, 9 young (9216K), 2 survivors (2048K)
 Metaspace       used 57033K, committed 58560K, reserved 1114112K
  class space    used 7687K, committed 8448K, reserved 1048576K
}
Event: 542.809 GC heap after
{Heap after GC invocations=30 (full 0):
 garbage-first heap   total 202752K, used 59376K [0x0000000080000000, 0x0000000100000000)
  region size 1024K, 2 young (2048K), 2 survivors (2048K)
 Metaspace       used 57033K, committed 58560K, reserved 1114112K
  class space    used 7687K, committed 8448K, reserved 1048576K
}
Event: 555.951 GC heap before
{Heap before GC invocations=30 (full 0):
 garbage-first heap   total 202752K, used 75760K [0x0000000080000000, 0x0000000100000000)
  region size 1024K, 13 young (13312K), 2 survivors (2048K)
 Metaspace       used 57188K, committed 58752K, reserved 1114112K
  class space    used 7694K, committed 8512K, reserved 1048576K
}
Event: 556.062 GC heap after
{Heap after GC invocations=31 (full 0):
 garbage-first heap   total 202752K, used 66180K [0x0000000080000000, 0x0000000100000000)
  region size 1024K, 2 young (2048K), 2 survivors (2048K)
 Metaspace       used 57188K, committed 58752K, reserved 1114112K
  class space    used 7694K, committed 8512K, reserved 1048576K
}
Event: 569.963 GC heap before
{Heap before GC invocations=31 (full 0):
 garbage-first heap   total 202752K, used 85636K [0x0000000080000000, 0x0000000100000000)
  region size 1024K, 14 young (14336K), 2 survivors (2048K)
 Metaspace       used 58516K, committed 60096K, reserved 1114112K
  class space    used 7782K, committed 8576K, reserved 1048576K
}
Event: 570.142 GC heap after
{Heap after GC invocations=32 (full 0):
 garbage-first heap   total 202752K, used 75868K [0x0000000080000000, 0x0000000100000000)
  region size 1024K, 3 young (3072K), 3 survivors (3072K)
 Metaspace       used 58516K, committed 60096K, reserved 1114112K
  class space    used 7782K, committed 8576K, reserved 1048576K
}
Event: 582.672 GC heap before
{Heap before GC invocations=33 (full 0):
 garbage-first heap   total 202752K, used 82012K [0x0000000080000000, 0x0000000100000000)
  region size 1024K, 9 young (9216K), 3 survivors (3072K)
 Metaspace       used 59339K, committed 60992K, reserved 1114112K
  class space    used 7883K, committed 8704K, reserved 1048576K
}
Event: 582.816 GC heap after
{Heap after GC invocations=34 (full 0):
 garbage-first heap   total 202752K, used 74745K [0x0000000080000000, 0x0000000100000000)
  region size 1024K, 1 young (1024K), 1 survivors (1024K)
 Metaspace       used 59339K, committed 60992K, reserved 1114112K
  class space    used 7883K, committed 8704K, reserved 1048576K
}
Event: 624.935 GC heap before
{Heap before GC invocations=34 (full 0):
 garbage-first heap   total 202752K, used 110585K [0x0000000080000000, 0x0000000100000000)
  region size 1024K, 37 young (37888K), 1 survivors (1024K)
 Metaspace       used 60697K, committed 62336K, reserved 1114112K
  class space    used 8098K, committed 8896K, reserved 1048576K
}
Event: 625.457 GC heap after
{Heap after GC invocations=35 (full 0):
 garbage-first heap   total 243712K, used 74346K [0x0000000080000000, 0x0000000100000000)
  region size 1024K, 1 young (1024K), 1 survivors (1024K)
 Metaspace       used 60697K, committed 62336K, reserved 1114112K
  class space    used 8098K, committed 8896K, reserved 1048576K
}
Event: 650.877 GC heap before
{Heap before GC invocations=35 (full 0):
 garbage-first heap   total 243712K, used 89706K [0x0000000080000000, 0x0000000100000000)
  region size 1024K, 16 young (16384K), 1 survivors (1024K)
 Metaspace       used 62813K, committed 64448K, reserved 1114112K
  class space    used 8382K, committed 9216K, reserved 1048576K
}
Event: 650.914 GC heap after
{Heap after GC invocations=36 (full 0):
 garbage-first heap   total 243712K, used 74885K [0x0000000080000000, 0x0000000100000000)
  region size 1024K, 2 young (2048K), 2 survivors (2048K)
 Metaspace       used 62813K, committed 64448K, reserved 1114112K
  class space    used 8382K, committed 9216K, reserved 1048576K
}
Event: 673.020 GC heap before
{Heap before GC invocations=36 (full 0):
 garbage-first heap   total 243712K, used 96389K [0x0000000080000000, 0x0000000100000000)
  region size 1024K, 23 young (23552K), 2 survivors (2048K)
 Metaspace       used 65322K, committed 67008K, reserved 1114112K
  class space    used 8757K, committed 9600K, reserved 1048576K
}
Event: 673.067 GC heap after
{Heap after GC invocations=37 (full 0):
 garbage-first heap   total 243712K, used 75587K [0x0000000080000000, 0x0000000100000000)
  region size 1024K, 3 young (3072K), 3 survivors (3072K)
 Metaspace       used 65322K, committed 67008K, reserved 1114112K
  class space    used 8757K, committed 9600K, reserved 1048576K
}
Event: 713.895 GC heap before
{Heap before GC invocations=37 (full 0):
 garbage-first heap   total 243712K, used 109379K [0x0000000080000000, 0x0000000100000000)
  region size 1024K, 36 young (36864K), 3 survivors (3072K)
 Metaspace       used 69430K, committed 71168K, reserved 1114112K
  class space    used 9380K, committed 10240K, reserved 1048576K
}
Event: 714.265 GC heap after
{Heap after GC invocations=38 (full 0):
 garbage-first heap   total 243712K, used 77124K [0x0000000080000000, 0x0000000100000000)
  region size 1024K, 4 young (4096K), 4 survivors (4096K)
 Metaspace       used 69430K, committed 71168K, reserved 1114112K
  class space    used 9380K, committed 10240K, reserved 1048576K
}
Event: 722.930 GC heap before
{Heap before GC invocations=38 (full 0):
 garbage-first heap   total 243712K, used 83268K [0x0000000080000000, 0x0000000100000000)
  region size 1024K, 11 young (11264K), 4 survivors (4096K)
 Metaspace       used 69912K, committed 71744K, reserved 1114112K
  class space    used 9459K, committed 10368K, reserved 1048576K
}
Event: 723.564 GC heap after
{Heap after GC invocations=39 (full 0):
 garbage-first heap   total 243712K, used 78252K [0x0000000080000000, 0x0000000100000000)
  region size 1024K, 2 young (2048K), 2 survivors (2048K)
 Metaspace       used 69912K, committed 71744K, reserved 1114112K
  class space    used 9459K, committed 10368K, reserved 1048576K
}

Dll operation events (3 events):
Event: 0.154 Loaded shared library C:\Program Files\Android\Android Studio1\jbr\bin\java.dll
Event: 0.250 Loaded shared library C:\Program Files\Android\Android Studio1\jbr\bin\zip.dll
Event: 6.341 Loaded shared library C:\Program Files\Android\Android Studio1\jbr\bin\verify.dll

Deoptimization events (20 events):
Event: 724.940 Thread 0x0000028f4f575d60 Uncommon trap: trap_request=0xffffff76 fr.pc=0x0000028f3c88817c relative=0x00000000000001dc
Event: 724.940 Thread 0x0000028f4f575d60 Uncommon trap: reason=predicate action=maybe_recompile pc=0x0000028f3c88817c method=java.util.LinkedHashMap.keysToArray([Ljava/lang/Object;Z)[Ljava/lang/Object; @ 53 c2
Event: 724.941 Thread 0x0000028f4f575d60 DEOPT PACKING pc=0x0000028f3c88817c sp=0x000000cae10f4d40
Event: 724.942 Thread 0x0000028f4f575d60 DEOPT UNPACKING pc=0x0000028f3c2946a2 sp=0x000000cae10f4cf0 mode 2
Event: 728.174 Thread 0x0000028f4f575d60 Uncommon trap: trap_request=0xffffffde fr.pc=0x0000028f3cb8710c relative=0x000000000000524c
Event: 728.174 Thread 0x0000028f4f575d60 Uncommon trap: reason=class_check action=maybe_recompile pc=0x0000028f3cb8710c method=java.net.URLClassLoader.defineClass(Ljava/lang/String;Ljdk/internal/loader/Resource;)Ljava/lang/Class; @ 34 c2
Event: 728.174 Thread 0x0000028f4f575d60 DEOPT PACKING pc=0x0000028f3cb8710c sp=0x000000cae10f8a70
Event: 728.177 Thread 0x0000028f4f575d60 DEOPT UNPACKING pc=0x0000028f3c2946a2 sp=0x000000cae10f8878 mode 2
Event: 728.683 Thread 0x0000028f4f575d60 Uncommon trap: trap_request=0xffffffde fr.pc=0x0000028f3cb8710c relative=0x000000000000524c
Event: 728.683 Thread 0x0000028f4f575d60 Uncommon trap: reason=class_check action=maybe_recompile pc=0x0000028f3cb8710c method=java.net.URLClassLoader.defineClass(Ljava/lang/String;Ljdk/internal/loader/Resource;)Ljava/lang/Class; @ 34 c2
Event: 728.683 Thread 0x0000028f4f575d60 DEOPT PACKING pc=0x0000028f3cb8710c sp=0x000000cae10f7920
Event: 728.683 Thread 0x0000028f4f575d60 DEOPT UNPACKING pc=0x0000028f3c2946a2 sp=0x000000cae10f7728 mode 2
Event: 728.735 Thread 0x0000028f4f575d60 Uncommon trap: trap_request=0xffffffde fr.pc=0x0000028f3cb8710c relative=0x000000000000524c
Event: 728.735 Thread 0x0000028f4f575d60 Uncommon trap: reason=class_check action=maybe_recompile pc=0x0000028f3cb8710c method=java.net.URLClassLoader.defineClass(Ljava/lang/String;Ljdk/internal/loader/Resource;)Ljava/lang/Class; @ 34 c2
Event: 728.735 Thread 0x0000028f4f575d60 DEOPT PACKING pc=0x0000028f3cb8710c sp=0x000000cae10f7920
Event: 728.735 Thread 0x0000028f4f575d60 DEOPT UNPACKING pc=0x0000028f3c2946a2 sp=0x000000cae10f7728 mode 2
Event: 728.909 Thread 0x0000028f4f575d60 Uncommon trap: trap_request=0xffffffde fr.pc=0x0000028f3cb8710c relative=0x000000000000524c
Event: 728.909 Thread 0x0000028f4f575d60 Uncommon trap: reason=class_check action=maybe_recompile pc=0x0000028f3cb8710c method=java.net.URLClassLoader.defineClass(Ljava/lang/String;Ljdk/internal/loader/Resource;)Ljava/lang/Class; @ 34 c2
Event: 728.909 Thread 0x0000028f4f575d60 DEOPT PACKING pc=0x0000028f3cb8710c sp=0x000000cae10f7920
Event: 728.909 Thread 0x0000028f4f575d60 DEOPT UNPACKING pc=0x0000028f3c2946a2 sp=0x000000cae10f7728 mode 2

Classes loaded (20 events):
Event: 694.929 Loading class java/io/FileWriter
Event: 694.943 Loading class java/io/FileWriter done
Event: 711.129 Loading class jdk/internal/reflect/MethodHandleBooleanFieldAccessorImpl
Event: 711.154 Loading class jdk/internal/reflect/MethodHandleBooleanFieldAccessorImpl done
Event: 711.275 Loading class java/util/IdentityHashMap$EntrySet
Event: 711.291 Loading class java/util/IdentityHashMap$EntrySet done
Event: 711.293 Loading class java/util/IdentityHashMap$EntryIterator
Event: 711.299 Loading class java/util/IdentityHashMap$EntryIterator done
Event: 711.299 Loading class java/util/IdentityHashMap$EntryIterator$Entry
Event: 711.303 Loading class java/util/IdentityHashMap$EntryIterator$Entry done
Event: 716.700 Loading class java/lang/invoke/SerializedLambda$1
Event: 716.717 Loading class java/lang/invoke/SerializedLambda$1 done
Event: 718.158 Loading class org/xml/sax/Locator
Event: 718.166 Loading class org/xml/sax/Locator done
Event: 718.232 Loading class org/xml/sax/SAXParseException
Event: 718.274 Loading class org/xml/sax/SAXParseException done
Event: 718.302 Loading class org/xml/sax/Attributes
Event: 718.307 Loading class org/xml/sax/Attributes done
Event: 725.787 Loading class java/util/DualPivotQuicksort
Event: 725.968 Loading class java/util/DualPivotQuicksort done

Classes unloaded (0 events):
No events

Classes redefined (0 events):
No events

Internal exceptions (20 events):
Event: 673.557 Thread 0x0000028f4f575d60 Exception <a 'sun/nio/fs/WindowsException'{0x000000008ea10910}> (0x000000008ea10910) 
thrown [s\src\hotspot\share\prims\jni.cpp, line 535]
Event: 673.966 Thread 0x0000028f4f575d60 Exception <a 'sun/nio/fs/WindowsException'{0x000000008ea1d8e8}> (0x000000008ea1d8e8) 
thrown [s\src\hotspot\share\prims\jni.cpp, line 535]
Event: 682.600 Thread 0x0000028f4f575d60 Exception <a 'java/lang/NoSuchMethodError'{0x000000008e392098}: 'void java.lang.invoke.DirectMethodHandle$Holder.invokeStatic(java.lang.Object, java.lang.Object, java.lang.Object, java.lang.Object, java.lang.Object, java.lang.Object, java.lang.Object)'> (0x000000008e392098) 
thrown [s\src\hotspot\share\interpreter\linkResolver.cpp, line 784]
Event: 711.165 Thread 0x0000028f4f575d60 Exception <a 'java/lang/NoSuchMethodError'{0x000000008caf5270}: 'void java.lang.invoke.DelegatingMethodHandle$Holder.reinvoke_L(java.lang.Object, java.lang.Object, int)'> (0x000000008caf5270) 
thrown [s\src\hotspot\share\interpreter\linkResolver.cpp, line 784]
Event: 711.180 Thread 0x0000028f4f575d60 Exception <a 'java/lang/NoSuchMethodError'{0x000000008cafc818}: 'int java.lang.invoke.Invokers$Holder.invokeExact_MT(java.lang.Object, java.lang.Object, java.lang.Object)'> (0x000000008cafc818) 
thrown [s\src\hotspot\share\interpreter\linkResolver.cpp, line 784]
Event: 711.228 Thread 0x0000028f4f575d60 Exception <a 'java/lang/NoSuchMethodError'{0x000000008c90d748}: 'long java.lang.invoke.DelegatingMethodHandle$Holder.reinvoke_L(java.lang.Object, java.lang.Object)'> (0x000000008c90d748) 
thrown [s\src\hotspot\share\interpreter\linkResolver.cpp, line 784]
Event: 711.235 Thread 0x0000028f4f575d60 Exception <a 'java/lang/NoSuchMethodError'{0x000000008c917fc8}: 'void java.lang.invoke.DelegatingMethodHandle$Holder.reinvoke_L(java.lang.Object, java.lang.Object, long)'> (0x000000008c917fc8) 
thrown [s\src\hotspot\share\interpreter\linkResolver.cpp, line 784]
Event: 711.237 Thread 0x0000028f4f575d60 Exception <a 'java/lang/NoSuchMethodError'{0x000000008c91f788}: 'long java.lang.invoke.Invokers$Holder.invokeExact_MT(java.lang.Object, java.lang.Object, java.lang.Object)'> (0x000000008c91f788) 
thrown [s\src\hotspot\share\interpreter\linkResolver.cpp, line 784]
Event: 713.860 Thread 0x0000028f4f575d60 Exception <a 'java/lang/NoSuchMethodError'{0x000000008c7b7230}: 'void java.lang.invoke.Invokers$Holder.invokeExact_MT(java.lang.Object, java.lang.Object, java.lang.Object, java.lang.Object)'> (0x000000008c7b7230) 
thrown [s\src\hotspot\share\interpreter\linkResolver.cpp, line 784]
Event: 715.259 Thread 0x0000028f4f575d60 Exception <a 'java/lang/ClassNotFoundException'{0x000000008ea278e8}: org/gradle/internal/serialize/codecs/core/ClosureCodec$BrokenScriptBeanInfo> (0x000000008ea278e8) 
thrown [s\src\hotspot\share\classfile\systemDictionary.cpp, line 312]
Event: 715.358 Thread 0x0000028f4f575d60 Exception <a 'java/lang/ClassNotFoundException'{0x000000008ea36380}: org/gradle/internal/serialize/codecs/core/ClosureCodec$BrokenScriptCustomizer> (0x000000008ea36380) 
thrown [s\src\hotspot\share\classfile\systemDictionary.cpp, line 312]
Event: 715.905 Thread 0x0000028f4f575d60 Exception <a 'java/lang/ClassNotFoundException'{0x000000008ea50698}: org/gradle/api/invocation/GradleBeanInfo> (0x000000008ea50698) 
thrown [s\src\hotspot\share\classfile\systemDictionary.cpp, line 312]
Event: 715.912 Thread 0x0000028f4f575d60 Exception <a 'java/lang/ClassNotFoundException'{0x000000008ea77ca0}: org/gradle/api/invocation/GradleCustomizer> (0x000000008ea77ca0) 
thrown [s\src\hotspot\share\classfile\systemDictionary.cpp, line 312]
Event: 716.263 Thread 0x0000028f4f575d60 Exception <a 'java/lang/NoSuchMethodError'{0x000000008ea9a040}: 'void java.lang.invoke.Invokers$Holder.invokeExact_MT(java.lang.Object, java.lang.Object, int, java.lang.Object)'> (0x000000008ea9a040) 
thrown [s\src\hotspot\share\interpreter\linkResolver.cpp, line 784]
Event: 717.169 Thread 0x0000028f4f575d60 Exception <a 'java/lang/NoSuchMethodError'{0x000000008eabbf70}: 'void java.lang.invoke.Invokers$Holder.invokeExact_MT(java.lang.Object, java.lang.Object, long, java.lang.Object)'> (0x000000008eabbf70) 
thrown [s\src\hotspot\share\interpreter\linkResolver.cpp, line 784]
Event: 717.745 Thread 0x0000028f4f575d60 Exception <a 'java/lang/ClassNotFoundException'{0x000000008e9dfaf0}: org/gradle/api/internal/project/DefaultProject_DecoratedBeanInfo> (0x000000008e9dfaf0) 
thrown [s\src\hotspot\share\classfile\systemDictionary.cpp, line 312]
Event: 717.788 Thread 0x0000028f4f575d60 Exception <a 'java/lang/ClassNotFoundException'{0x000000008e9eb950}: org/gradle/api/internal/project/DefaultProjectBeanInfo> (0x000000008e9eb950) 
thrown [s\src\hotspot\share\classfile\systemDictionary.cpp, line 312]
Event: 717.835 Thread 0x0000028f4f575d60 Exception <a 'java/lang/ClassNotFoundException'{0x000000008e9f7828}: org/gradle/api/internal/project/DefaultProjectCustomizer> (0x000000008e9f7828) 
thrown [s\src\hotspot\share\classfile\systemDictionary.cpp, line 312]
Event: 718.096 Thread 0x0000028f4f575d60 Exception <a 'java/lang/ClassNotFoundException'{0x000000008e8b8228}: org/gradle/api/internal/project/DefaultProject_DecoratedCustomizer> (0x000000008e8b8228) 
thrown [s\src\hotspot\share\classfile\systemDictionary.cpp, line 312]
Event: 727.444 Thread 0x0000028f4f575d60 Exception <a 'java/lang/NoSuchMethodError'{0x000000008e9aa110}: 'java.lang.Object java.lang.invoke.DirectMethodHandle$Holder.invokeInterface(java.lang.Object, java.lang.Object, int)'> (0x000000008e9aa110) 
thrown [s\src\hotspot\share\interpreter\linkResolver.cpp, line 784]

ZGC Phase Switch (0 events):
No events

VM Operations (20 events):
Event: 717.317 Executing VM operation: Cleanup done
Event: 718.327 Executing VM operation: Cleanup
Event: 718.343 Executing VM operation: Cleanup done
Event: 719.346 Executing VM operation: Cleanup
Event: 719.413 Executing VM operation: Cleanup done
Event: 722.922 Executing VM operation: G1CollectForAllocation (G1 Evacuation Pause)
Event: 723.571 Executing VM operation: G1CollectForAllocation (G1 Evacuation Pause) done
Event: 724.583 Executing VM operation: Cleanup
Event: 724.739 Executing VM operation: Cleanup done
Event: 725.746 Executing VM operation: Cleanup
Event: 725.762 Executing VM operation: Cleanup done
Event: 726.763 Executing VM operation: Cleanup
Event: 727.201 Executing VM operation: Cleanup done
Event: 728.205 Executing VM operation: Cleanup
Event: 728.205 Executing VM operation: Cleanup done
Event: 729.213 Executing VM operation: Cleanup
Event: 729.229 Executing VM operation: Cleanup done
Event: 731.248 Executing VM operation: Cleanup
Event: 731.264 Executing VM operation: Cleanup done
Event: 735.313 Executing VM operation: Cleanup

Memory protections (0 events):
No events

Nmethod flushes (20 events):
Event: 572.981 Thread 0x0000028f496e2a10 flushing  nmethod 0x0000028f351cb490
Event: 572.981 Thread 0x0000028f496e2a10 flushing  nmethod 0x0000028f3527df10
Event: 572.981 Thread 0x0000028f496e2a10 flushing  nmethod 0x0000028f35280210
Event: 572.981 Thread 0x0000028f496e2a10 flushing  nmethod 0x0000028f3c80b790
Event: 572.981 Thread 0x0000028f496e2a10 flushing  nmethod 0x0000028f3c964190
Event: 572.981 Thread 0x0000028f496e2a10 flushing  nmethod 0x0000028f3c96af10
Event: 572.981 Thread 0x0000028f496e2a10 flushing  nmethod 0x0000028f34da2610
Event: 572.981 Thread 0x0000028f496e2a10 flushing  nmethod 0x0000028f34da3a90
Event: 572.981 Thread 0x0000028f496e2a10 flushing  nmethod 0x0000028f34da3e90
Event: 572.981 Thread 0x0000028f496e2a10 flushing  nmethod 0x0000028f34e29f90
Event: 572.981 Thread 0x0000028f496e2a10 flushing  nmethod 0x0000028f34e7d490
Event: 572.981 Thread 0x0000028f496e2a10 flushing  nmethod 0x0000028f34e7d890
Event: 572.981 Thread 0x0000028f496e2a10 flushing  nmethod 0x0000028f34e7dc10
Event: 572.981 Thread 0x0000028f496e2a10 flushing  nmethod 0x0000028f34e7f290
Event: 572.981 Thread 0x0000028f496e2a10 flushing  nmethod 0x0000028f34e80e10
Event: 572.981 Thread 0x0000028f496e2a10 flushing  nmethod 0x0000028f34eae210
Event: 572.981 Thread 0x0000028f496e2a10 flushing  nmethod 0x0000028f34efe090
Event: 572.981 Thread 0x0000028f496e2a10 flushing  nmethod 0x0000028f350aa510
Event: 572.982 Thread 0x0000028f496e2a10 flushing  nmethod 0x0000028f350acf90
Event: 572.982 Thread 0x0000028f496e2a10 flushing  nmethod 0x0000028f3520f310

Events (20 events):
Event: 491.824 Thread 0x0000028f4f575d60 Thread added: 0x0000028f5103a550
Event: 539.216 Thread 0x0000028f4f575d60 Thread added: 0x0000028f5103abe0
Event: 539.221 Thread 0x0000028f4f575d60 Thread added: 0x0000028f5103f410
Event: 539.225 Thread 0x0000028f4f575d60 Thread added: 0x0000028f51041b70
Event: 539.233 Thread 0x0000028f4f575d60 Thread added: 0x0000028f510414e0
Event: 539.236 Thread 0x0000028f4f575d60 Thread added: 0x0000028f51040e50
Event: 539.239 Thread 0x0000028f4f575d60 Thread added: 0x0000028f51040130
Event: 539.242 Thread 0x0000028f4f575d60 Thread added: 0x0000028f5103e6f0
Event: 539.260 Thread 0x0000028f4f575d60 Thread added: 0x0000028f5103faa0
Event: 540.599 Thread 0x0000028f4f575d60 Thread added: 0x0000028f5103ed80
Event: 540.602 Thread 0x0000028f4f575d60 Thread added: 0x0000028f510407c0
Event: 540.610 Thread 0x0000028f4f575d60 Thread added: 0x0000028f4f799450
Event: 540.619 Thread 0x0000028f4f575d60 Thread added: 0x0000028f51d6b4e0
Event: 540.622 Thread 0x0000028f4f575d60 Thread added: 0x0000028f51d69aa0
Event: 540.625 Thread 0x0000028f4f575d60 Thread added: 0x0000028f51d68060
Event: 540.627 Thread 0x0000028f4f575d60 Thread added: 0x0000028f51d6bb70
Event: 540.630 Thread 0x0000028f4f575d60 Thread added: 0x0000028f51d6a130
Event: 540.635 Thread 0x0000028f4f575d60 Thread added: 0x0000028f51d68d80
Event: 656.023 Thread 0x0000028f5103d9d0 Thread exited: 0x0000028f5103d9d0
Event: 656.170 Thread 0x0000028f4f798730 Thread added: 0x0000028f51d6a7c0


Dynamic libraries:
0x00007ff6e5c40000 - 0x00007ff6e5c4a000 	C:\Program Files\Android\Android Studio1\jbr\bin\java.exe
0x00007ffe0e5c0000 - 0x00007ffe0e825000 	C:\WINDOWS\SYSTEM32\ntdll.dll
0x00007ffe0d9a0000 - 0x00007ffe0da69000 	C:\WINDOWS\System32\KERNEL32.DLL
0x00007ffe0bbf0000 - 0x00007ffe0bfd8000 	C:\WINDOWS\System32\KERNELBASE.dll
0x00007ffe0b7d0000 - 0x00007ffe0b91b000 	C:\WINDOWS\System32\ucrtbase.dll
0x00007ffdf2030000 - 0x00007ffdf2048000 	C:\Program Files\Android\Android Studio1\jbr\bin\jli.dll
0x00007ffe0dd70000 - 0x00007ffe0df3a000 	C:\WINDOWS\System32\USER32.dll
0x00007ffe0bfe0000 - 0x00007ffe0c007000 	C:\WINDOWS\System32\win32u.dll
0x00007ffe0e440000 - 0x00007ffe0e46b000 	C:\WINDOWS\System32\GDI32.dll
0x00007ffe0c190000 - 0x00007ffe0c2c7000 	C:\WINDOWS\System32\gdi32full.dll
0x00007ffe0bb40000 - 0x00007ffe0bbe3000 	C:\WINDOWS\System32\msvcp_win.dll
0x00007ffdf0fb0000 - 0x00007ffdf124a000 	C:\WINDOWS\WinSxS\amd64_microsoft.windows.common-controls_6595b64144ccf1df_6.0.26100.4202_none_3e0698d4e335f517\COMCTL32.dll
0x00007ffe0c590000 - 0x00007ffe0c639000 	C:\WINDOWS\System32\msvcrt.dll
0x00007ffd9da60000 - 0x00007ffd9da7b000 	C:\Program Files\Android\Android Studio1\jbr\bin\VCRUNTIME140.dll
0x00007ffe0df40000 - 0x00007ffe0df70000 	C:\WINDOWS\System32\IMM32.DLL
0x00007ffd9dd30000 - 0x00007ffd9dd3c000 	C:\Program Files\Android\Android Studio1\jbr\bin\vcruntime140_1.dll
0x00007ffdf01b0000 - 0x00007ffdf023d000 	C:\Program Files\Android\Android Studio1\jbr\bin\msvcp140.dll
0x00007ffd9b9f0000 - 0x00007ffd9c67b000 	C:\Program Files\Android\Android Studio1\jbr\bin\server\jvm.dll
0x00007ffe0cb40000 - 0x00007ffe0cbf3000 	C:\WINDOWS\System32\ADVAPI32.dll
0x00007ffe0e390000 - 0x00007ffe0e436000 	C:\WINDOWS\System32\sechost.dll
0x00007ffe0da70000 - 0x00007ffe0db85000 	C:\WINDOWS\System32\RPCRT4.dll
0x00007ffe0df80000 - 0x00007ffe0dff4000 	C:\WINDOWS\System32\WS2_32.dll
0x00007ffe0b560000 - 0x00007ffe0b5be000 	C:\WINDOWS\SYSTEM32\POWRPROF.dll
0x00007ffe04d00000 - 0x00007ffe04d35000 	C:\WINDOWS\SYSTEM32\WINMM.dll
0x00007ffe04de0000 - 0x00007ffe04deb000 	C:\WINDOWS\SYSTEM32\VERSION.dll
0x00007ffe0b540000 - 0x00007ffe0b554000 	C:\WINDOWS\SYSTEM32\UMPDC.dll
0x00007ffe0a430000 - 0x00007ffe0a44b000 	C:\WINDOWS\SYSTEM32\kernel.appcore.dll
0x00007ffd9da50000 - 0x00007ffd9da5a000 	C:\Program Files\Android\Android Studio1\jbr\bin\jimage.dll
0x00007ffe00700000 - 0x00007ffe00941000 	C:\WINDOWS\SYSTEM32\DBGHELP.DLL
0x00007ffe0e000000 - 0x00007ffe0e385000 	C:\WINDOWS\System32\combase.dll
0x00007ffe0c460000 - 0x00007ffe0c541000 	C:\WINDOWS\System32\OLEAUT32.dll
0x00007ffdec8c0000 - 0x00007ffdec8f9000 	C:\WINDOWS\SYSTEM32\dbgcore.DLL
0x00007ffe0baa0000 - 0x00007ffe0bb39000 	C:\WINDOWS\System32\bcryptPrimitives.dll
0x00007ffe06620000 - 0x00007ffe0662e000 	C:\Program Files\Android\Android Studio1\jbr\bin\instrument.dll
0x00007ffd9d380000 - 0x00007ffd9d3a0000 	C:\Program Files\Android\Android Studio1\jbr\bin\java.dll
0x00007ffd9d2c0000 - 0x00007ffd9d2d8000 	C:\Program Files\Android\Android Studio1\jbr\bin\zip.dll
0x00007ffe0d250000 - 0x00007ffe0d992000 	C:\WINDOWS\System32\SHELL32.dll
0x00007ffe0b920000 - 0x00007ffe0ba94000 	C:\WINDOWS\System32\wintypes.dll
0x00007ffe09360000 - 0x00007ffe09bb8000 	C:\WINDOWS\SYSTEM32\windows.storage.dll
0x00007ffe0c360000 - 0x00007ffe0c451000 	C:\WINDOWS\System32\SHCORE.dll
0x00007ffe0cad0000 - 0x00007ffe0cb3a000 	C:\WINDOWS\System32\shlwapi.dll
0x00007ffe0b620000 - 0x00007ffe0b64f000 	C:\WINDOWS\SYSTEM32\profapi.dll
0x00007ffd9d2b0000 - 0x00007ffd9d2c0000 	C:\Program Files\Android\Android Studio1\jbr\bin\net.dll
0x00007ffe01fd0000 - 0x00007ffe020ee000 	C:\WINDOWS\SYSTEM32\WINHTTP.dll
0x00007ffe0aa40000 - 0x00007ffe0aaaa000 	C:\WINDOWS\system32\mswsock.dll
0x00007ffd9d290000 - 0x00007ffd9d2a6000 	C:\Program Files\Android\Android Studio1\jbr\bin\nio.dll
0x00007ffe06790000 - 0x00007ffe067a0000 	C:\Program Files\Android\Android Studio1\jbr\bin\verify.dll
0x00007ffdc3d20000 - 0x00007ffdc3d47000 	C:\Users\natas\.gradle\native\c067742578af261105cb4f569cf0c3c89f3d7b1fecec35dd04571415982c5e48\windows-amd64\native-platform.dll
0x00007ffdcfc00000 - 0x00007ffdcfd44000 	C:\Users\natas\.gradle\native\100fb08df4bc3b14c8652ba06237920a3bd2aa13389f12d3474272988ae205f9\windows-amd64\native-platform-file-events.dll
0x00007ffdc9d20000 - 0x00007ffdc9d29000 	C:\Program Files\Android\Android Studio1\jbr\bin\management.dll
0x00007ffdc9d10000 - 0x00007ffdc9d1b000 	C:\Program Files\Android\Android Studio1\jbr\bin\management_ext.dll
0x00007ffe0e570000 - 0x00007ffe0e578000 	C:\WINDOWS\System32\PSAPI.DLL
0x00007ffe0acf0000 - 0x00007ffe0ad0b000 	C:\WINDOWS\SYSTEM32\CRYPTSP.dll
0x00007ffe0a450000 - 0x00007ffe0a48a000 	C:\WINDOWS\system32\rsaenh.dll
0x00007ffe0aae0000 - 0x00007ffe0ab0b000 	C:\WINDOWS\SYSTEM32\USERENV.dll
0x00007ffe0b5f0000 - 0x00007ffe0b616000 	C:\WINDOWS\SYSTEM32\bcrypt.dll
0x00007ffe0ad10000 - 0x00007ffe0ad1c000 	C:\WINDOWS\SYSTEM32\CRYPTBASE.dll
0x00007ffe09ec0000 - 0x00007ffe09ef3000 	C:\WINDOWS\SYSTEM32\IPHLPAPI.DLL
0x00007ffe0dd40000 - 0x00007ffe0dd4a000 	C:\WINDOWS\System32\NSI.dll
0x00007ffdc9d50000 - 0x00007ffdc9d59000 	C:\Program Files\Android\Android Studio1\jbr\bin\extnet.dll
0x00007ffdcad70000 - 0x00007ffdcad78000 	C:\WINDOWS\system32\wshunix.dll

dbghelp: loaded successfully - version: 4.0.5 - missing functions: none
symbol engine: initialized successfully - sym options: 0x614 - pdb path: .;C:\Program Files\Android\Android Studio1\jbr\bin;C:\WINDOWS\SYSTEM32;C:\WINDOWS\WinSxS\amd64_microsoft.windows.common-controls_6595b64144ccf1df_6.0.26100.4202_none_3e0698d4e335f517;C:\Program Files\Android\Android Studio1\jbr\bin\server;C:\Users\natas\.gradle\native\c067742578af261105cb4f569cf0c3c89f3d7b1fecec35dd04571415982c5e48\windows-amd64;C:\Users\natas\.gradle\native\100fb08df4bc3b14c8652ba06237920a3bd2aa13389f12d3474272988ae205f9\windows-amd64

VM Arguments:
jvm_args: --add-opens=java.base/java.lang=ALL-UNNAMED --add-opens=java.base/java.lang.invoke=ALL-UNNAMED --add-opens=java.base/java.util=ALL-UNNAMED --add-opens=java.prefs/java.util.prefs=ALL-UNNAMED --add-exports=jdk.compiler/com.sun.tools.javac.api=ALL-UNNAMED --add-exports=jdk.compiler/com.sun.tools.javac.util=ALL-UNNAMED --add-opens=java.base/java.util=ALL-UNNAMED --add-opens=java.prefs/java.util.prefs=ALL-UNNAMED --add-opens=java.base/java.nio.charset=ALL-UNNAMED --add-opens=java.base/java.net=ALL-UNNAMED --add-opens=java.base/java.util.concurrent.atomic=ALL-UNNAMED --add-opens=java.xml/javax.xml.namespace=ALL-UNNAMED -Xmx2048m -Dfile.encoding=UTF-8 -Duser.country=GB -Duser.language=en -Duser.variant -javaagent:C:\Users\natas\.gradle\wrapper\dists\gradle-8.11.1-bin\bpt9gzteqjrbo1mjrsomdt32c\gradle-8.11.1\lib\agents\gradle-instrumentation-agent-8.11.1.jar 
java_command: org.gradle.launcher.daemon.bootstrap.GradleDaemon 8.11.1
java_class_path (initial): C:\Users\natas\.gradle\wrapper\dists\gradle-8.11.1-bin\bpt9gzteqjrbo1mjrsomdt32c\gradle-8.11.1\lib\gradle-daemon-main-8.11.1.jar
Launcher Type: SUN_STANDARD

[Global flags]
     intx CICompilerCount                          = 4                                         {product} {ergonomic}
     uint ConcGCThreads                            = 3                                         {product} {ergonomic}
     uint G1ConcRefinementThreads                  = 10                                        {product} {ergonomic}
   size_t G1HeapRegionSize                         = 1048576                                   {product} {ergonomic}
    uintx GCDrainStackTargetSize                   = 64                                        {product} {ergonomic}
   size_t InitialHeapSize                          = 123731968                                 {product} {ergonomic}
   size_t MarkStackSize                            = 4194304                                   {product} {ergonomic}
   size_t MaxHeapSize                              = 2147483648                                {product} {command line}
   size_t MaxNewSize                               = 1287651328                                {product} {ergonomic}
   size_t MinHeapDeltaBytes                        = 1048576                                   {product} {ergonomic}
   size_t MinHeapSize                              = 8388608                                   {product} {ergonomic}
    uintx NonNMethodCodeHeapSize                   = 5839372                                {pd product} {ergonomic}
    uintx NonProfiledCodeHeapSize                  = 122909434                              {pd product} {ergonomic}
    uintx ProfiledCodeHeapSize                     = 122909434                              {pd product} {ergonomic}
    uintx ReservedCodeCacheSize                    = 251658240                              {pd product} {ergonomic}
     bool SegmentedCodeCache                       = true                                      {product} {ergonomic}
   size_t SoftMaxHeapSize                          = 2147483648                             {manageable} {ergonomic}
     bool UseCompressedOops                        = true                           {product lp64_product} {ergonomic}
     bool UseG1GC                                  = true                                      {product} {ergonomic}
     bool UseLargePagesIndividualAllocation        = false                                  {pd product} {ergonomic}

Logging:
Log output configuration:
 #0: stdout all=warning uptime,level,tags foldmultilines=false
 #1: stderr all=off uptime,level,tags foldmultilines=false

Environment Variables:
JAVA_HOME=C:\Program Files\Java\jdk-20
PATH=C:\Program Files\Eclipse Adoptium\jdk-17.0.8.101-hotspot\bin;C:\Program Files\Common Files\Oracle\Java\javapath;C:\Program Files (x86)\VMware\VMware Workstation\bin\;C:\windows\system32;C:\windows;C:\windows\System32\Wbem;C:\windows\System32\WindowsPowerShell\v1.0\;C:\windows\System32\OpenSSH\;C:\Program Files\HP\HP One Agent;C:\Program Files\PuTTY\;C:\Program Files\Git\cmd;C:\Program Files\nodejs\;C:\WINDOWS\system32;C:\WINDOWS;C:\WINDOWS\System32\Wbem;C:\WINDOWS\System32\WindowsPowerShell\v1.0\;C:\WINDOWS\System32\OpenSSH\;C:\Program Files (x86)\Windows Kits\10\Windows Performance Toolkit\;C:\Users\natas\AppData\Local\Programs\Python\Python311\Scripts\;C:\Users\natas\AppData\Local\Programs\Python\Python311\;C:\Users\natas\AppData\Local\Microsoft\WindowsApps;C:\Users\natas\OneDrive\Desktop\PyCharm Community Edition 2023.1.1\bin;;C:\Program Files\Java\jdk-20\bin;C:\Users\natas\AppData\Local\Programs\Microsoft VS Code\bin;N:\xampp2\php;C:\Users\natas\AppData\Roaming\npm;C:\Program Files (x86)\Nmap;C:\Users\natas\AppData\Local\Programs\Swift\Runtimes\6.0.3\usr\bin\;C:\Users\natas\AppData\Local\Programs\Swift\Toolchains\6.0.3+Asserts\usr\bin\;C:\Users\natas\AppData\Local\Programs\Swift\Tools\6.0.3\;C:\Swift\bin\Swift for Windows.exe;;C:\Program Files\JetBrains\IntelliJ IDEA 2024.3.5\bin;
USERNAME=penzi
OS=Windows_NT
PROCESSOR_IDENTIFIER=AMD64 Family 25 Model 80 Stepping 0, AuthenticAMD
TMP=C:\Users\natas\AppData\Local\Temp
TEMP=C:\Users\natas\AppData\Local\Temp




Periodic native trim disabled

JNI global refs:
JNI global refs: 26, weak refs: 1

JNI global refs memory usage: 835, weak refs: 833

Process memory usage:
Resident Set Size: 24448K (0% of 7711748K total physical memory with 5972K free physical memory)

OOME stack traces (most recent first):
Classloader memory used:
Loader org.gradle.internal.classloader.VisitableURLClassLoader                         : 35293K
Loader bootstrap                                                                       : 23218K
Loader org.gradle.initialization.MixInLegacyTypesClassLoader                           : 9008K
Loader org.gradle.internal.classloader.VisitableURLClassLoader                         : 904K
Loader org.gradle.internal.classloader.VisitableURLClassLoader$InstrumentingVisitableURLClassLoader: 718K
Loader jdk.internal.loader.ClassLoaders$PlatformClassLoader                            : 526K
Loader jdk.internal.loader.ClassLoaders$AppClassLoader                                 : 234K
Loader jdk.internal.reflect.DelegatingClassLoader                                      : 214K
Loader org.gradle.groovy.scripts.internal.DefaultScriptCompilationHandler$ScriptClassLoader: 89056B
Loader org.codehaus.groovy.runtime.callsite.CallSiteClassLoader                        : 48696B

Classes loaded by more than one classloader:
Class org.gradle.api.GradleException                                                  : loaded 3 times (x 78B)
Class org.gradle.internal.classloader.FilteringClassLoader                            : loaded 2 times (x 101B)
Class org.gradle.internal.classloader.ClassLoaderHierarchy                            : loaded 2 times (x 66B)
Class org.gradle.api.internal.classpath.ManifestUtil                                  : loaded 2 times (x 67B)
Class org.jetbrains.plugins.gradle.model.GradleExtensions                             : loaded 2 times (x 66B)
Class org.jetbrains.plugins.gradle.model.AnnotationProcessingModel                    : loaded 2 times (x 66B)
Class org.gradle.internal.operations.MultipleBuildOperationFailures                   : loaded 2 times (x 91B)
Class org.jetbrains.kotlin.idea.gradleTooling.model.noarg.NoArgModel                  : loaded 2 times (x 66B)
Class org.gradle.internal.classloader.DefaultClassLoaderFactory                       : loaded 2 times (x 78B)
Class kotlin.collections.AbstractList$Companion                                       : loaded 2 times (x 67B)
Class org.gradle.internal.classloader.ClassLoaderVisitor                              : loaded 2 times (x 72B)
Class org.gradle.api.internal.classpath.EffectiveClassPath                            : loaded 2 times (x 86B)
Class org.gradle.tooling.internal.gradle.DefaultProjectIdentifier                     : loaded 2 times (x 82B)
Class org.jetbrains.kotlin.idea.gradleTooling.model.allopen.AllOpenModel              : loaded 2 times (x 66B)
Class org.gradle.api.internal.DefaultClassPathProvider                                : loaded 2 times (x 72B)
Class [Lorg.gradle.api.internal.ClassPathProvider;                                    : loaded 2 times (x 65B)
Class org.gradle.api.internal.ClassPathProvider                                       : loaded 2 times (x 66B)
Class org.gradle.internal.service.UnknownServiceException                             : loaded 2 times (x 79B)
Class org.jetbrains.kotlin.idea.gradleTooling.KotlinDslScriptAdditionalTask           : loaded 2 times (x 66B)
Class org.gradle.internal.classpath.TransformedClassPath                              : loaded 2 times (x 92B)
Class org.gradle.internal.classloader.InstrumentingClassLoader                        : loaded 2 times (x 66B)
Class kotlin.enums.EnumEntriesList                                                    : loaded 2 times (x 219B)
Class org.jetbrains.kotlin.idea.gradleTooling.KotlinSourceSetContainer                : loaded 2 times (x 66B)
Class org.jetbrains.plugins.gradle.model.IntelliJSettings                             : loaded 2 times (x 66B)
Class ijInit2_75ii1zzq7xcvcfnpzrcvcniuu                                               : loaded 2 times (x 175B)
Class org.gradle.internal.service.ServiceLocator                                      : loaded 2 times (x 66B)
Class org.jetbrains.kotlin.android.synthetic.idea.AndroidExtensionsGradleModel        : loaded 2 times (x 66B)
Class org.gradle.tooling.model.UnsupportedMethodException                             : loaded 2 times (x 78B)
Class org.gradle.internal.InternalTransformer                                         : loaded 2 times (x 66B)
Class org.gradle.internal.time.DefaultTimer                                           : loaded 2 times (x 76B)
Class org.gradle.internal.classloader.ClasspathUtil$1                                 : loaded 2 times (x 72B)
Class org.gradle.api.internal.classpath.DefaultModuleRegistry$DefaultModule           : loaded 2 times (x 82B)
Class org.jetbrains.kotlin.idea.gradleTooling.model.lombok.LombokModel                : loaded 2 times (x 66B)
Class org.gradle.internal.time.DefaultCountdownTimer                                  : loaded 2 times (x 84B)
Class org.gradle.tooling.internal.gradle.DefaultBuildIdentifier                       : loaded 2 times (x 75B)
Class kotlin.Function                                                                 : loaded 2 times (x 66B)
Class org.gradle.api.internal.classpath.Module                                        : loaded 2 times (x 66B)
Class org.gradle.api.internal.classpath.UnknownModuleException                        : loaded 2 times (x 78B)
Class com.intellij.openapi.externalSystem.model.project.dependencies.ProjectDependencies: loaded 2 times (x 66B)
Class org.gradle.tooling.internal.gradle.GradleProjectIdentity                        : loaded 2 times (x 66B)
Class org.gradle.api.internal.DefaultClassPathRegistry                                : loaded 2 times (x 72B)
Class org.gradle.api.internal.ClassPathRegistry                                       : loaded 2 times (x 66B)
Class org.gradle.internal.classpath.DefaultClassPath$ImmutableUniqueList              : loaded 2 times (x 195B)
Class Settings_gradle$1                                                               : loaded 2 times (x 70B)
Class Program                                                                         : loaded 2 times (x 68B)
Class org.gradle.internal.classpath.ClassPath                                         : loaded 2 times (x 66B)
Class org.gradle.api.UncheckedIOException                                             : loaded 2 times (x 78B)
Class org.jetbrains.kotlin.idea.gradleTooling.KotlinGradleModel                       : loaded 2 times (x 66B)
Class org.gradle.tooling.model.Model                                                  : loaded 2 times (x 66B)
Class kotlin.UninitializedPropertyAccessException                                     : loaded 2 times (x 78B)
Class org.jetbrains.kotlin.idea.gradleTooling.model.annotation.AnnotationBasedPluginModel: loaded 2 times (x 66B)
Class org.jetbrains.plugins.gradle.model.IntelliJProjectSettings                      : loaded 2 times (x 66B)
Class org.gradle.internal.installation.GradleInstallation$1                           : loaded 2 times (x 71B)
Class org.gradle.api.internal.classpath.ModuleRegistry                                : loaded 2 times (x 66B)
Class org.jetbrains.plugins.gradle.model.VersionCatalogsModel                         : loaded 2 times (x 66B)
Class org.gradle.api.internal.classpath.DefaultModuleRegistry                         : loaded 2 times (x 82B)
Class org.gradle.internal.time.MonotonicClock                                         : loaded 2 times (x 73B)
Class org.gradle.internal.service.ServiceLookupException                              : loaded 2 times (x 78B)
Class org.gradle.internal.classloader.ClassLoaderFactory                              : loaded 2 times (x 66B)
Class org.gradle.internal.service.CachingServiceLocator                               : loaded 2 times (x 78B)
Class org.jetbrains.plugins.gradle.model.RepositoryModels                             : loaded 2 times (x 66B)
Class org.gradle.internal.time.TimeSource                                             : loaded 2 times (x 66B)
Class org.gradle.tooling.internal.gradle.GradleBuildIdentity                          : loaded 2 times (x 66B)
Class kotlin.enums.EnumEntries                                                        : loaded 2 times (x 66B)
Class org.gradle.internal.exceptions.ResolutionProvider                               : loaded 2 times (x 66B)
Class org.gradle.tooling.model.ProjectIdentifier                                      : loaded 2 times (x 66B)
Class org.gradle.internal.classloader.ClasspathUtil                                   : loaded 2 times (x 67B)
Class org.gradle.internal.time.TimeSource$1                                           : loaded 2 times (x 73B)
Class kotlin.jvm.internal.DefaultConstructorMarker                                    : loaded 2 times (x 67B)
Class org.gradle.api.specs.Spec                                                       : loaded 2 times (x 66B)
Class sync_studio_tooling491_649yop2wujmq3fujs72166qpf                                : loaded 2 times (x 175B)
Class org.gradle.internal.time.Clock                                                  : loaded 2 times (x 66B)
Class kotlin.collections.AbstractList                                                 : loaded 2 times (x 193B)
Class kotlin.collections.AbstractCollection                                           : loaded 2 times (x 113B)
Class org.gradle.internal.classloader.VisitableURLClassLoader$InstrumentingVisitableURLClassLoader: loaded 2 times (x 119B)
Class org.gradle.internal.classloader.VisitableURLClassLoader$Spec                    : loaded 2 times (x 70B)
Class org.gradle.internal.classpath.DefaultClassPath                                  : loaded 2 times (x 86B)
Class org.gradle.internal.classloader.ClassLoaderSpec                                 : loaded 2 times (x 67B)
Class Settings_gradle$1$1                                                             : loaded 2 times (x 70B)
Class kotlin.Unit                                                                     : loaded 2 times (x 67B)
Class org.gradle.internal.classloader.VisitableURLClassLoader                         : loaded 2 times (x 113B)
Class Settings_gradle                                                                 : loaded 2 times (x 124B)
Class org.gradle.internal.Cast                                                        : loaded 2 times (x 67B)
Class org.gradle.api.Action                                                           : loaded 2 times (x 66B)
Class kotlin.jvm.functions.Function1                                                  : loaded 2 times (x 66B)
Class org.gradle.internal.classpath.DefaultClassPath$ImmutableUniqueList$Builder      : loaded 2 times (x 71B)
Class org.jetbrains.kotlin.idea.gradleTooling.model.samWithReceiver.SamWithReceiverModel: loaded 2 times (x 66B)
Class kotlin.NotImplementedError                                                      : loaded 2 times (x 78B)
Class org.gradle.internal.exceptions.NonGradleCauseExceptionsHolder                   : loaded 2 times (x 66B)
Class org.jetbrains.plugins.gradle.tooling.ModelBuilderService$Parameter              : loaded 2 times (x 66B)
Class org.jetbrains.kotlin.idea.gradleTooling.model.assignment.AssignmentModel        : loaded 2 times (x 66B)
Class kotlin.enums.EnumEntriesKt                                                      : loaded 2 times (x 67B)
Class org.gradle.internal.IoActions                                                   : loaded 2 times (x 67B)
Class org.gradle.internal.classloader.SystemClassLoaderSpec                           : loaded 2 times (x 67B)
Class org.gradle.internal.exceptions.MultiCauseException                              : loaded 2 times (x 66B)
Class org.gradle.internal.time.CountdownTimer                                         : loaded 2 times (x 66B)
Class kotlin.jvm.internal.Intrinsics                                                  : loaded 2 times (x 67B)
Class org.jetbrains.kotlin.idea.gradleTooling.model.parcelize.ParcelizeGradleModel    : loaded 2 times (x 66B)
Class org.gradle.tooling.model.ProjectModel                                           : loaded 2 times (x 66B)
Class kotlin.KotlinNullPointerException                                               : loaded 2 times (x 79B)
Class org.jetbrains.plugins.gradle.model.tests.ExternalTestsModel                     : loaded 2 times (x 66B)
Class org.gradle.internal.exceptions.DefaultMultiCauseException                       : loaded 2 times (x 91B)
Class org.gradle.internal.time.Time                                                   : loaded 2 times (x 67B)
Class org.jetbrains.plugins.gradle.model.DependencyAccessorsModel                     : loaded 2 times (x 66B)
Class org.gradle.api.internal.classpath.GlobalCacheRootsProvider                      : loaded 2 times (x 66B)
Class org.jetbrains.kotlin.idea.gradleTooling.KotlinMPPGradleModel                    : loaded 2 times (x 66B)
Class org.gradle.tooling.model.BuildIdentifier                                        : loaded 2 times (x 66B)
Class org.jetbrains.kotlin.idea.gradleTooling.PrepareKotlinIdeImportTaskModel         : loaded 2 times (x 66B)
Class org.gradle.internal.time.Timer                                                  : loaded 2 times (x 66B)
Class kotlin.jvm.internal.markers.KMappedMarker                                       : loaded 2 times (x 66B)
Class org.gradle.internal.installation.CurrentGradleInstallationLocator               : loaded 2 times (x 67B)
Class org.gradle.internal.service.DefaultServiceLocator                               : loaded 2 times (x 79B)
Class org.gradle.util.GradleVersion                                                   : loaded 2 times (x 79B)
Class org.gradle.internal.installation.CurrentGradleInstallation                      : loaded 2 times (x 69B)
Class org.jetbrains.plugins.gradle.javaModel.JavaGradleManifestModel                  : loaded 2 times (x 66B)
Class org.gradle.util.internal.GUtil                                                  : loaded 2 times (x 67B)
Class org.gradle.internal.installation.GradleInstallation                             : loaded 2 times (x 71B)

---------------  S Y S T E M  ---------------

OS:
 Windows 11 , 64 bit Build 26100 (10.0.26100.4202)
OS uptime: 4 days 1:57 hours
Hyper-V role detected

CPU: total 12 (initial active 12) (12 cores per cpu, 2 threads per core) family 25 model 80 stepping 0 microcode 0xa50000f, cx8, cmov, fxsr, ht, mmx, 3dnowpref, sse, sse2, sse3, ssse3, sse4a, sse4.1, sse4.2, popcnt, lzcnt, tsc, tscinvbit, avx, avx2, aes, erms, clmul, bmi1, bmi2, adx, sha, fma, vzeroupper, clflush, clflushopt, hv, rdtscp, rdpid, fsrm, f16c, cet_ss
Processor Information for the first 12 processors :
  Max Mhz: 2301, Current Mhz: 1851, Mhz Limit: 2301

Memory: 4k page, system-wide physical 7531M (0M free)
TotalPageFile size 31083M (AvailPageFile size 0M)
current process WorkingSet (physical memory assigned to process): 39M, peak: 129M
current process commit charge ("private bytes"): 467M, peak: 483M

vm_info: OpenJDK 64-Bit Server VM (21.0.6+-13368085-b895.109) for windows-amd64 JRE (21.0.6+-13368085-b895.109), built on 2025-04-16T17:01:31Z by "builder" with MS VC++ 16.10 / 16.11 (VS2019)

END.
